Season,SeasonStage,GameID,GameDate,HomeTeam,HomeID,AwayTeam,AwayID,event,Period,time,seconds,HomeScore,AwayScore,HomePlayerFO,AwayPlayerFO,xLocation,yLocation,homeWin,ScoreState,Shooter,Goalie,shooterTeamId,isGoal,shotQuality,shotType
20252026,Regular,210,,Minnesota,2,Toronto,6,shot,1,2:48,168,0,0,,,135,209,,0,102,211,2,FALSE,Quality on net,Wrist
20252026,Regular,210,,Minnesota,2,Toronto,6,shot,1,4:00,240,0,0,,,59,140,,0,20,211,2,TRUE,Quality goal,Tip
20252026,Regular,210,,Minnesota,2,Toronto,6,shot,1,6:17,377,1,0,,,153,105,,1,21,211,2,FALSE,Non quality on net,Default
20252026,Regular,210,,Minnesota,2,Toronto,6,shot,1,6:38,398,1,0,,,561,188,,-1,317,123,6,FALSE,Non quality on net,Snap
20252026,Regular,210,,Minnesota,2,Toronto,6,shot,1,7:21,441,1,0,,,457,147,,-1,65,123,6,FALSE,Quality on net,Backhand
20252026,Regular,210,,Minnesota,2,Toronto,6,shot,1,7:55,475,1,0,,,380,97,,-1,44,123,6,FALSE,Non quality on net,Slap
20252026,Regular,210,,Minnesota,2,Toronto,6,shot,1,9:28,568,1,0,,,332,280,,-1,100,123,6,FALSE,Non quality on net,Wrist
20252026,Regular,210,,Minnesota,2,Toronto,6,shot,1,10:21,621,1,0,,,189,267,,1,24,211,2,FALSE,Non quality on net,Default
20252026,Regular,210,,Minnesota,2,Toronto,6,shot,1,10:42,642,1,0,,,88,117,,1,191,211,2,FALSE,Quality on net,Snap
20252026,Regular,210,,Minnesota,2,Toronto,6,shot,1,12:11,731,1,0,,,132,249,,1,236,211,2,FALSE,Non quality on net,Default
20252026,Regular,210,,Minnesota,2,Toronto,6,shot,1,12:15,735,1,0,,,51,192,,1,236,211,2,FALSE,Non quality on net,Default
20252026,Regular,210,,Minnesota,2,Toronto,6,shot,1,15:35,935,1,0,,,558,45,,-1,313,123,6,FALSE,Non quality on net,Wrist
20252026,Regular,210,,Minnesota,2,Toronto,6,penaltyshot,1,15:49,949,1,0,,,,,,1,23,211,2,FALSE,,
20252026,Regular,210,,Minnesota,2,Toronto,6,shot,1,15:53,953,1,0,,,111,149,,1,247,211,2,FALSE,Quality on net,Tip
20252026,Regular,210,,Minnesota,2,Toronto,6,shot,1,16:50,1010,1,0,,,189,51,,1,167,211,2,FALSE,Non quality on net,Default
20252026,Regular,210,,Minnesota,2,Toronto,6,shot,1,17:05,1025,1,0,,,552,195,,-1,44,123,6,TRUE,Non quality goal,Backhand
20252026,Regular,210,,Minnesota,2,Toronto,6,shot,1,19:59,1199,1,1,,,123,219,,0,24,211,2,FALSE,Quality on net,Default
20252026,Regular,210,,Minnesota,2,Toronto,6,shot,2,0:45,1245,1,1,,,51,135,,0,21,211,2,FALSE,Quality on net,Wrist
20252026,Regular,210,,Minnesota,2,Toronto,6,shot,2,1:39,1299,1,1,,,515,99,,0,100,123,6,FALSE,Quality on net,Snap
20252026,Regular,210,,Minnesota,2,Toronto,6,shot,2,2:49,1369,1,1,,,555,96,,0,56,123,6,FALSE,Non quality on net,Wrist
20252026,Regular,210,,Minnesota,2,Toronto,6,shot,2,3:10,1390,1,1,,,405,149,,0,132,123,6,FALSE,Non quality on net,Slap
20252026,Regular,210,,Minnesota,2,Toronto,6,shot,2,3:44,1424,1,1,,,555,132,,0,100,123,6,FALSE,Quality on net,Tip
20252026,Regular,210,,Minnesota,2,Toronto,6,shot,2,8:04,1684,1,1,,,537,156,,0,86,123,6,FALSE,Quality on net,Tip
20252026,Regular,210,,Minnesota,2,Toronto,6,shot,2,8:45,1725,1,1,,,563,228,,0,100,123,6,FALSE,Non quality on net,Wrist
20252026,Regular,210,,Minnesota,2,Toronto,6,shot,2,10:16,1816,1,1,,,79,182,,0,190,211,2,FALSE,Quality on net,Snap
20252026,Regular,210,,Minnesota,2,Toronto,6,shot,2,11:21,1881,1,1,,,142,245,,0,25,211,2,FALSE,Non quality on net,Slap
20252026,Regular,210,,Minnesota,2,Toronto,6,shot,2,11:22,1882,1,1,,,75,142,,0,195,211,2,FALSE,Quality on net,Snap
20252026,Regular,210,,Minnesota,2,Toronto,6,shot,2,13:09,1989,1,1,,,39,130,,0,263,211,2,FALSE,Non quality on net,Wrist
20252026,Regular,210,,Minnesota,2,Toronto,6,shot,2,14:11,2051,1,1,,,546,261,,0,65,123,6,FALSE,Non quality on net,Wrist
20252026,Regular,210,,Minnesota,2,Toronto,6,shot,2,15:17,2117,1,1,,,67,219,,0,247,211,2,FALSE,Non quality on net,Wrist
20252026,Regular,210,,Minnesota,2,Toronto,6,shot,2,15:39,2139,1,1,,,68,140,,0,247,211,2,FALSE,Quality on net,Snap
20252026,Regular,210,,Minnesota,2,Toronto,6,shot,2,19:01,2341,1,1,,,162,189,,0,24,211,2,FALSE,Non quality on net,Wrist
20252026,Regular,210,,Minnesota,2,Toronto,6,shot,2,19:59,2399,1,1,,,532,189,,0,100,123,6,FALSE,Quality on net,Wrist
20252026,Regular,210,,Minnesota,2,Toronto,6,shot,3,0:21,2421,1,1,,,145,78,,0,21,211,2,FALSE,Non quality on net,Wrist
20252026,Regular,210,,Minnesota,2,Toronto,6,shot,3,1:57,2517,1,1,,,161,27,,0,90,211,2,FALSE,Non quality on net,Wrist
20252026,Regular,210,,Minnesota,2,Toronto,6,shot,3,1:59,2519,1,1,,,59,144,,0,195,211,2,FALSE,Quality on net,Wrist
20252026,Regular,210,,Minnesota,2,Toronto,6,shot,3,2:39,2559,1,1,,,455,257,,0,76,123,6,FALSE,Non quality on net,Wrist
20252026,Regular,210,,Minnesota,2,Toronto,6,shot,3,3:24,2604,1,1,,,162,57,,0,162,211,2,FALSE,Non quality on net,Wrist
20252026,Regular,210,,Minnesota,2,Toronto,6,shot,3,3:25,2605,1,1,,,40,135,,0,189,211,2,FALSE,Quality on net,Snap
20252026,Regular,210,,Minnesota,2,Toronto,6,shot,3,3:48,2628,1,1,,,195,126,,0,236,211,2,FALSE,Non quality on net,Wrist
20252026,Regular,210,,Minnesota,2,Toronto,6,shot,3,4:58,2698,1,1,,,81,201,,0,23,211,2,FALSE,Quality on net,Wrist
20252026,Regular,210,,Minnesota,2,Toronto,6,shot,3,5:22,2722,1,1,,,94,213,,0,189,211,2,FALSE,Quality on net,Snap
20252026,Regular,210,,Minnesota,2,Toronto,6,shot,3,5:44,2744,1,1,,,507,128,,0,317,123,6,TRUE,Quality goal,Snap
20252026,Regular,210,,Minnesota,2,Toronto,6,shot,3,8:06,2886,1,2,,,52,155,,-1,20,211,2,FALSE,Quality on net,Snap
20252026,Regular,210,,Minnesota,2,Toronto,6,shot,3,8:20,2900,1,2,,,478,178,,1,65,123,6,FALSE,Quality on net,Snap
20252026,Regular,210,,Minnesota,2,Toronto,6,shot,3,9:53,2993,1,2,,,506,143,,1,74,123,6,FALSE,Quality on net,Backhand
20252026,Regular,210,,Minnesota,2,Toronto,6,shot,3,14:26,3266,1,2,,,184,273,,-1,189,211,2,FALSE,Non quality on net,Wrist
20252026,Regular,210,,Minnesota,2,Toronto,6,shot,3,16:03,3363,1,2,,,467,81,,1,63,123,6,FALSE,Quality on net,Snap
20252026,Regular,210,,Minnesota,2,Toronto,6,shot,3,19:28,3568,1,2,,,81,111,,-1,195,211,2,FALSE,Quality on net,Tip
20252026,Regular,210,,Minnesota,2,Toronto,6,shot,3,19:43,3583,1,2,,,198,147,,-1,167,211,2,FALSE,Non quality on net,Wrist
20252026,Regular,211,,Vancouver,9,Seattle,8,shot,1,1:23,83,0,0,,,50,129,,0,75,155,9,FALSE,Quality on net,Backhand
20252026,Regular,211,,Vancouver,9,Seattle,8,shot,1,5:00,300,0,0,,,531,91,,0,34,59,8,FALSE,Non quality on net,Slap
20252026,Regular,211,,Vancouver,9,Seattle,8,shot,1,5:32,332,0,0,,,41,116,,0,161,155,9,FALSE,Non quality on net,Wrist
20252026,Regular,211,,Vancouver,9,Seattle,8,shot,1,5:44,344,0,0,,,65,139,,0,114,155,9,FALSE,Quality on net,Wrist
20252026,Regular,211,,Vancouver,9,Seattle,8,shot,1,5:45,345,0,0,,,56,111,,0,114,155,9,FALSE,Non quality on net,Wrist
20252026,Regular,211,,Vancouver,9,Seattle,8,shot,1,7:57,477,0,0,,,170,66,,0,11,155,9,FALSE,Non quality on net,Wrist
20252026,Regular,211,,Vancouver,9,Seattle,8,shot,1,7:57,477,0,0,,,124,81,,0,11,155,9,FALSE,Quality on net,Wrist
20252026,Regular,211,,Vancouver,9,Seattle,8,shot,1,8:15,495,0,0,,,149,65,,0,11,155,9,FALSE,Non quality on net,Wrist
20252026,Regular,211,,Vancouver,9,Seattle,8,shot,1,8:22,502,0,0,,,105,166,,0,75,155,9,FALSE,Quality on net,Wrist
20252026,Regular,211,,Vancouver,9,Seattle,8,shot,1,9:25,565,0,0,,,423,87,,0,224,59,8,FALSE,Non quality on net,Wrist
20252026,Regular,211,,Vancouver,9,Seattle,8,shot,1,10:58,658,0,0,,,527,147,,0,138,59,8,FALSE,Quality on net,Backhand
20252026,Regular,211,,Vancouver,9,Seattle,8,shot,1,11:12,672,0,0,,,538,140,,0,49,59,8,FALSE,Quality on net,Wrist
20252026,Regular,211,,Vancouver,9,Seattle,8,shot,1,11:23,683,0,0,,,383,281,,0,34,59,8,FALSE,Non quality on net,Slap
20252026,Regular,211,,Vancouver,9,Seattle,8,shot,1,11:52,712,0,0,,,59,152,,0,114,155,9,FALSE,Quality on net,Wrist
20252026,Regular,211,,Vancouver,9,Seattle,8,shot,1,12:35,755,0,0,,,554,161,,0,36,59,8,FALSE,Quality on net,Tip
20252026,Regular,211,,Vancouver,9,Seattle,8,shot,1,14:37,877,0,0,,,390,19,,0,203,59,8,FALSE,Non quality on net,Wrist
20252026,Regular,211,,Vancouver,9,Seattle,8,shot,1,14:38,878,0,0,,,551,138,,0,210,59,8,FALSE,Quality on net,Wrist
20252026,Regular,211,,Vancouver,9,Seattle,8,shot,1,14:40,880,0,0,,,552,144,,0,210,59,8,TRUE,Quality goal,Default
20252026,Regular,211,,Vancouver,9,Seattle,8,shot,1,17:05,1025,0,1,,,41,184,,-1,11,155,9,FALSE,Non quality on net,Wrist
20252026,Regular,211,,Vancouver,9,Seattle,8,shot,1,17:07,1027,0,1,,,48,159,,-1,209,155,9,FALSE,Quality on net,Wrist
20252026,Regular,211,,Vancouver,9,Seattle,8,shot,1,17:41,1061,0,1,,,102,126,,-1,75,155,9,TRUE,Quality goal,Wrist
20252026,Regular,211,,Vancouver,9,Seattle,8,shot,1,18:18,1098,1,1,,,472,202,,0,224,59,8,FALSE,Quality on net,Wrist
20252026,Regular,211,,Vancouver,9,Seattle,8,shot,1,19:04,1144,1,1,,,459,79,,0,210,59,8,TRUE,Quality goal,Wrist
20252026,Regular,211,,Vancouver,9,Seattle,8,shot,2,0:06,1206,1,2,,,363,126,,1,138,59,8,FALSE,Non quality on net,Wrist
20252026,Regular,211,,Vancouver,9,Seattle,8,shot,2,0:51,1251,1,2,,,45,98,,-1,114,155,9,FALSE,Non quality on net,Wrist
20252026,Regular,211,,Vancouver,9,Seattle,8,shot,2,2:17,1337,1,2,,,465,149,,1,62,59,8,FALSE,Quality on net,Wrist
20252026,Regular,211,,Vancouver,9,Seattle,8,shot,2,2:53,1373,1,2,,,196,152,,-1,75,155,9,FALSE,Non quality on net,Slap
20252026,Regular,211,,Vancouver,9,Seattle,8,shot,2,4:21,1461,1,2,,,39,171,,-1,114,155,9,FALSE,Non quality on net,Backhand
20252026,Regular,211,,Vancouver,9,Seattle,8,shot,2,7:32,1652,1,2,,,170,183,,-1,89,155,9,FALSE,Non quality on net,Wrist
20252026,Regular,211,,Vancouver,9,Seattle,8,shot,2,7:55,1675,1,2,,,131,159,,-1,89,155,9,FALSE,Quality on net,Wrist
20252026,Regular,211,,Vancouver,9,Seattle,8,shot,2,8:30,1710,1,2,,,504,105,,1,99,59,8,FALSE,Quality on net,Default
20252026,Regular,211,,Vancouver,9,Seattle,8,shot,2,9:06,1746,1,2,,,549,160,,1,210,59,8,FALSE,Quality on net,Backhand
20252026,Regular,211,,Vancouver,9,Seattle,8,shot,2,9:07,1747,1,2,,,547,151,,1,210,59,8,FALSE,Quality on net,Backhand
20252026,Regular,211,,Vancouver,9,Seattle,8,shot,2,10:04,1804,1,2,,,181,71,,-1,198,155,9,FALSE,Non quality on net,Wrist
20252026,Regular,211,,Vancouver,9,Seattle,8,shot,2,10:34,1834,1,2,,,56,157,,-1,198,155,9,FALSE,Quality on net,Wrist
20252026,Regular,211,,Vancouver,9,Seattle,8,shot,2,12:34,1954,1,2,,,159,75,,-1,114,155,9,FALSE,Non quality on net,Slap
20252026,Regular,211,,Vancouver,9,Seattle,8,shot,2,13:55,2035,1,2,,,360,46,,1,2,59,8,FALSE,Non quality on net,Wrist
20252026,Regular,211,,Vancouver,9,Seattle,8,shot,2,15:13,2113,1,2,,,406,274,,1,2,59,8,FALSE,Non quality on net,Wrist
20252026,Regular,211,,Vancouver,9,Seattle,8,shot,2,16:09,2169,1,2,,,549,172,,1,36,59,8,FALSE,Quality on net,Backhand
20252026,Regular,211,,Vancouver,9,Seattle,8,shot,3,0:59,2459,1,2,,,95,165,,-1,227,155,9,TRUE,Quality goal,Wrist
20252026,Regular,211,,Vancouver,9,Seattle,8,shot,3,2:37,2557,2,2,,,88,219,,0,75,155,9,FALSE,Non quality on net,Wrist
20252026,Regular,211,,Vancouver,9,Seattle,8,shot,3,3:29,2609,2,2,,,537,194,,0,138,59,8,FALSE,Non quality on net,Wrist
20252026,Regular,211,,Vancouver,9,Seattle,8,shot,3,4:13,2653,2,2,,,536,129,,0,181,59,8,FALSE,Quality on net,Wrist
20252026,Regular,211,,Vancouver,9,Seattle,8,shot,3,4:38,2678,2,2,,,534,84,,0,34,59,8,FALSE,Non quality on net,Wrist
20252026,Regular,211,,Vancouver,9,Seattle,8,shot,3,6:11,2771,2,2,,,72,185,,0,198,155,9,FALSE,Quality on net,Wrist
20252026,Regular,211,,Vancouver,9,Seattle,8,shot,3,6:55,2815,2,2,,,61,230,,0,306,155,9,FALSE,Non quality on net,Wrist
20252026,Regular,211,,Vancouver,9,Seattle,8,shot,3,10:10,3010,2,2,,,484,52,,0,210,59,8,FALSE,Non quality on net,Wrist
20252026,Regular,211,,Vancouver,9,Seattle,8,shot,3,11:22,3082,2,2,,,431,197,,0,224,59,8,FALSE,Non quality on net,Wrist
20252026,Regular,211,,Vancouver,9,Seattle,8,shot,3,13:47,3227,2,2,,,567,126,,0,181,59,8,TRUE,Non quality goal,Wrist
20252026,Regular,211,,Vancouver,9,Seattle,8,shot,3,14:36,3276,2,3,,,546,121,,1,49,59,8,FALSE,Quality on net,Backhand
20252026,Regular,211,,Vancouver,9,Seattle,8,shot,3,17:54,3474,2,3,,,56,168,,-1,192,155,9,FALSE,Quality on net,Wrist
20252026,Regular,211,,Vancouver,9,Seattle,8,shot,3,17:57,3477,2,3,,,54,114,,-1,169,155,9,TRUE,Non quality goal,Wrist
20252026,Regular,211,,Vancouver,9,Seattle,8,shot,3,19:23,3563,3,3,,,470,197,,0,36,59,8,FALSE,Quality on net,Wrist
20252026,Regular,211,,Vancouver,9,Seattle,8,shot,4,1:36,3696,3,3,,,57,190,,0,114,155,9,TRUE,Non quality goal,Wrist
20252026,Regular,212,,Ottawa,5,New York,4,shot,1,1:44,104,0,0,,,460,219,,0,9,222,4,FALSE,Quality on net,Default
20252026,Regular,212,,Ottawa,5,New York,4,shot,1,1:58,118,0,0,,,537,140,,0,277,222,4,FALSE,Quality on net,Default
20252026,Regular,212,,Ottawa,5,New York,4,shot,1,3:15,195,0,0,,,130,105,,0,53,228,5,FALSE,Quality on net,Default
20252026,Regular,212,,Ottawa,5,New York,4,shot,1,3:28,208,0,0,,,51,129,,0,53,228,5,FALSE,Quality on net,Default
20252026,Regular,212,,Ottawa,5,New York,4,shot,1,4:12,252,0,0,,,189,264,,0,240,228,5,FALSE,Non quality on net,Default
20252026,Regular,212,,Ottawa,5,New York,4,shot,1,4:21,261,0,0,,,180,261,,0,219,228,5,FALSE,Non quality on net,Default
20252026,Regular,212,,Ottawa,5,New York,4,shot,1,4:57,297,0,0,,,132,149,,0,223,228,5,FALSE,Quality on net,Default
20252026,Regular,212,,Ottawa,5,New York,4,shot,1,6:27,387,0,0,,,126,99,,0,220,228,5,FALSE,Quality on net,Default
20252026,Regular,212,,Ottawa,5,New York,4,shot,1,7:10,430,0,0,,,442,69,,0,245,222,4,FALSE,Non quality on net,Default
20252026,Regular,212,,Ottawa,5,New York,4,shot,1,7:52,472,0,0,,,483,65,,0,206,222,4,FALSE,Non quality on net,Default
20252026,Regular,212,,Ottawa,5,New York,4,shot,1,8:13,493,0,0,,,534,149,,0,280,222,4,FALSE,Quality on net,Default
20252026,Regular,212,,Ottawa,5,New York,4,shot,1,8:14,494,0,0,,,545,146,,0,47,222,4,FALSE,Quality on net,Default
20252026,Regular,212,,Ottawa,5,New York,4,shot,1,11:07,667,0,0,,,111,110,,0,242,228,5,FALSE,Quality on net,Default
20252026,Regular,212,,Ottawa,5,New York,4,shot,1,11:08,668,0,0,,,51,162,,0,71,228,5,FALSE,Quality on net,Default
20252026,Regular,212,,Ottawa,5,New York,4,shot,1,11:23,683,0,0,,,72,175,,0,71,228,5,FALSE,Quality on net,Default
20252026,Regular,212,,Ottawa,5,New York,4,shot,1,12:24,744,0,0,,,430,179,,0,245,222,4,FALSE,Non quality on net,Default
20252026,Regular,212,,Ottawa,5,New York,4,shot,1,12:42,762,0,0,,,489,251,,0,245,222,4,FALSE,Non quality on net,Default
20252026,Regular,212,,Ottawa,5,New York,4,shot,1,12:59,779,0,0,,,63,124,,0,240,228,5,FALSE,Quality on net,Default
20252026,Regular,212,,Ottawa,5,New York,4,shot,1,15:36,936,0,0,,,493,214,,0,30,222,4,FALSE,Quality on net,Default
20252026,Regular,212,,Ottawa,5,New York,4,shot,1,16:25,985,0,0,,,546,178,,0,249,222,4,FALSE,Quality on net,Default
20252026,Regular,212,,Ottawa,5,New York,4,shot,1,17:22,1042,0,0,,,558,130,,0,40,222,4,FALSE,Non quality on net,Default
20252026,Regular,212,,Ottawa,5,New York,4,shot,1,17:53,1073,0,0,,,467,147,,0,205,222,4,FALSE,Quality on net,Default
20252026,Regular,212,,Ottawa,5,New York,4,shot,1,18:23,1103,0,0,,,540,136,,0,205,222,4,FALSE,Quality on net,Default
20252026,Regular,212,,Ottawa,5,New York,4,shot,1,19:22,1162,0,0,,,184,43,,0,223,228,5,FALSE,Non quality on net,Default
20252026,Regular,212,,Ottawa,5,New York,4,shot,2,1:07,1267,0,0,,,156,233,,0,58,228,5,FALSE,Non quality on net,Default
20252026,Regular,212,,Ottawa,5,New York,4,shot,2,3:07,1387,0,0,,,576,117,,0,204,222,4,FALSE,Non quality on net,Default
20252026,Regular,212,,Ottawa,5,New York,4,shot,2,3:29,1409,0,0,,,415,59,,0,204,222,4,FALSE,Non quality on net,Default
20252026,Regular,212,,Ottawa,5,New York,4,shot,2,3:31,1411,0,0,,,559,115,,0,45,222,4,FALSE,Non quality on net,Default
20252026,Regular,212,,Ottawa,5,New York,4,shot,2,4:29,1469,0,0,,,35,116,,0,53,228,5,FALSE,Non quality on net,Default
20252026,Regular,212,,Ottawa,5,New York,4,shot,2,7:58,1678,0,0,,,490,187,,0,205,222,4,FALSE,Quality on net,Default
20252026,Regular,212,,Ottawa,5,New York,4,shot,2,9:08,1748,0,0,,,560,176,,0,147,222,4,FALSE,Non quality on net,Default
20252026,Regular,212,,Ottawa,5,New York,4,shot,2,9:19,1759,0,0,,,154,278,,0,108,228,5,FALSE,Non quality on net,Default
20252026,Regular,212,,Ottawa,5,New York,4,shot,2,9:47,1787,0,0,,,385,68,,0,9,222,4,FALSE,Non quality on net,Default
20252026,Regular,212,,Ottawa,5,New York,4,shot,2,10:12,1812,0,0,,,446,136,,0,229,222,4,FALSE,Non quality on net,Default
20252026,Regular,212,,Ottawa,5,New York,4,shot,2,10:25,1825,0,0,,,537,212,,0,30,222,4,FALSE,Non quality on net,Default
20252026,Regular,212,,Ottawa,5,New York,4,shot,2,10:37,1837,0,0,,,514,282,,0,40,222,4,FALSE,Non quality on net,Default
20252026,Regular,212,,Ottawa,5,New York,4,shot,2,13:02,1982,0,0,,,199,83,,0,58,228,5,FALSE,Non quality on net,Default
20252026,Regular,212,,Ottawa,5,New York,4,shot,2,13:18,1998,0,0,,,159,27,,0,30,222,4,FALSE,Non quality on net,Default
20252026,Regular,212,,Ottawa,5,New York,4,shot,2,14:09,2049,0,0,,,147,267,,0,242,228,5,FALSE,Non quality on net,Default
20252026,Regular,212,,Ottawa,5,New York,4,shot,2,14:39,2079,0,0,,,45,178,,0,72,228,5,FALSE,Non quality on net,Default
20252026,Regular,212,,Ottawa,5,New York,4,shot,2,14:44,2084,0,0,,,59,117,,0,53,228,5,FALSE,Quality on net,Default
20252026,Regular,212,,Ottawa,5,New York,4,shot,2,17:19,2239,0,0,,,359,160,,0,285,222,4,FALSE,Non quality on net,Default
20252026,Regular,212,,Ottawa,5,New York,4,shot,2,18:06,2286,0,0,,,540,175,,0,245,222,4,FALSE,Quality on net,Default
20252026,Regular,212,,Ottawa,5,New York,4,shot,2,18:46,2326,0,0,,,77,163,,0,221,228,5,FALSE,Quality on net,Default
20252026,Regular,212,,Ottawa,5,New York,4,shot,3,0:11,2411,0,0,,,59,71,,0,53,228,5,FALSE,Non quality on net,Default
20252026,Regular,212,,Ottawa,5,New York,4,shot,3,0:51,2451,0,0,,,177,214,,0,88,228,5,FALSE,Non quality on net,Default
20252026,Regular,212,,Ottawa,5,New York,4,shot,3,3:51,2631,0,0,,,458,27,,0,60,222,4,FALSE,Non quality on net,Default
20252026,Regular,212,,Ottawa,5,New York,4,shot,3,3:57,2637,0,0,,,536,134,,0,245,222,4,FALSE,Quality on net,Default
20252026,Regular,212,,Ottawa,5,New York,4,shot,3,5:23,2723,0,0,,,531,181,,0,249,222,4,FALSE,Quality on net,Default
20252026,Regular,212,,Ottawa,5,New York,4,shot,3,6:11,2771,0,0,,,196,225,,0,242,228,5,FALSE,Non quality on net,Default
20252026,Regular,212,,Ottawa,5,New York,4,shot,3,6:13,2773,0,0,,,41,129,,0,88,228,5,FALSE,Non quality on net,Default
20252026,Regular,212,,Ottawa,5,New York,4,shot,3,6:34,2794,0,0,,,453,286,,0,230,222,4,FALSE,Non quality on net,Default
20252026,Regular,212,,Ottawa,5,New York,4,shot,3,7:46,2866,0,0,,,558,158,,0,285,222,4,FALSE,Quality on net,Default
20252026,Regular,212,,Ottawa,5,New York,4,shot,3,7:46,2866,0,0,,,556,157,,0,285,222,4,FALSE,Quality on net,Default
20252026,Regular,212,,Ottawa,5,New York,4,shot,3,7:49,2869,0,0,,,561,161,,0,9,222,4,TRUE,Quality goal,Default
20252026,Regular,212,,Ottawa,5,New York,4,shot,3,11:36,3096,0,1,,,522,112,,1,204,222,4,FALSE,Quality on net,Default
20252026,Regular,212,,Ottawa,5,New York,4,shot,3,12:42,3162,0,1,,,154,127,,-1,72,228,5,FALSE,Non quality on net,Default
20252026,Regular,212,,Ottawa,5,New York,4,shot,3,12:55,3175,0,1,,,341,267,,1,40,222,4,FALSE,Non quality on net,Default
20252026,Regular,212,,Ottawa,5,New York,4,shot,3,13:10,3190,0,1,,,47,167,,-1,72,228,5,FALSE,Quality on net,Default
20252026,Regular,212,,Ottawa,5,New York,4,shot,3,13:34,3214,0,1,,,528,168,,1,206,222,4,FALSE,Quality on net,Default
20252026,Regular,212,,Ottawa,5,New York,4,shot,3,13:38,3218,0,1,,,519,120,,1,9,222,4,FALSE,Quality on net,Default
20252026,Regular,212,,Ottawa,5,New York,4,shot,3,13:39,3219,0,1,,,546,108,,1,9,222,4,TRUE,Non quality goal,Default
20252026,Regular,212,,Ottawa,5,New York,4,shot,3,14:36,3276,0,2,,,195,227,,-2,108,228,5,FALSE,Non quality on net,Default
20252026,Regular,212,,Ottawa,5,New York,4,shot,3,15:38,3338,0,2,,,319,27,,2,207,222,4,FALSE,Non quality on net,Default
20252026,Regular,212,,Ottawa,5,New York,4,shot,3,16:38,3398,0,2,,,549,132,,2,285,222,4,FALSE,Quality on net,Default
20252026,Regular,212,,Ottawa,5,New York,4,shot,3,16:46,3406,0,2,,,536,148,,2,9,222,4,FALSE,Quality on net,Default
20252026,Regular,212,,Ottawa,5,New York,4,shot,3,16:48,3408,0,2,,,550,147,,2,9,222,4,TRUE,Quality goal,Default
20252026,Regular,212,,Ottawa,5,New York,4,shot,3,17:59,3479,0,3,,,116,127,,-3,58,228,5,FALSE,Quality on net,Default
20252026,Regular,212,,Ottawa,5,New York,4,shot,3,18:45,3525,0,3,,,176,182,,-3,219,228,5,FALSE,Non quality on net,Default
20252026,Regular,212,,Ottawa,5,New York,4,shot,3,19:56,3596,0,3,,,450,239,,3,229,0,4,TRUE,Non quality goal,Default
20252026,Regular,213,,Boston,1,Montréal,3,shot,1,1:13,73,0,0,,,63,144,,0,78,28,1,TRUE,Quality goal,Snap
20252026,Regular,213,,Boston,1,Montréal,3,shot,1,2:41,161,1,0,,,337,77,,-1,79,6,3,FALSE,Non quality on net,Snap
20252026,Regular,213,,Boston,1,Montréal,3,shot,1,3:30,210,1,0,,,195,90,,1,12,28,1,FALSE,Non quality on net,Snap
20252026,Regular,213,,Boston,1,Montréal,3,shot,1,4:03,243,1,0,,,477,106,,-1,83,6,3,FALSE,Quality on net,Wrist
20252026,Regular,213,,Boston,1,Montréal,3,shot,1,6:46,406,1,0,,,180,204,,1,12,28,1,FALSE,Non quality on net,Snap
20252026,Regular,213,,Boston,1,Montréal,3,shot,1,6:46,406,1,0,,,58,149,,1,78,28,1,FALSE,Quality on net,Snap
20252026,Regular,213,,Boston,1,Montréal,3,shot,1,7:30,450,1,0,,,272,98,,1,183,28,1,FALSE,Non quality on net,Wrist
20252026,Regular,213,,Boston,1,Montréal,3,shot,1,8:23,503,1,0,,,180,47,,1,255,28,1,FALSE,Non quality on net,Snap
20252026,Regular,213,,Boston,1,Montréal,3,shot,1,8:44,524,1,0,,,92,141,,1,97,28,1,FALSE,Quality on net,Default
20252026,Regular,213,,Boston,1,Montréal,3,shot,1,8:46,526,1,0,,,65,154,,1,97,28,1,FALSE,Quality on net,Snap
20252026,Regular,213,,Boston,1,Montréal,3,shot,1,8:56,536,1,0,,,522,174,,-1,98,6,3,FALSE,Quality on net,Snap
20252026,Regular,213,,Boston,1,Montréal,3,shot,1,10:11,611,1,0,,,406,266,,-1,202,6,3,FALSE,Non quality on net,Default
20252026,Regular,213,,Boston,1,Montréal,3,shot,1,10:20,620,1,0,,,516,119,,-1,272,6,3,FALSE,Quality on net,Backhand
20252026,Regular,213,,Boston,1,Montréal,3,shot,1,11:32,692,1,0,,,48,166,,1,17,28,1,FALSE,Quality on net,Default
20252026,Regular,213,,Boston,1,Montréal,3,shot,1,11:45,705,1,0,,,130,104,,1,246,28,1,FALSE,Quality on net,Default
20252026,Regular,213,,Boston,1,Montréal,3,shot,1,11:57,717,1,0,,,540,112,,-1,31,6,3,FALSE,Non quality on net,Backhand
20252026,Regular,213,,Boston,1,Montréal,3,shot,1,13:00,780,1,0,,,110,138,,1,183,28,1,FALSE,Quality on net,Default
20252026,Regular,213,,Boston,1,Montréal,3,shot,1,14:50,890,1,0,,,219,33,,1,78,28,1,FALSE,Non quality on net,Tip
20252026,Regular,213,,Boston,1,Montréal,3,shot,1,17:47,1067,1,0,,,99,99,,1,46,28,1,FALSE,Quality on net,Snap
20252026,Regular,213,,Boston,1,Montréal,3,shot,1,19:46,1186,1,0,,,501,116,,-1,98,6,3,FALSE,Quality on net,Snap
20252026,Regular,213,,Boston,1,Montréal,3,shot,1,19:57,1197,1,0,,,441,191,,-1,51,6,3,FALSE,Non quality on net,Snap
20252026,Regular,213,,Boston,1,Montréal,3,shot,1,20:00,1200,1,0,,,494,229,,-1,31,6,3,FALSE,Non quality on net,Snap
20252026,Regular,213,,Boston,1,Montréal,3,shot,2,0:12,1212,1,0,,,399,248,,-1,32,6,3,FALSE,Non quality on net,Snap
20252026,Regular,213,,Boston,1,Montréal,3,shot,2,0:25,1225,1,0,,,173,80,,1,246,28,1,FALSE,Non quality on net,Wrist
20252026,Regular,213,,Boston,1,Montréal,3,shot,2,1:16,1276,1,0,,,555,182,,-1,79,6,3,FALSE,Non quality on net,Wrist
20252026,Regular,213,,Boston,1,Montréal,3,shot,2,1:46,1306,1,0,,,513,189,,-1,4,6,3,FALSE,Quality on net,Default
20252026,Regular,213,,Boston,1,Montréal,3,shot,2,1:57,1317,1,0,,,527,110,,-1,39,6,3,FALSE,Quality on net,Wrist
20252026,Regular,213,,Boston,1,Montréal,3,shot,2,3:46,1426,1,0,,,88,118,,1,246,28,1,FALSE,Quality on net,Snap
20252026,Regular,213,,Boston,1,Montréal,3,shot,2,4:05,1445,1,0,,,51,165,,1,183,28,1,FALSE,Quality on net,Tip
20252026,Regular,213,,Boston,1,Montréal,3,shot,2,6:14,1574,1,0,,,435,226,,-1,31,6,3,FALSE,Non quality on net,Snap
20252026,Regular,213,,Boston,1,Montréal,3,shot,2,6:29,1589,1,0,,,399,201,,-1,83,6,3,FALSE,Non quality on net,Snap
20252026,Regular,213,,Boston,1,Montréal,3,shot,2,7:31,1651,1,0,,,471,215,,-1,272,6,3,FALSE,Quality on net,Snap
20252026,Regular,213,,Boston,1,Montréal,3,shot,2,10:20,1820,1,0,,,521,58,,-1,157,6,3,FALSE,Non quality on net,Snap
20252026,Regular,213,,Boston,1,Montréal,3,shot,2,12:28,1948,1,0,,,517,159,,-1,31,6,3,FALSE,Quality on net,Backhand
20252026,Regular,213,,Boston,1,Montréal,3,shot,2,13:03,1983,1,0,,,431,155,,-1,199,6,3,FALSE,Non quality on net,Snap
20252026,Regular,213,,Boston,1,Montréal,3,shot,2,15:38,2138,1,0,,,156,65,,1,246,28,1,FALSE,Non quality on net,Snap
20252026,Regular,213,,Boston,1,Montréal,3,shot,2,15:45,2145,1,0,,,96,171,,1,18,28,1,FALSE,Quality on net,Backhand
20252026,Regular,213,,Boston,1,Montréal,3,shot,2,15:48,2148,1,0,,,80,198,,1,18,28,1,FALSE,Quality on net,Backhand
20252026,Regular,213,,Boston,1,Montréal,3,shot,3,0:44,2444,1,0,,,102,124,,1,15,28,1,FALSE,Quality on net,Tip
20252026,Regular,213,,Boston,1,Montréal,3,shot,3,1:41,2501,1,0,,,101,201,,1,78,28,1,FALSE,Quality on net,Wrist
20252026,Regular,213,,Boston,1,Montréal,3,shot,3,1:42,2502,1,0,,,139,105,,1,12,28,1,TRUE,Quality goal,Snap
20252026,Regular,213,,Boston,1,Montréal,3,shot,3,1:59,2519,2,0,,,486,203,,-2,272,6,3,FALSE,Quality on net,Default
20252026,Regular,213,,Boston,1,Montréal,3,shot,3,2:55,2575,2,0,,,110,87,,2,246,28,1,FALSE,Quality on net,Snap
20252026,Regular,213,,Boston,1,Montréal,3,shot,3,3:17,2597,2,0,,,147,216,,2,246,28,1,FALSE,Non quality on net,Slap
20252026,Regular,213,,Boston,1,Montréal,3,shot,3,4:23,2663,2,0,,,484,106,,-2,31,6,3,FALSE,Quality on net,Default
20252026,Regular,213,,Boston,1,Montréal,3,shot,3,4:56,2696,2,0,,,454,236,,-2,98,6,3,FALSE,Non quality on net,Snap
20252026,Regular,213,,Boston,1,Montréal,3,shot,3,6:05,2765,2,0,,,92,139,,2,15,28,1,FALSE,Quality on net,Default
20252026,Regular,213,,Boston,1,Montréal,3,shot,3,9:02,2942,2,0,,,152,261,,2,185,28,1,FALSE,Non quality on net,Snap
20252026,Regular,213,,Boston,1,Montréal,3,shot,3,10:53,3053,2,0,,,137,149,,2,97,28,1,FALSE,Quality on net,Default
20252026,Regular,213,,Boston,1,Montréal,3,shot,3,11:20,3080,2,0,,,186,148,,2,185,28,1,FALSE,Non quality on net,Snap
20252026,Regular,213,,Boston,1,Montréal,3,shot,3,13:52,3232,2,0,,,424,57,,-2,274,6,3,FALSE,Non quality on net,Snap
20252026,Regular,213,,Boston,1,Montréal,3,shot,3,17:09,3429,2,0,,,440,255,,-2,98,6,3,FALSE,Non quality on net,Snap
20252026,Regular,213,,Boston,1,Montréal,3,shot,3,17:16,3436,2,0,,,548,169,,-2,4,6,3,FALSE,Quality on net,Tip
20252026,Regular,214,,Montréal,3,New York,4,shot,1,0:10,10,0,0,,,350,212,,0,253,228,3,FALSE,Non quality on net,Wrist
20252026,Regular,214,,Montréal,3,New York,4,shot,1,0:34,34,0,0,,,165,200,,0,31,228,3,FALSE,Non quality on net,Wrist
20252026,Regular,214,,Montréal,3,New York,4,shot,1,0:57,57,0,0,,,155,136,,0,98,228,3,FALSE,Non quality on net,Wrist
20252026,Regular,214,,Montréal,3,New York,4,shot,1,1:08,68,0,0,,,116,57,,0,84,228,3,FALSE,Non quality on net,Wrist
20252026,Regular,214,,Montréal,3,New York,4,shot,1,1:15,75,0,0,,,513,201,,0,205,28,4,FALSE,Quality on net,Wrist
20252026,Regular,214,,Montréal,3,New York,4,shot,1,2:16,136,0,0,,,55,119,,0,61,228,3,FALSE,Quality on net,Backhand
20252026,Regular,214,,Montréal,3,New York,4,shot,1,2:34,154,0,0,,,144,199,,0,272,228,3,FALSE,Non quality on net,Wrist
20252026,Regular,214,,Montréal,3,New York,4,shot,1,3:34,214,0,0,,,51,193,,0,31,228,3,FALSE,Non quality on net,Backhand
20252026,Regular,214,,Montréal,3,New York,4,shot,1,4:19,259,0,0,,,67,159,,0,157,228,3,FALSE,Quality on net,Tip
20252026,Regular,214,,Montréal,3,New York,4,shot,1,7:20,440,0,0,,,485,139,,0,84,228,3,FALSE,Quality on net,Backhand
20252026,Regular,214,,Montréal,3,New York,4,shot,1,8:45,525,0,0,,,83,254,,0,4,228,3,FALSE,Non quality on net,Snap
20252026,Regular,214,,Montréal,3,New York,4,shot,1,9:05,545,0,0,,,463,196,,0,280,28,4,FALSE,Quality on net,Wrist
20252026,Regular,214,,Montréal,3,New York,4,shot,1,9:14,554,0,0,,,542,162,,0,280,28,4,FALSE,Quality on net,Wrist
20252026,Regular,214,,Montréal,3,New York,4,shot,1,9:52,592,0,0,,,533,174,,0,40,28,4,FALSE,Quality on net,Wrist
20252026,Regular,214,,Montréal,3,New York,4,shot,1,10:54,654,0,0,,,151,197,,0,31,228,3,FALSE,Non quality on net,Snap
20252026,Regular,214,,Montréal,3,New York,4,shot,1,10:55,655,0,0,,,53,197,,0,84,228,3,FALSE,Non quality on net,Wrist
20252026,Regular,214,,Montréal,3,New York,4,shot,1,11:03,663,0,0,,,200,98,,0,83,228,3,FALSE,Non quality on net,Wrist
20252026,Regular,214,,Montréal,3,New York,4,shot,1,11:37,697,0,0,,,27,110,,0,42,228,3,FALSE,Non quality on net,Wrist
20252026,Regular,214,,Montréal,3,New York,4,shot,1,15:44,944,0,0,,,532,258,,0,249,28,4,FALSE,Non quality on net,Snap
20252026,Regular,214,,Montréal,3,New York,4,shot,1,16:43,1003,0,0,,,141,81,,0,32,228,3,FALSE,Quality on net,Wrist
20252026,Regular,214,,Montréal,3,New York,4,shot,1,17:51,1071,0,0,,,543,120,,0,249,28,4,FALSE,Quality on net,Wrist
20252026,Regular,214,,Montréal,3,New York,4,shot,2,0:30,1230,0,0,,,212,170,,0,274,228,3,TRUE,Non quality goal,Wrist
20252026,Regular,214,,Montréal,3,New York,4,shot,2,0:45,1245,1,0,,,535,168,,-1,205,28,4,FALSE,Quality on net,Wrist
20252026,Regular,214,,Montréal,3,New York,4,shot,2,2:06,1326,1,0,,,447,273,,-1,206,28,4,FALSE,Non quality on net,Backhand
20252026,Regular,214,,Montréal,3,New York,4,shot,2,3:08,1388,1,0,,,93,95,,1,31,228,3,FALSE,Quality on net,Wrist
20252026,Regular,214,,Montréal,3,New York,4,shot,2,3:09,1389,1,0,,,92,195,,1,5,228,3,FALSE,Quality on net,Wrist
20252026,Regular,214,,Montréal,3,New York,4,shot,2,3:37,1417,1,0,,,485,145,,-1,45,28,4,FALSE,Quality on net,Wrist
20252026,Regular,214,,Montréal,3,New York,4,shot,2,3:42,1422,1,0,,,527,153,,-1,204,28,4,FALSE,Quality on net,Wrist
20252026,Regular,214,,Montréal,3,New York,4,shot,2,4:35,1475,1,0,,,46,89,,1,98,228,3,FALSE,Non quality on net,Wrist
20252026,Regular,214,,Montréal,3,New York,4,shot,2,4:42,1482,1,0,,,539,131,,-1,205,28,4,FALSE,Quality on net,Backhand
20252026,Regular,214,,Montréal,3,New York,4,shot,2,7:50,1670,1,0,,,465,137,,-1,230,28,4,FALSE,Quality on net,Wrist
20252026,Regular,214,,Montréal,3,New York,4,shot,2,9:37,1777,1,0,,,103,168,,1,272,228,3,FALSE,Quality on net,Tip
20252026,Regular,214,,Montréal,3,New York,4,shot,2,10:26,1826,1,0,,,72,111,,1,31,228,3,FALSE,Quality on net,Snap
20252026,Regular,214,,Montréal,3,New York,4,shot,2,12:35,1955,1,0,,,541,123,,-1,147,28,4,FALSE,Quality on net,Tip
20252026,Regular,214,,Montréal,3,New York,4,shot,2,12:45,1965,1,0,,,395,69,,-1,204,28,4,FALSE,Non quality on net,Snap
20252026,Regular,214,,Montréal,3,New York,4,shot,2,13:20,2000,1,0,,,216,183,,1,5,228,3,FALSE,Non quality on net,Slap
20252026,Regular,214,,Montréal,3,New York,4,shot,2,16:08,2168,1,0,,,146,172,,-1,30,28,4,FALSE,Non quality on net,Wrist
20252026,Regular,214,,Montréal,3,New York,4,shot,2,17:40,2260,1,0,,,208,31,,1,83,228,3,FALSE,Non quality on net,Wrist
20252026,Regular,214,,Montréal,3,New York,4,shot,2,18:16,2296,1,0,,,522,43,,-1,47,28,4,FALSE,Non quality on net,Wrist
20252026,Regular,214,,Montréal,3,New York,4,shot,2,18:45,2325,1,0,,,83,128,,1,31,228,3,TRUE,Quality goal,Snap
20252026,Regular,214,,Montréal,3,New York,4,shot,3,0:42,2442,2,0,,,454,36,,-2,205,28,4,FALSE,Non quality on net,Wrist
20252026,Regular,214,,Montréal,3,New York,4,shot,3,1:29,2489,2,0,,,389,195,,-2,87,28,4,FALSE,Non quality on net,Snap
20252026,Regular,214,,Montréal,3,New York,4,shot,3,2:02,2522,2,0,,,475,204,,-2,285,28,4,FALSE,Quality on net,Wrist
20252026,Regular,214,,Montréal,3,New York,4,shot,3,2:59,2579,2,0,,,507,213,,-2,229,28,4,FALSE,Quality on net,Wrist
20252026,Regular,214,,Montréal,3,New York,4,shot,3,4:31,2671,2,0,,,104,105,,2,98,228,3,FALSE,Quality on net,Wrist
20252026,Regular,214,,Montréal,3,New York,4,shot,3,5:18,2718,2,0,,,504,93,,-2,245,28,4,FALSE,Quality on net,Wrist
20252026,Regular,214,,Montréal,3,New York,4,shot,3,6:08,2768,2,0,,,106,282,,2,79,228,3,FALSE,Non quality on net,Wrist
20252026,Regular,214,,Montréal,3,New York,4,shot,3,9:08,2948,2,0,,,61,144,,2,32,228,3,FALSE,Quality on net,Backhand
20252026,Regular,214,,Montréal,3,New York,4,shot,3,9:28,2968,2,0,,,549,135,,-2,47,28,4,FALSE,Quality on net,Tip
20252026,Regular,214,,Montréal,3,New York,4,shot,3,10:13,3013,2,0,,,103,145,,2,199,228,3,FALSE,Quality on net,Snap
20252026,Regular,214,,Montréal,3,New York,4,shot,3,11:01,3061,2,0,,,511,144,,-2,245,28,4,FALSE,Quality on net,Wrist
20252026,Regular,214,,Montréal,3,New York,4,shot,3,13:26,3206,2,0,,,72,172,,2,42,228,3,TRUE,Quality goal,Wrist
20252026,Regular,214,,Montréal,3,New York,4,shot,3,14:03,3243,3,0,,,459,93,,-3,205,28,4,FALSE,Quality on net,Wrist
20252026,Regular,214,,Montréal,3,New York,4,shot,3,15:00,3300,3,0,,,512,146,,-3,45,28,4,FALSE,Quality on net,Tip
20252026,Regular,214,,Montréal,3,New York,4,shot,3,15:15,3315,3,0,,,423,72,,-3,87,28,4,FALSE,Non quality on net,Snap
20252026,Regular,214,,Montréal,3,New York,4,shot,3,15:50,3350,3,0,,,431,177,,-3,280,28,4,FALSE,Non quality on net,Slap
20252026,Regular,214,,Montréal,3,New York,4,shot,3,16:29,3389,3,0,,,516,174,,-3,30,28,4,FALSE,Quality on net,Backhand
20252026,Regular,214,,Montréal,3,New York,4,shot,3,16:52,3412,3,0,,,561,98,,-3,40,28,4,FALSE,Non quality on net,Wrist
20252026,Regular,214,,Montréal,3,New York,4,shot,3,17:38,3458,3,0,,,357,24,,-3,205,28,4,FALSE,Non quality on net,Backhand
20252026,Regular,214,,Montréal,3,New York,4,shot,3,18:11,3491,3,0,,,436,249,,-3,60,28,4,FALSE,Non quality on net,Wrist
20252026,Regular,214,,Montréal,3,New York,4,shot,3,18:48,3528,3,0,,,539,141,,-3,40,28,4,FALSE,Quality on net,Backhand
20252026,Regular,214,,Montréal,3,New York,4,shot,3,18:52,3532,3,0,,,428,100,,-3,205,28,4,FALSE,Non quality on net,Wrist
20252026,Regular,214,,Montréal,3,New York,4,shot,3,19:50,3590,3,0,,,561,77,,3,79,0,3,TRUE,Non quality goal,Default
20252026,Regular,215,,Ottawa,5,Vancouver,9,shot,1,1:30,90,0,0,,,202,43,,0,289,59,5,FALSE,Non quality on net,Default
20252026,Regular,215,,Ottawa,5,Vancouver,9,shot,1,2:25,145,0,0,,,165,61,,0,58,59,5,TRUE,Non quality goal,Default
20252026,Regular,215,,Ottawa,5,Vancouver,9,shot,1,3:41,221,1,0,,,53,144,,1,58,59,5,FALSE,Quality on net,Default
20252026,Regular,215,,Ottawa,5,Vancouver,9,shot,1,4:17,257,1,0,,,39,124,,1,53,59,5,FALSE,Non quality on net,Default
20252026,Regular,215,,Ottawa,5,Vancouver,9,shot,1,4:23,263,1,0,,,35,128,,1,53,59,5,FALSE,Non quality on net,Default
20252026,Regular,215,,Ottawa,5,Vancouver,9,shot,1,4:28,268,1,0,,,55,110,,1,53,59,5,FALSE,Non quality on net,Default
20252026,Regular,215,,Ottawa,5,Vancouver,9,shot,1,5:33,333,1,0,,,551,155,,-1,227,222,9,FALSE,Quality on net,Default
20252026,Regular,215,,Ottawa,5,Vancouver,9,shot,1,6:40,400,1,0,,,115,268,,1,219,59,5,FALSE,Non quality on net,Default
20252026,Regular,215,,Ottawa,5,Vancouver,9,shot,1,6:56,416,1,0,,,75,158,,1,57,59,5,FALSE,Quality on net,Default
20252026,Regular,215,,Ottawa,5,Vancouver,9,shot,1,9:22,562,1,0,,,448,141,,-1,11,222,9,FALSE,Non quality on net,Default
20252026,Regular,215,,Ottawa,5,Vancouver,9,shot,1,11:12,672,1,0,,,103,183,,1,241,59,5,FALSE,Quality on net,Default
20252026,Regular,215,,Ottawa,5,Vancouver,9,shot,1,11:15,675,1,0,,,144,239,,1,241,59,5,FALSE,Non quality on net,Default
20252026,Regular,215,,Ottawa,5,Vancouver,9,shot,1,12:50,770,1,0,,,535,141,,-1,169,222,9,FALSE,Quality on net,Default
20252026,Regular,215,,Ottawa,5,Vancouver,9,shot,1,13:22,802,1,0,,,115,21,,1,71,59,5,FALSE,Non quality on net,Default
20252026,Regular,215,,Ottawa,5,Vancouver,9,shot,1,15:55,955,1,0,,,183,256,,1,242,59,5,FALSE,Non quality on net,Default
20252026,Regular,215,,Ottawa,5,Vancouver,9,shot,1,18:29,1109,1,0,,,424,129,,-1,169,222,9,FALSE,Non quality on net,Default
20252026,Regular,215,,Ottawa,5,Vancouver,9,shot,2,0:20,1220,1,0,,,203,274,,1,71,59,5,FALSE,Non quality on net,Default
20252026,Regular,215,,Ottawa,5,Vancouver,9,shot,2,2:26,1346,1,0,,,388,250,,-1,180,222,9,FALSE,Non quality on net,Default
20252026,Regular,215,,Ottawa,5,Vancouver,9,shot,2,3:00,1380,1,0,,,64,133,,1,240,59,5,FALSE,Quality on net,Default
20252026,Regular,215,,Ottawa,5,Vancouver,9,shot,2,3:06,1386,1,0,,,159,268,,1,219,59,5,FALSE,Non quality on net,Default
20252026,Regular,215,,Ottawa,5,Vancouver,9,shot,2,3:41,1421,1,0,,,123,79,,1,223,59,5,FALSE,Quality on net,Default
20252026,Regular,215,,Ottawa,5,Vancouver,9,shot,2,4:42,1482,1,0,,,51,50,,1,286,59,5,FALSE,Non quality on net,Default
20252026,Regular,215,,Ottawa,5,Vancouver,9,shot,2,5:17,1517,1,0,,,405,59,,-1,252,222,9,FALSE,Non quality on net,Default
20252026,Regular,215,,Ottawa,5,Vancouver,9,shot,2,7:13,1633,1,0,,,435,212,,-1,11,222,9,FALSE,Non quality on net,Default
20252026,Regular,215,,Ottawa,5,Vancouver,9,shot,2,9:05,1745,1,0,,,456,227,,-1,11,222,9,FALSE,Non quality on net,Default
20252026,Regular,215,,Ottawa,5,Vancouver,9,shot,2,10:57,1857,1,0,,,552,133,,-1,115,222,9,FALSE,Quality on net,Default
20252026,Regular,215,,Ottawa,5,Vancouver,9,shot,2,12:33,1953,1,0,,,118,8,,1,286,59,5,FALSE,Non quality on net,Default
20252026,Regular,215,,Ottawa,5,Vancouver,9,shot,2,13:10,1990,1,0,,,471,201,,-1,50,222,9,FALSE,Quality on net,Default
20252026,Regular,215,,Ottawa,5,Vancouver,9,shot,2,14:03,2043,1,0,,,93,155,,1,220,59,5,TRUE,Quality goal,Default
20252026,Regular,215,,Ottawa,5,Vancouver,9,shot,2,15:41,2141,2,0,,,438,192,,-2,11,222,9,FALSE,Non quality on net,Default
20252026,Regular,215,,Ottawa,5,Vancouver,9,shot,2,16:21,2181,2,0,,,99,81,,2,58,59,5,FALSE,Quality on net,Default
20252026,Regular,215,,Ottawa,5,Vancouver,9,shot,2,16:23,2183,2,0,,,75,77,,2,220,59,5,FALSE,Non quality on net,Default
20252026,Regular,215,,Ottawa,5,Vancouver,9,shot,2,16:55,2215,2,0,,,183,246,,2,219,59,5,FALSE,Non quality on net,Default
20252026,Regular,215,,Ottawa,5,Vancouver,9,shot,2,17:46,2266,2,0,,,539,227,,-2,227,222,9,FALSE,Non quality on net,Default
20252026,Regular,215,,Ottawa,5,Vancouver,9,shot,2,17:55,2275,2,0,,,215,263,,2,240,59,5,FALSE,Non quality on net,Default
20252026,Regular,215,,Ottawa,5,Vancouver,9,shot,2,19:13,2353,2,0,,,87,75,,2,72,59,5,FALSE,Non quality on net,Default
20252026,Regular,215,,Ottawa,5,Vancouver,9,shot,2,19:21,2361,2,0,,,174,227,,2,72,59,5,FALSE,Non quality on net,Default
20252026,Regular,215,,Ottawa,5,Vancouver,9,shot,2,19:35,2375,2,0,,,144,93,,2,223,59,5,FALSE,Quality on net,Default
20252026,Regular,215,,Ottawa,5,Vancouver,9,shot,2,19:59,2399,2,0,,,87,135,,2,72,59,5,FALSE,Quality on net,Default
20252026,Regular,215,,Ottawa,5,Vancouver,9,shot,3,1:19,2479,2,0,,,51,112,,2,72,59,5,TRUE,Non quality goal,Default
20252026,Regular,215,,Ottawa,5,Vancouver,9,shot,3,2:20,2540,3,0,,,524,108,,-3,198,222,9,FALSE,Quality on net,Default
20252026,Regular,215,,Ottawa,5,Vancouver,9,shot,3,2:49,2569,3,0,,,489,115,,-3,248,222,9,FALSE,Quality on net,Default
20252026,Regular,215,,Ottawa,5,Vancouver,9,shot,3,3:17,2597,3,0,,,554,173,,-3,161,222,9,FALSE,Non quality on net,Default
20252026,Regular,215,,Ottawa,5,Vancouver,9,shot,3,4:16,2656,3,0,,,176,165,,3,71,59,5,FALSE,Non quality on net,Default
20252026,Regular,215,,Ottawa,5,Vancouver,9,shot,3,7:12,2832,3,0,,,417,135,,-3,169,222,9,TRUE,Non quality goal,Default
20252026,Regular,215,,Ottawa,5,Vancouver,9,shot,3,8:30,2910,3,1,,,205,69,,2,289,59,5,FALSE,Non quality on net,Default
20252026,Regular,215,,Ottawa,5,Vancouver,9,shot,3,9:02,2942,3,1,,,526,183,,-2,114,222,9,FALSE,Quality on net,Default
20252026,Regular,215,,Ottawa,5,Vancouver,9,shot,3,12:28,3148,3,1,,,518,176,,-2,180,222,9,FALSE,Quality on net,Default
20252026,Regular,215,,Ottawa,5,Vancouver,9,shot,3,13:12,3192,3,1,,,490,73,,-2,248,222,9,FALSE,Quality on net,Default
20252026,Regular,215,,Ottawa,5,Vancouver,9,shot,3,14:26,3266,3,1,,,213,21,,2,289,59,5,FALSE,Non quality on net,Default
20252026,Regular,215,,Ottawa,5,Vancouver,9,shot,3,14:38,3278,3,1,,,129,148,,2,221,59,5,TRUE,Quality goal,Default
20252026,Regular,215,,Ottawa,5,Vancouver,9,shot,3,18:12,3492,4,1,,,124,192,,3,58,0,5,TRUE,Quality goal,Default
20252026,Regular,215,,Ottawa,5,Vancouver,9,shot,3,19:15,3555,5,1,,,105,141,,4,88,59,5,FALSE,Quality on net,Default
20252026,Regular,215,,Ottawa,5,Vancouver,9,shot,3,19:18,3558,5,1,,,551,117,,4,239,59,5,FALSE,Non quality on net,Default
20252026,Regular,216,,Seattle,8,Minnesota,2,shot,1,1:50,110,0,0,,,112,78,,0,13,22,8,FALSE,Quality on net,Wrist
20252026,Regular,216,,Seattle,8,Minnesota,2,shot,1,2:09,129,0,0,,,179,57,,0,210,22,8,FALSE,Non quality on net,Wrist
20252026,Regular,216,,Seattle,8,Minnesota,2,shot,1,2:20,140,0,0,,,419,63,,0,263,155,2,FALSE,Non quality on net,Snap
20252026,Regular,216,,Seattle,8,Minnesota,2,shot,1,2:55,175,0,0,,,469,141,,0,190,155,2,FALSE,Quality on net,Default
20252026,Regular,216,,Seattle,8,Minnesota,2,shot,1,4:18,258,0,0,,,113,153,,0,36,22,8,FALSE,Quality on net,Backhand
20252026,Regular,216,,Seattle,8,Minnesota,2,shot,1,5:47,347,0,0,,,105,100,,0,91,22,8,FALSE,Quality on net,Wrist
20252026,Regular,216,,Seattle,8,Minnesota,2,shot,1,9:41,581,0,0,,,135,137,,0,91,22,8,FALSE,Quality on net,Wrist
20252026,Regular,216,,Seattle,8,Minnesota,2,shot,1,12:10,730,0,0,,,449,111,,0,90,155,2,FALSE,Non quality on net,Wrist
20252026,Regular,216,,Seattle,8,Minnesota,2,shot,1,13:11,791,0,0,,,454,198,,0,23,155,2,FALSE,Non quality on net,Wrist
20252026,Regular,216,,Seattle,8,Minnesota,2,shot,1,14:16,856,0,0,,,211,238,,0,138,22,8,FALSE,Non quality on net,Wrist
20252026,Regular,216,,Seattle,8,Minnesota,2,shot,1,15:28,928,0,0,,,148,89,,0,13,22,8,FALSE,Non quality on net,Slap
20252026,Regular,216,,Seattle,8,Minnesota,2,shot,1,15:28,928,0,0,,,135,103,,0,210,22,8,FALSE,Quality on net,Wrist
20252026,Regular,216,,Seattle,8,Minnesota,2,shot,1,16:44,1004,0,0,,,537,114,,0,21,155,2,FALSE,Quality on net,Wrist
20252026,Regular,216,,Seattle,8,Minnesota,2,shot,1,17:09,1029,0,0,,,531,96,,0,20,155,2,FALSE,Non quality on net,Backhand
20252026,Regular,216,,Seattle,8,Minnesota,2,shot,1,17:09,1029,0,0,,,534,111,,0,20,155,2,FALSE,Quality on net,Wrist
20252026,Regular,216,,Seattle,8,Minnesota,2,shot,1,18:08,1088,0,0,,,507,147,,0,23,155,2,TRUE,Quality goal,Wrist
20252026,Regular,216,,Seattle,8,Minnesota,2,shot,2,0:29,1229,0,1,,,75,137,,-1,49,22,8,FALSE,Quality on net,Wrist
20252026,Regular,216,,Seattle,8,Minnesota,2,shot,2,4:30,1470,0,1,,,117,94,,-1,203,22,8,FALSE,Quality on net,Wrist
20252026,Regular,216,,Seattle,8,Minnesota,2,shot,2,4:46,1486,0,1,,,195,127,,-1,203,22,8,FALSE,Non quality on net,Wrist
20252026,Regular,216,,Seattle,8,Minnesota,2,shot,2,4:48,1488,0,1,,,76,156,,-1,181,22,8,FALSE,Quality on net,Backhand
20252026,Regular,216,,Seattle,8,Minnesota,2,shot,2,8:43,1723,0,1,,,538,129,,1,195,155,2,FALSE,Quality on net,Wrist
20252026,Regular,216,,Seattle,8,Minnesota,2,shot,2,15:41,2141,0,1,,,427,195,,1,190,155,2,FALSE,Non quality on net,Wrist
20252026,Regular,216,,Seattle,8,Minnesota,2,shot,2,18:26,2306,0,1,,,555,105,,1,25,155,2,FALSE,Non quality on net,Wrist
20252026,Regular,216,,Seattle,8,Minnesota,2,shot,2,18:27,2307,0,1,,,555,117,,1,247,155,2,FALSE,Non quality on net,Wrist
20252026,Regular,216,,Seattle,8,Minnesota,2,shot,2,18:27,2307,0,1,,,545,125,,1,25,155,2,FALSE,Quality on net,Wrist
20252026,Regular,216,,Seattle,8,Minnesota,2,shot,2,19:29,2369,0,1,,,446,81,,1,20,155,2,FALSE,Non quality on net,Wrist
20252026,Regular,216,,Seattle,8,Minnesota,2,shot,3,1:53,2513,0,1,,,145,265,,-1,34,22,8,FALSE,Non quality on net,Wrist
20252026,Regular,216,,Seattle,8,Minnesota,2,shot,3,2:35,2555,0,1,,,123,132,,-1,196,22,8,FALSE,Quality on net,Wrist
20252026,Regular,216,,Seattle,8,Minnesota,2,shot,3,4:34,2674,0,1,,,150,203,,-1,34,22,8,FALSE,Non quality on net,Wrist
20252026,Regular,216,,Seattle,8,Minnesota,2,shot,3,4:59,2699,0,1,,,127,137,,-1,34,22,8,FALSE,Quality on net,Backhand
20252026,Regular,216,,Seattle,8,Minnesota,2,shot,3,5:32,2732,0,1,,,83,166,,-1,224,22,8,FALSE,Quality on net,Wrist
20252026,Regular,216,,Seattle,8,Minnesota,2,shot,3,5:47,2747,0,1,,,201,126,,-1,203,22,8,FALSE,Non quality on net,Wrist
20252026,Regular,216,,Seattle,8,Minnesota,2,shot,3,6:10,2770,0,1,,,199,107,,-1,210,22,8,FALSE,Non quality on net,Wrist
20252026,Regular,216,,Seattle,8,Minnesota,2,shot,3,7:11,2831,0,1,,,194,261,,-1,181,22,8,FALSE,Non quality on net,Wrist
20252026,Regular,216,,Seattle,8,Minnesota,2,shot,3,7:28,2848,0,1,,,166,228,,-1,49,22,8,FALSE,Non quality on net,Wrist
20252026,Regular,216,,Seattle,8,Minnesota,2,shot,3,7:32,2852,0,1,,,129,195,,-1,34,22,8,FALSE,Quality on net,Backhand
20252026,Regular,216,,Seattle,8,Minnesota,2,shot,3,8:43,2923,0,1,,,534,120,,1,263,155,2,FALSE,Quality on net,Wrist
20252026,Regular,216,,Seattle,8,Minnesota,2,shot,3,8:46,2926,0,1,,,552,129,,1,263,155,2,FALSE,Quality on net,Wrist
20252026,Regular,216,,Seattle,8,Minnesota,2,shot,3,9:07,2947,0,1,,,394,69,,-1,294,22,8,FALSE,Non quality on net,Default
20252026,Regular,216,,Seattle,8,Minnesota,2,shot,3,9:48,2988,0,1,,,494,105,,1,23,155,2,TRUE,Quality goal,Wrist
20252026,Regular,216,,Seattle,8,Minnesota,2,shot,3,11:16,3076,0,2,,,531,192,,2,189,155,2,FALSE,Quality on net,Backhand
20252026,Regular,216,,Seattle,8,Minnesota,2,shot,3,11:41,3101,0,2,,,174,155,,-2,210,22,8,FALSE,Non quality on net,Wrist
20252026,Regular,216,,Seattle,8,Minnesota,2,shot,3,12:03,3123,0,2,,,521,99,,2,189,155,2,FALSE,Quality on net,Backhand
20252026,Regular,216,,Seattle,8,Minnesota,2,shot,3,12:21,3141,0,2,,,62,164,,-2,13,22,8,FALSE,Quality on net,Wrist
20252026,Regular,216,,Seattle,8,Minnesota,2,shot,3,12:42,3162,0,2,,,513,135,,2,20,155,2,FALSE,Quality on net,Wrist
20252026,Regular,216,,Seattle,8,Minnesota,2,shot,3,13:19,3199,0,2,,,69,171,,-2,13,22,8,FALSE,Quality on net,Backhand
20252026,Regular,216,,Seattle,8,Minnesota,2,shot,3,13:30,3210,0,2,,,544,100,,2,195,155,2,FALSE,Non quality on net,Wrist
20252026,Regular,216,,Seattle,8,Minnesota,2,shot,3,13:31,3211,0,2,,,551,117,,2,25,155,2,TRUE,Non quality goal,Wrist
20252026,Regular,216,,Seattle,8,Minnesota,2,shot,3,14:33,3273,0,3,,,525,123,,3,104,155,2,FALSE,Quality on net,Wrist
20252026,Regular,216,,Seattle,8,Minnesota,2,shot,3,14:40,3280,0,3,,,420,72,,3,188,155,2,FALSE,Non quality on net,Wrist
20252026,Regular,216,,Seattle,8,Minnesota,2,shot,3,15:09,3309,0,3,,,551,97,,3,25,155,2,FALSE,Non quality on net,Wrist
20252026,Regular,216,,Seattle,8,Minnesota,2,shot,3,16:57,3417,0,3,,,192,191,,-3,210,22,8,FALSE,Non quality on net,Wrist
20252026,Regular,216,,Seattle,8,Minnesota,2,shot,3,18:47,3527,0,3,,,130,180,,-3,181,22,8,FALSE,Quality on net,Wrist
20252026,Regular,216,,Seattle,8,Minnesota,2,shot,3,19:00,3540,0,3,,,142,112,,-3,13,22,8,FALSE,Quality on net,Slap
20252026,Regular,216,,Seattle,8,Minnesota,2,shot,3,19:32,3572,0,3,,,165,195,,-3,34,22,8,FALSE,Non quality on net,Wrist
20252026,Regular,217,,New York,4,Vancouver,9,shot,1,0:18,18,0,0,,,409,243,,0,114,228,9,FALSE,Non quality on net,Default
20252026,Regular,217,,New York,4,Vancouver,9,shot,1,4:08,248,0,0,,,70,214,,0,283,64,4,TRUE,Non quality goal,Snap
20252026,Regular,217,,New York,4,Vancouver,9,shot,1,6:00,360,1,0,,,104,253,,1,205,64,4,FALSE,Non quality on net,Snap
20252026,Regular,217,,New York,4,Vancouver,9,shot,1,6:14,374,1,0,,,49,195,,1,205,64,4,FALSE,Non quality on net,Snap
20252026,Regular,217,,New York,4,Vancouver,9,shot,1,7:41,461,1,0,,,531,123,,-1,192,228,9,FALSE,Quality on net,Snap
20252026,Regular,217,,New York,4,Vancouver,9,shot,1,8:18,498,1,0,,,142,66,,1,230,64,4,FALSE,Non quality on net,Slap
20252026,Regular,217,,New York,4,Vancouver,9,shot,1,8:58,538,1,0,,,396,69,,-1,118,228,9,FALSE,Non quality on net,Wrist
20252026,Regular,217,,New York,4,Vancouver,9,shot,1,9:25,565,1,0,,,547,131,,-1,115,228,9,FALSE,Quality on net,Tip
20252026,Regular,217,,New York,4,Vancouver,9,shot,1,9:37,577,1,0,,,495,146,,-1,192,228,9,FALSE,Quality on net,Snap
20252026,Regular,217,,New York,4,Vancouver,9,shot,1,14:53,893,1,0,,,179,141,,1,60,64,4,FALSE,Non quality on net,Snap
20252026,Regular,217,,New York,4,Vancouver,9,shot,1,15:46,946,1,0,,,235,291,,1,204,64,4,FALSE,Non quality on net,Snap
20252026,Regular,217,,New York,4,Vancouver,9,shot,1,16:12,972,1,0,,,418,128,,-1,89,228,9,FALSE,Non quality on net,Wrist
20252026,Regular,217,,New York,4,Vancouver,9,shot,1,17:22,1042,1,0,,,89,144,,1,249,64,4,FALSE,Quality on net,Snap
20252026,Regular,217,,New York,4,Vancouver,9,shot,1,18:13,1093,1,0,,,61,178,,1,205,64,4,TRUE,Quality goal,Snap
20252026,Regular,217,,New York,4,Vancouver,9,shot,1,18:45,1125,2,0,,,105,170,,2,245,64,4,FALSE,Quality on net,Slap
20252026,Regular,217,,New York,4,Vancouver,9,shot,2,0:55,1255,2,0,,,66,117,,2,40,64,4,TRUE,Quality goal,Snap
20252026,Regular,217,,New York,4,Vancouver,9,shot,2,3:20,1400,3,0,,,529,182,,-3,198,228,9,FALSE,Quality on net,Snap
20252026,Regular,217,,New York,4,Vancouver,9,shot,2,3:41,1421,3,0,,,547,169,,-3,11,228,9,FALSE,Quality on net,Backhand
20252026,Regular,217,,New York,4,Vancouver,9,shot,2,3:43,1423,3,0,,,524,229,,-3,192,228,9,FALSE,Non quality on net,Snap
20252026,Regular,217,,New York,4,Vancouver,9,shot,2,6:56,1616,3,0,,,153,165,,3,207,64,4,FALSE,Non quality on net,Snap
20252026,Regular,217,,New York,4,Vancouver,9,shot,2,7:11,1631,3,0,,,75,106,,3,40,64,4,FALSE,Quality on net,Snap
20252026,Regular,217,,New York,4,Vancouver,9,shot,2,8:01,1681,3,0,,,561,123,,-3,227,228,9,FALSE,Non quality on net,Snap
20252026,Regular,217,,New York,4,Vancouver,9,shot,2,8:15,1695,3,0,,,207,147,,3,285,64,4,FALSE,Non quality on net,Default
20252026,Regular,217,,New York,4,Vancouver,9,shot,2,8:25,1705,3,0,,,47,117,,3,206,64,4,FALSE,Non quality on net,Snap
20252026,Regular,217,,New York,4,Vancouver,9,shot,2,9:22,1762,3,0,,,448,105,,-3,11,228,9,FALSE,Non quality on net,Snap
20252026,Regular,217,,New York,4,Vancouver,9,shot,2,10:00,1800,3,0,,,531,144,,-3,115,228,9,FALSE,Quality on net,Snap
20252026,Regular,217,,New York,4,Vancouver,9,shot,2,10:10,1810,3,0,,,511,122,,-3,89,228,9,FALSE,Quality on net,Slap
20252026,Regular,217,,New York,4,Vancouver,9,shot,2,10:19,1819,3,0,,,59,125,,3,30,64,4,TRUE,Quality goal,Backhand
20252026,Regular,217,,New York,4,Vancouver,9,shot,2,13:50,2030,4,0,,,134,135,,4,230,64,4,FALSE,Quality on net,Snap
20252026,Regular,217,,New York,4,Vancouver,9,shot,2,17:09,2229,4,0,,,78,142,,4,30,64,4,FALSE,Quality on net,Tip
20252026,Regular,217,,New York,4,Vancouver,9,shot,2,17:56,2276,4,0,,,535,133,,-4,115,228,9,FALSE,Quality on net,Backhand
20252026,Regular,217,,New York,4,Vancouver,9,shot,2,18:29,2309,4,0,,,186,45,,4,230,64,4,FALSE,Non quality on net,Snap
20252026,Regular,217,,New York,4,Vancouver,9,shot,2,19:36,2376,4,0,,,117,164,,4,249,64,4,FALSE,Quality on net,Snap
20252026,Regular,217,,New York,4,Vancouver,9,shot,3,0:26,2426,4,0,,,105,166,,4,249,64,4,FALSE,Quality on net,Snap
20252026,Regular,217,,New York,4,Vancouver,9,shot,3,2:01,2521,4,0,,,85,245,,4,285,64,4,FALSE,Non quality on net,Snap
20252026,Regular,217,,New York,4,Vancouver,9,shot,3,4:35,2675,4,0,,,543,151,,-4,198,228,9,FALSE,Quality on net,Wrist
20252026,Regular,217,,New York,4,Vancouver,9,shot,3,4:36,2676,4,0,,,541,144,,-4,198,228,9,FALSE,Quality on net,Snap
20252026,Regular,217,,New York,4,Vancouver,9,shot,3,5:23,2723,4,0,,,417,159,,-4,11,228,9,TRUE,Non quality goal,Wrist
20252026,Regular,217,,New York,4,Vancouver,9,shot,3,8:24,2904,4,1,,,92,216,,3,249,64,4,FALSE,Quality on net,Snap
20252026,Regular,217,,New York,4,Vancouver,9,shot,3,8:50,2930,4,1,,,186,252,,3,47,64,4,FALSE,Non quality on net,Default
20252026,Regular,217,,New York,4,Vancouver,9,shot,3,8:55,2935,4,1,,,74,158,,3,245,64,4,TRUE,Quality goal,Tip
20252026,Regular,217,,New York,4,Vancouver,9,shot,3,11:10,3070,5,1,,,445,87,,-4,169,228,9,FALSE,Non quality on net,Wrist
20252026,Regular,217,,New York,4,Vancouver,9,shot,3,11:40,3100,5,1,,,380,290,,-4,115,228,9,FALSE,Non quality on net,Wrist
20252026,Regular,217,,New York,4,Vancouver,9,shot,3,12:56,3176,5,1,,,57,115,,4,30,64,4,FALSE,Non quality on net,Backhand
20252026,Regular,217,,New York,4,Vancouver,9,shot,3,13:05,3185,5,1,,,61,159,,4,245,64,4,FALSE,Quality on net,Tip
20252026,Regular,217,,New York,4,Vancouver,9,shot,3,13:24,3204,5,1,,,153,75,,4,229,64,4,FALSE,Non quality on net,Slap
20252026,Regular,217,,New York,4,Vancouver,9,shot,3,14:45,3285,5,1,,,420,228,,-4,252,228,9,FALSE,Non quality on net,Slap
20252026,Regular,217,,New York,4,Vancouver,9,shot,3,18:50,3530,5,1,,,525,187,,-4,114,228,9,FALSE,Quality on net,Default
20252026,Regular,217,,New York,4,Vancouver,9,shot,3,18:57,3537,5,1,,,59,216,,4,205,64,4,FALSE,Non quality on net,Wrist
20252026,Regular,218,,Toronto,6,Boston,1,shot,1,3:18,198,0,0,,,447,237,,0,182,211,1,FALSE,Non quality on net,Wrist
20252026,Regular,218,,Toronto,6,Boston,1,shot,1,6:26,386,0,0,,,76,120,,0,76,6,6,TRUE,Quality goal,Wrist
20252026,Regular,218,,Toronto,6,Boston,1,shot,1,7:17,437,1,0,,,96,45,,1,65,6,6,FALSE,Non quality on net,Wrist
20252026,Regular,218,,Toronto,6,Boston,1,shot,1,7:35,455,1,0,,,111,178,,1,76,6,6,FALSE,Quality on net,Default
20252026,Regular,218,,Toronto,6,Boston,1,shot,1,8:04,484,1,0,,,140,82,,1,56,6,6,FALSE,Quality on net,Wrist
20252026,Regular,218,,Toronto,6,Boston,1,shot,1,10:38,638,1,0,,,341,246,,-1,18,211,1,FALSE,Non quality on net,Wrist
20252026,Regular,218,,Toronto,6,Boston,1,shot,1,10:58,658,1,0,,,203,238,,1,56,6,6,FALSE,Non quality on net,Wrist
20252026,Regular,218,,Toronto,6,Boston,1,shot,1,11:14,674,1,0,,,112,129,,1,100,6,6,FALSE,Quality on net,Wrist
20252026,Regular,218,,Toronto,6,Boston,1,shot,1,11:35,695,1,0,,,57,214,,1,100,6,6,FALSE,Non quality on net,Snap
20252026,Regular,218,,Toronto,6,Boston,1,shot,1,12:43,763,1,0,,,69,130,,1,317,6,6,FALSE,Quality on net,Backhand
20252026,Regular,218,,Toronto,6,Boston,1,shot,1,18:45,1125,1,0,,,90,185,,1,73,6,6,FALSE,Quality on net,Snap
20252026,Regular,218,,Toronto,6,Boston,1,shot,2,4:55,1495,1,0,,,129,135,,1,65,6,6,FALSE,Quality on net,Wrist
20252026,Regular,218,,Toronto,6,Boston,1,shot,2,5:43,1543,1,0,,,77,129,,1,66,6,6,FALSE,Quality on net,Backhand
20252026,Regular,218,,Toronto,6,Boston,1,shot,2,9:31,1771,1,0,,,491,145,,-1,212,211,1,FALSE,Quality on net,Wrist
20252026,Regular,218,,Toronto,6,Boston,1,shot,2,10:11,1811,1,0,,,129,194,,1,316,6,6,FALSE,Quality on net,Wrist
20252026,Regular,218,,Toronto,6,Boston,1,shot,2,10:16,1816,1,0,,,149,75,,1,200,6,6,FALSE,Non quality on net,Wrist
20252026,Regular,218,,Toronto,6,Boston,1,shot,2,10:32,1832,1,0,,,149,155,,1,66,6,6,FALSE,Non quality on net,Snap
20252026,Regular,218,,Toronto,6,Boston,1,shot,2,13:47,2027,1,0,,,199,103,,1,67,6,6,FALSE,Non quality on net,Slap
20252026,Regular,218,,Toronto,6,Boston,1,shot,2,14:09,2049,1,0,,,503,183,,-1,149,211,1,FALSE,Quality on net,Snap
20252026,Regular,218,,Toronto,6,Boston,1,shot,2,14:10,2050,1,0,,,525,124,,-1,259,211,1,TRUE,Quality goal,Default
20252026,Regular,218,,Toronto,6,Boston,1,shot,2,17:12,2232,1,1,,,485,113,,0,259,211,1,FALSE,Quality on net,Wrist
20252026,Regular,218,,Toronto,6,Boston,1,shot,2,17:41,2261,1,1,,,381,43,,0,185,211,1,FALSE,Non quality on net,Slap
20252026,Regular,218,,Toronto,6,Boston,1,shot,2,18:16,2296,1,1,,,538,102,,0,78,211,1,FALSE,Non quality on net,Snap
20252026,Regular,218,,Toronto,6,Boston,1,shot,2,19:49,2389,1,1,,,103,173,,0,65,6,6,FALSE,Quality on net,Wrist
20252026,Regular,218,,Toronto,6,Boston,1,shot,3,4:08,2648,1,1,,,89,171,,0,66,6,6,FALSE,Quality on net,Default
20252026,Regular,218,,Toronto,6,Boston,1,shot,3,4:47,2687,1,1,,,519,186,,0,149,211,1,FALSE,Quality on net,Wrist
20252026,Regular,218,,Toronto,6,Boston,1,shot,3,6:02,2762,1,1,,,33,204,,0,65,6,6,FALSE,Non quality on net,Wrist
20252026,Regular,218,,Toronto,6,Boston,1,shot,3,7:14,2834,1,1,,,50,133,,0,26,6,6,FALSE,Quality on net,Tip
20252026,Regular,218,,Toronto,6,Boston,1,shot,3,8:38,2918,1,1,,,77,174,,0,100,6,6,FALSE,Quality on net,Snap
20252026,Regular,218,,Toronto,6,Boston,1,shot,3,9:39,2979,1,1,,,433,221,,0,183,211,1,FALSE,Non quality on net,Snap
20252026,Regular,218,,Toronto,6,Boston,1,shot,3,10:19,3019,1,1,,,466,186,,0,78,211,1,TRUE,Quality goal,Default
20252026,Regular,218,,Toronto,6,Boston,1,shot,3,11:32,3092,1,2,,,117,76,,-1,68,6,6,FALSE,Quality on net,Wrist
20252026,Regular,218,,Toronto,6,Boston,1,shot,3,12:15,3135,1,2,,,98,132,,-1,44,6,6,FALSE,Quality on net,Backhand
20252026,Regular,218,,Toronto,6,Boston,1,shot,3,12:39,3159,1,2,,,74,243,,-1,315,6,6,FALSE,Non quality on net,Wrist
20252026,Regular,218,,Toronto,6,Boston,1,shot,3,12:39,3159,1,2,,,87,189,,-1,73,6,6,FALSE,Quality on net,Backhand
20252026,Regular,218,,Toronto,6,Boston,1,shot,3,19:10,3550,1,2,,,47,103,,-1,100,6,6,FALSE,Non quality on net,Default
20252026,Regular,218,,Toronto,6,Boston,1,shot,3,19:38,3578,1,2,,,505,148,,1,15,0,1,TRUE,Quality goal,Default
20252026,Regular,219,,Ottawa,5,Minnesota,2,shot,1,0:24,24,0,0,,,551,175,,0,20,222,2,TRUE,Non quality goal,Default
20252026,Regular,219,,Ottawa,5,Minnesota,2,shot,1,1:53,113,0,1,,,505,147,,1,21,222,2,FALSE,Quality on net,Default
20252026,Regular,219,,Ottawa,5,Minnesota,2,shot,1,2:10,130,0,1,,,75,23,,-1,241,22,5,FALSE,Non quality on net,Default
20252026,Regular,219,,Ottawa,5,Minnesota,2,shot,1,2:44,164,0,1,,,67,65,,-1,57,22,5,FALSE,Non quality on net,Default
20252026,Regular,219,,Ottawa,5,Minnesota,2,shot,1,3:37,217,0,1,,,401,33,,1,24,222,2,FALSE,Non quality on net,Default
20252026,Regular,219,,Ottawa,5,Minnesota,2,shot,1,3:38,218,0,1,,,550,141,,1,195,222,2,TRUE,Quality goal,Default
20252026,Regular,219,,Ottawa,5,Minnesota,2,shot,1,3:52,232,0,2,,,531,118,,2,247,222,2,FALSE,Quality on net,Default
20252026,Regular,219,,Ottawa,5,Minnesota,2,shot,1,4:54,294,0,2,,,185,219,,-2,219,22,5,FALSE,Non quality on net,Default
20252026,Regular,219,,Ottawa,5,Minnesota,2,shot,1,5:12,312,0,2,,,537,145,,2,23,222,2,FALSE,Quality on net,Default
20252026,Regular,219,,Ottawa,5,Minnesota,2,shot,1,7:00,420,0,2,,,519,153,,2,25,222,2,TRUE,Quality goal,Default
20252026,Regular,219,,Ottawa,5,Minnesota,2,shot,1,8:26,506,0,3,,,523,111,,3,20,222,2,FALSE,Quality on net,Default
20252026,Regular,219,,Ottawa,5,Minnesota,2,shot,1,9:12,552,0,3,,,143,282,,-3,223,22,5,FALSE,Non quality on net,Default
20252026,Regular,219,,Ottawa,5,Minnesota,2,shot,1,10:59,659,0,3,,,198,140,,-3,223,22,5,FALSE,Non quality on net,Default
20252026,Regular,219,,Ottawa,5,Minnesota,2,shot,1,11:04,664,0,3,,,81,225,,-3,53,22,5,FALSE,Non quality on net,Default
20252026,Regular,219,,Ottawa,5,Minnesota,2,shot,1,13:38,818,0,3,,,539,108,,3,167,222,2,FALSE,Non quality on net,Default
20252026,Regular,219,,Ottawa,5,Minnesota,2,shot,1,15:10,910,0,3,,,121,155,,-3,53,22,5,FALSE,Quality on net,Default
20252026,Regular,219,,Ottawa,5,Minnesota,2,shot,1,15:20,920,0,3,,,525,113,,3,20,222,2,FALSE,Quality on net,Default
20252026,Regular,219,,Ottawa,5,Minnesota,2,shot,1,16:20,980,0,3,,,135,121,,-3,221,22,5,FALSE,Quality on net,Default
20252026,Regular,219,,Ottawa,5,Minnesota,2,shot,1,16:24,984,0,3,,,183,35,,-3,223,22,5,FALSE,Non quality on net,Default
20252026,Regular,219,,Ottawa,5,Minnesota,2,shot,1,18:52,1132,0,3,,,39,123,,-3,53,22,5,FALSE,Non quality on net,Default
20252026,Regular,219,,Ottawa,5,Minnesota,2,shot,2,0:48,1248,0,3,,,421,255,,3,167,222,2,FALSE,Non quality on net,Default
20252026,Regular,219,,Ottawa,5,Minnesota,2,shot,2,1:41,1301,0,3,,,54,67,,-3,220,22,5,FALSE,Non quality on net,Default
20252026,Regular,219,,Ottawa,5,Minnesota,2,shot,2,3:35,1415,0,3,,,393,99,,3,236,222,2,FALSE,Non quality on net,Default
20252026,Regular,219,,Ottawa,5,Minnesota,2,shot,2,6:07,1567,0,3,,,400,168,,3,167,222,2,FALSE,Non quality on net,Default
20252026,Regular,219,,Ottawa,5,Minnesota,2,shot,2,8:40,1720,0,3,,,39,127,,-3,239,22,5,FALSE,Non quality on net,Default
20252026,Regular,219,,Ottawa,5,Minnesota,2,shot,2,9:41,1781,0,3,,,55,153,,-3,88,22,5,FALSE,Quality on net,Default
20252026,Regular,219,,Ottawa,5,Minnesota,2,shot,2,9:56,1796,0,3,,,491,167,,3,21,222,2,FALSE,Quality on net,Default
20252026,Regular,219,,Ottawa,5,Minnesota,2,shot,2,11:57,1917,0,3,,,567,166,,3,24,222,2,FALSE,Non quality on net,Default
20252026,Regular,219,,Ottawa,5,Minnesota,2,shot,2,12:16,1936,0,3,,,425,92,,3,24,222,2,FALSE,Non quality on net,Default
20252026,Regular,219,,Ottawa,5,Minnesota,2,shot,2,12:28,1948,0,3,,,58,117,,-3,72,22,5,FALSE,Quality on net,Default
20252026,Regular,219,,Ottawa,5,Minnesota,2,shot,2,13:33,2013,0,3,,,74,136,,-3,101,22,5,FALSE,Quality on net,Default
20252026,Regular,219,,Ottawa,5,Minnesota,2,shot,2,14:23,2063,0,3,,,66,137,,-3,53,22,5,FALSE,Quality on net,Default
20252026,Regular,219,,Ottawa,5,Minnesota,2,shot,2,14:51,2091,0,3,,,147,233,,-3,57,22,5,FALSE,Non quality on net,Default
20252026,Regular,219,,Ottawa,5,Minnesota,2,shot,2,15:13,2113,0,3,,,171,277,,-3,57,22,5,FALSE,Non quality on net,Default
20252026,Regular,219,,Ottawa,5,Minnesota,2,shot,2,15:25,2125,0,3,,,120,45,,-3,58,22,5,FALSE,Non quality on net,Default
20252026,Regular,219,,Ottawa,5,Minnesota,2,shot,3,0:10,2410,0,3,,,45,106,,-3,71,22,5,FALSE,Non quality on net,Default
20252026,Regular,219,,Ottawa,5,Minnesota,2,shot,3,0:16,2416,0,3,,,61,177,,-3,53,22,5,FALSE,Quality on net,Default
20252026,Regular,219,,Ottawa,5,Minnesota,2,shot,3,0:51,2451,0,3,,,537,141,,3,20,222,2,FALSE,Quality on net,Default
20252026,Regular,219,,Ottawa,5,Minnesota,2,shot,3,1:02,2462,0,3,,,129,124,,-3,72,22,5,FALSE,Quality on net,Default
20252026,Regular,219,,Ottawa,5,Minnesota,2,shot,3,1:18,2478,0,3,,,464,98,,3,104,222,2,FALSE,Quality on net,Default
20252026,Regular,219,,Ottawa,5,Minnesota,2,shot,3,2:05,2525,0,3,,,81,129,,-3,239,22,5,FALSE,Quality on net,Default
20252026,Regular,219,,Ottawa,5,Minnesota,2,shot,3,2:14,2534,0,3,,,198,87,,-3,223,22,5,FALSE,Non quality on net,Default
20252026,Regular,219,,Ottawa,5,Minnesota,2,shot,3,2:31,2551,0,3,,,533,176,,3,247,222,2,FALSE,Quality on net,Default
20252026,Regular,219,,Ottawa,5,Minnesota,2,shot,3,2:33,2553,0,3,,,396,232,,3,264,222,2,FALSE,Non quality on net,Default
20252026,Regular,219,,Ottawa,5,Minnesota,2,shot,3,3:24,2604,0,3,,,153,86,,-3,286,22,5,FALSE,Non quality on net,Default
20252026,Regular,219,,Ottawa,5,Minnesota,2,shot,3,3:40,2620,0,3,,,525,152,,3,23,222,2,FALSE,Quality on net,Default
20252026,Regular,219,,Ottawa,5,Minnesota,2,shot,3,4:14,2654,0,3,,,531,145,,3,20,222,2,TRUE,Quality goal,Default
20252026,Regular,219,,Ottawa,5,Minnesota,2,shot,3,5:22,2722,0,4,,,546,127,,4,247,222,2,FALSE,Quality on net,Default
20252026,Regular,219,,Ottawa,5,Minnesota,2,shot,3,5:59,2759,0,4,,,182,49,,-4,242,22,5,TRUE,Non quality goal,Default
20252026,Regular,219,,Ottawa,5,Minnesota,2,shot,3,7:48,2868,1,4,,,493,281,,3,264,222,2,FALSE,Non quality on net,Default
20252026,Regular,219,,Ottawa,5,Minnesota,2,shot,3,8:07,2887,1,4,,,148,97,,-3,53,22,5,FALSE,Non quality on net,Default
20252026,Regular,219,,Ottawa,5,Minnesota,2,shot,3,8:35,2915,1,4,,,517,46,,3,247,222,2,FALSE,Non quality on net,Default
20252026,Regular,219,,Ottawa,5,Minnesota,2,shot,3,8:50,2930,1,4,,,483,258,,3,25,222,2,FALSE,Non quality on net,Default
20252026,Regular,219,,Ottawa,5,Minnesota,2,shot,3,9:19,2959,1,4,,,65,278,,-3,239,22,5,FALSE,Non quality on net,Default
20252026,Regular,219,,Ottawa,5,Minnesota,2,shot,3,9:45,2985,1,4,,,390,112,,3,236,222,2,FALSE,Non quality on net,Default
20252026,Regular,219,,Ottawa,5,Minnesota,2,shot,3,11:06,3066,1,4,,,510,124,,3,23,222,2,FALSE,Quality on net,Default
20252026,Regular,219,,Ottawa,5,Minnesota,2,shot,3,11:13,3073,1,4,,,507,67,,3,189,222,2,FALSE,Non quality on net,Default
20252026,Regular,219,,Ottawa,5,Minnesota,2,shot,3,11:34,3094,1,4,,,394,279,,3,167,222,2,FALSE,Non quality on net,Default
20252026,Regular,219,,Ottawa,5,Minnesota,2,shot,3,12:50,3170,1,4,,,520,150,,3,195,222,2,FALSE,Quality on net,Default
20252026,Regular,219,,Ottawa,5,Minnesota,2,shot,3,12:57,3177,1,4,,,111,113,,-3,101,22,5,FALSE,Quality on net,Default
20252026,Regular,219,,Ottawa,5,Minnesota,2,shot,3,14:15,3255,1,4,,,74,27,,-3,58,22,5,FALSE,Non quality on net,Default
20252026,Regular,219,,Ottawa,5,Minnesota,2,shot,3,15:30,3330,1,4,,,115,243,,-3,239,22,5,FALSE,Non quality on net,Default
20252026,Regular,219,,Ottawa,5,Minnesota,2,shot,3,16:09,3369,1,4,,,52,162,,-3,220,22,5,FALSE,Quality on net,Default
20252026,Regular,219,,Ottawa,5,Minnesota,2,shot,3,16:30,3390,1,4,,,414,259,,3,264,222,2,FALSE,Non quality on net,Default
20252026,Regular,219,,Ottawa,5,Minnesota,2,shot,3,17:03,3423,1,4,,,106,28,,-3,88,22,5,FALSE,Non quality on net,Default
20252026,Regular,219,,Ottawa,5,Minnesota,2,shot,3,17:25,3445,1,4,,,75,285,,-3,57,22,5,FALSE,Non quality on net,Default
20252026,Regular,219,,Ottawa,5,Minnesota,2,shot,3,18:07,3487,1,4,,,177,220,,-3,58,22,5,FALSE,Non quality on net,Default
20252026,Regular,219,,Ottawa,5,Minnesota,2,shot,3,18:13,3493,1,4,,,51,116,,-3,72,22,5,FALSE,Non quality on net,Default
20252026,Regular,219,,Ottawa,5,Minnesota,2,shot,3,18:31,3511,1,4,,,326,7,,3,20,0,2,TRUE,Non quality goal,Default
20252026,Regular,220,,Boston,1,Vancouver,9,shot,1,2:50,170,0,0,,,165,147,,0,243,59,1,FALSE,Non quality on net,Wrist
20252026,Regular,220,,Boston,1,Vancouver,9,shot,1,4:58,298,0,0,,,208,147,,0,182,59,1,FALSE,Non quality on net,Slap
20252026,Regular,220,,Boston,1,Vancouver,9,shot,1,5:01,301,0,0,,,61,181,,0,259,59,1,FALSE,Quality on net,Backhand
20252026,Regular,220,,Boston,1,Vancouver,9,shot,1,5:02,302,0,0,,,51,186,,0,259,59,1,TRUE,Non quality goal,Snap
20252026,Regular,220,,Boston,1,Vancouver,9,shot,1,5:48,348,1,0,,,63,248,,1,243,59,1,FALSE,Non quality on net,Snap
20252026,Regular,220,,Boston,1,Vancouver,9,shot,1,6:07,367,1,0,,,134,51,,1,183,59,1,FALSE,Non quality on net,Snap
20252026,Regular,220,,Boston,1,Vancouver,9,shot,1,7:04,424,1,0,,,211,225,,1,52,59,1,FALSE,Non quality on net,Wrist
20252026,Regular,220,,Boston,1,Vancouver,9,shot,1,8:02,482,1,0,,,120,77,,1,243,59,1,FALSE,Quality on net,Wrist
20252026,Regular,220,,Boston,1,Vancouver,9,shot,1,8:12,492,1,0,,,69,148,,1,212,59,1,FALSE,Quality on net,Wrist
20252026,Regular,220,,Boston,1,Vancouver,9,shot,1,8:42,522,1,0,,,207,85,,1,12,59,1,FALSE,Non quality on net,Wrist
20252026,Regular,220,,Boston,1,Vancouver,9,shot,1,9:19,559,1,0,,,95,165,,1,15,59,1,FALSE,Quality on net,Snap
20252026,Regular,220,,Boston,1,Vancouver,9,shot,1,9:38,578,1,0,,,87,195,,1,15,59,1,FALSE,Quality on net,Snap
20252026,Regular,220,,Boston,1,Vancouver,9,shot,1,10:24,624,1,0,,,105,210,,1,243,59,1,FALSE,Quality on net,Wrist
20252026,Regular,220,,Boston,1,Vancouver,9,shot,1,11:14,674,1,0,,,232,153,,1,1,59,1,FALSE,Non quality on net,Tip
20252026,Regular,220,,Boston,1,Vancouver,9,shot,1,13:23,803,1,0,,,183,85,,1,185,59,1,FALSE,Non quality on net,Snap
20252026,Regular,220,,Boston,1,Vancouver,9,shot,1,14:09,849,1,0,,,58,147,,1,183,59,1,FALSE,Quality on net,Wrist
20252026,Regular,220,,Boston,1,Vancouver,9,shot,1,14:25,865,1,0,,,96,162,,1,149,59,1,FALSE,Quality on net,Tip
20252026,Regular,220,,Boston,1,Vancouver,9,shot,1,14:54,894,1,0,,,541,195,,-1,161,6,9,FALSE,Non quality on net,Backhand
20252026,Regular,220,,Boston,1,Vancouver,9,shot,1,15:45,945,1,0,,,508,260,,-1,11,6,9,FALSE,Non quality on net,Wrist
20252026,Regular,220,,Boston,1,Vancouver,9,shot,1,17:57,1077,1,0,,,201,39,,1,255,59,1,FALSE,Non quality on net,Wrist
20252026,Regular,220,,Boston,1,Vancouver,9,shot,1,18:46,1126,1,0,,,67,264,,1,78,59,1,FALSE,Non quality on net,Snap
20252026,Regular,220,,Boston,1,Vancouver,9,shot,2,0:45,1245,1,0,,,212,251,,1,149,59,1,FALSE,Non quality on net,Slap
20252026,Regular,220,,Boston,1,Vancouver,9,shot,2,3:13,1393,1,0,,,75,203,,1,259,59,1,FALSE,Non quality on net,Wrist
20252026,Regular,220,,Boston,1,Vancouver,9,shot,2,5:53,1553,1,0,,,39,121,,1,182,59,1,FALSE,Non quality on net,Wrist
20252026,Regular,220,,Boston,1,Vancouver,9,shot,2,7:17,1637,1,0,,,496,168,,-1,198,6,9,FALSE,Quality on net,Snap
20252026,Regular,220,,Boston,1,Vancouver,9,shot,2,7:20,1640,1,0,,,397,226,,-1,50,6,9,FALSE,Non quality on net,Snap
20252026,Regular,220,,Boston,1,Vancouver,9,shot,2,8:20,1700,1,0,,,197,189,,1,185,59,1,FALSE,Non quality on net,Wrist
20252026,Regular,220,,Boston,1,Vancouver,9,shot,2,11:49,1909,1,0,,,518,111,,-1,209,6,9,FALSE,Quality on net,Snap
20252026,Regular,220,,Boston,1,Vancouver,9,shot,2,12:46,1966,1,0,,,518,166,,-1,252,6,9,FALSE,Quality on net,Backhand
20252026,Regular,220,,Boston,1,Vancouver,9,shot,2,13:11,1991,1,0,,,487,160,,-1,11,6,9,FALSE,Quality on net,Snap
20252026,Regular,220,,Boston,1,Vancouver,9,shot,2,13:23,2003,1,0,,,83,53,,1,149,59,1,FALSE,Non quality on net,Backhand
20252026,Regular,220,,Boston,1,Vancouver,9,shot,2,13:38,2018,1,0,,,502,167,,-1,180,6,9,FALSE,Quality on net,Slap
20252026,Regular,220,,Boston,1,Vancouver,9,shot,2,15:39,2139,1,0,,,125,135,,1,18,59,1,FALSE,Quality on net,Wrist
20252026,Regular,220,,Boston,1,Vancouver,9,shot,2,16:52,2212,1,0,,,144,174,,1,149,59,1,FALSE,Quality on net,Wrist
20252026,Regular,220,,Boston,1,Vancouver,9,shot,3,0:59,2459,1,0,,,114,220,,1,259,59,1,FALSE,Quality on net,Wrist
20252026,Regular,220,,Boston,1,Vancouver,9,shot,3,2:47,2567,1,0,,,405,157,,-1,252,6,9,FALSE,Non quality on net,Wrist
20252026,Regular,220,,Boston,1,Vancouver,9,shot,3,4:30,2670,1,0,,,563,132,,-1,11,6,9,FALSE,Non quality on net,Wrist
20252026,Regular,220,,Boston,1,Vancouver,9,shot,3,5:07,2707,1,0,,,569,130,,-1,227,6,9,FALSE,Non quality on net,Wrist
20252026,Regular,220,,Boston,1,Vancouver,9,shot,3,5:54,2754,1,0,,,448,117,,-1,252,6,9,FALSE,Non quality on net,Snap
20252026,Regular,220,,Boston,1,Vancouver,9,shot,3,6:24,2784,1,0,,,453,165,,-1,248,6,9,FALSE,Non quality on net,Wrist
20252026,Regular,220,,Boston,1,Vancouver,9,shot,3,6:40,2800,1,0,,,61,167,,1,149,59,1,TRUE,Quality goal,Wrist
20252026,Regular,220,,Boston,1,Vancouver,9,shot,3,8:06,2886,2,0,,,332,127,,-2,180,6,9,FALSE,Non quality on net,Wrist
20252026,Regular,220,,Boston,1,Vancouver,9,shot,3,10:24,3024,2,0,,,45,196,,2,259,59,1,FALSE,Non quality on net,Backhand
20252026,Regular,220,,Boston,1,Vancouver,9,shot,3,12:02,3122,2,0,,,56,92,,2,243,59,1,FALSE,Non quality on net,Snap
20252026,Regular,220,,Boston,1,Vancouver,9,shot,3,12:19,3139,2,0,,,414,245,,-2,180,6,9,FALSE,Non quality on net,Snap
20252026,Regular,220,,Boston,1,Vancouver,9,shot,3,15:13,3313,2,0,,,454,68,,-2,248,6,9,FALSE,Non quality on net,Wrist
20252026,Regular,220,,Boston,1,Vancouver,9,shot,3,16:09,3369,2,0,,,272,147,,-2,129,6,9,FALSE,Non quality on net,Wrist
20252026,Regular,220,,Boston,1,Vancouver,9,shot,3,17:09,3429,2,0,,,209,199,,2,12,59,1,FALSE,Non quality on net,Slap
20252026,Regular,220,,Boston,1,Vancouver,9,shot,3,17:31,3451,2,0,,,441,76,,-2,89,6,9,FALSE,Non quality on net,Wrist
20252026,Regular,220,,Boston,1,Vancouver,9,shot,3,17:33,3453,2,0,,,550,186,,-2,114,6,9,FALSE,Non quality on net,Wrist
20252026,Regular,220,,Boston,1,Vancouver,9,shot,3,19:01,3541,2,0,,,521,184,,-2,11,6,9,FALSE,Quality on net,Wrist
20252026,Regular,220,,Boston,1,Vancouver,9,shot,3,19:28,3568,2,0,,,356,106,,-2,252,6,9,FALSE,Non quality on net,Wrist
20252026,Regular,221,,Seattle,8,New York,4,shot,1,0:34,34,0,0,,,441,238,,0,245,250,4,FALSE,Non quality on net,Slap
20252026,Regular,221,,Seattle,8,New York,4,shot,1,1:17,77,0,0,,,451,207,,0,249,250,4,FALSE,Non quality on net,Wrist
20252026,Regular,221,,Seattle,8,New York,4,shot,1,3:10,190,0,0,,,443,183,,0,207,250,4,FALSE,Non quality on net,Wrist
20252026,Regular,221,,Seattle,8,New York,4,shot,1,3:15,195,0,0,,,530,157,,0,40,250,4,TRUE,Quality goal,Snap
20252026,Regular,221,,Seattle,8,New York,4,shot,1,3:44,224,0,1,,,208,61,,-1,13,228,8,FALSE,Non quality on net,Wrist
20252026,Regular,221,,Seattle,8,New York,4,shot,1,4:49,289,0,1,,,449,107,,1,60,250,4,FALSE,Non quality on net,Default
20252026,Regular,221,,Seattle,8,New York,4,shot,1,6:14,374,0,1,,,105,223,,-1,295,228,8,FALSE,Quality on net,Snap
20252026,Regular,221,,Seattle,8,New York,4,shot,1,10:49,649,0,1,,,495,219,,1,45,250,4,FALSE,Quality on net,Snap
20252026,Regular,221,,Seattle,8,New York,4,shot,1,14:29,869,0,1,,,209,45,,-1,203,228,8,FALSE,Non quality on net,Wrist
20252026,Regular,221,,Seattle,8,New York,4,shot,1,17:14,1034,0,1,,,522,75,,1,205,250,4,FALSE,Non quality on net,Wrist
20252026,Regular,221,,Seattle,8,New York,4,shot,1,17:31,1051,0,1,,,538,117,,1,249,250,4,FALSE,Quality on net,Default
20252026,Regular,221,,Seattle,8,New York,4,shot,2,3:48,1428,0,1,,,80,179,,-1,34,228,8,FALSE,Quality on net,Wrist
20252026,Regular,221,,Seattle,8,New York,4,shot,2,3:49,1429,0,1,,,69,174,,-1,34,228,8,FALSE,Quality on net,Backhand
20252026,Regular,221,,Seattle,8,New York,4,shot,2,5:00,1500,0,1,,,482,221,,1,245,250,4,FALSE,Quality on net,Wrist
20252026,Regular,221,,Seattle,8,New York,4,shot,2,6:42,1602,0,1,,,41,94,,-1,36,228,8,FALSE,Non quality on net,Wrist
20252026,Regular,221,,Seattle,8,New York,4,shot,2,8:00,1680,0,1,,,502,82,,1,205,250,4,FALSE,Quality on net,Snap
20252026,Regular,221,,Seattle,8,New York,4,shot,2,8:06,1686,0,1,,,523,228,,1,230,250,4,FALSE,Non quality on net,Snap
20252026,Regular,221,,Seattle,8,New York,4,shot,2,8:54,1734,0,1,,,457,150,,1,249,250,4,FALSE,Quality on net,Wrist
20252026,Regular,221,,Seattle,8,New York,4,shot,2,12:17,1937,0,1,,,137,226,,-1,49,228,8,FALSE,Quality on net,Wrist
20252026,Regular,221,,Seattle,8,New York,4,shot,2,14:02,2042,0,1,,,453,147,,1,245,250,4,FALSE,Non quality on net,Wrist
20252026,Regular,221,,Seattle,8,New York,4,shot,2,14:09,2049,0,1,,,381,135,,1,205,250,4,FALSE,Non quality on net,Wrist
20252026,Regular,221,,Seattle,8,New York,4,shot,2,14:11,2051,0,1,,,534,140,,1,280,250,4,FALSE,Quality on net,Backhand
20252026,Regular,221,,Seattle,8,New York,4,shot,2,14:25,2065,0,1,,,42,168,,-1,224,228,8,FALSE,Quality on net,Backhand
20252026,Regular,221,,Seattle,8,New York,4,shot,2,15:21,2121,0,1,,,92,88,,-1,13,228,8,FALSE,Quality on net,Wrist
20252026,Regular,221,,Seattle,8,New York,4,shot,2,15:32,2132,0,1,,,117,183,,-1,34,228,8,FALSE,Quality on net,Wrist
20252026,Regular,221,,Seattle,8,New York,4,shot,2,16:20,2180,0,1,,,457,163,,1,230,250,4,FALSE,Quality on net,Snap
20252026,Regular,221,,Seattle,8,New York,4,shot,2,16:22,2182,0,1,,,519,157,,1,245,250,4,FALSE,Quality on net,Backhand
20252026,Regular,221,,Seattle,8,New York,4,shot,2,17:43,2263,0,1,,,464,233,,1,245,250,4,FALSE,Non quality on net,Wrist
20252026,Regular,221,,Seattle,8,New York,4,shot,2,18:01,2281,0,1,,,538,153,,1,249,250,4,FALSE,Quality on net,Tip
20252026,Regular,221,,Seattle,8,New York,4,shot,2,18:18,2298,0,1,,,496,204,,1,205,250,4,FALSE,Quality on net,Wrist
20252026,Regular,221,,Seattle,8,New York,4,shot,3,0:14,2414,0,1,,,181,232,,-1,203,228,8,FALSE,Non quality on net,Wrist
20252026,Regular,221,,Seattle,8,New York,4,shot,3,1:47,2507,0,1,,,463,222,,1,207,250,4,FALSE,Quality on net,Wrist
20252026,Regular,221,,Seattle,8,New York,4,shot,3,3:48,2628,0,1,,,135,191,,-1,210,228,8,FALSE,Quality on net,Tip
20252026,Regular,221,,Seattle,8,New York,4,shot,3,6:08,2768,0,1,,,117,231,,-1,13,228,8,FALSE,Non quality on net,Slap
20252026,Regular,221,,Seattle,8,New York,4,shot,3,6:47,2807,0,1,,,79,117,,-1,13,228,8,FALSE,Quality on net,Wrist
20252026,Regular,221,,Seattle,8,New York,4,shot,3,7:29,2849,0,1,,,50,205,,-1,224,228,8,FALSE,Non quality on net,Snap
20252026,Regular,221,,Seattle,8,New York,4,shot,3,9:05,2945,0,1,,,386,135,,1,249,250,4,FALSE,Non quality on net,Wrist
20252026,Regular,221,,Seattle,8,New York,4,shot,3,11:16,3076,0,1,,,105,31,,-1,91,228,8,FALSE,Non quality on net,Wrist
20252026,Regular,221,,Seattle,8,New York,4,shot,3,12:49,3169,0,1,,,534,143,,1,245,250,4,FALSE,Quality on net,Backhand
20252026,Regular,221,,Seattle,8,New York,4,shot,3,14:15,3255,0,1,,,59,153,,-1,49,228,8,FALSE,Quality on net,Tip
20252026,Regular,221,,Seattle,8,New York,4,shot,3,14:58,3298,0,1,,,460,73,,1,249,250,4,FALSE,Non quality on net,Wrist
20252026,Regular,221,,Seattle,8,New York,4,shot,3,16:53,3413,0,1,,,59,147,,-1,34,228,8,FALSE,Quality on net,Backhand
20252026,Regular,221,,Seattle,8,New York,4,shot,3,18:36,3516,0,1,,,57,189,,-1,34,228,8,TRUE,Non quality goal,Wrist
20252026,Regular,221,,Seattle,8,New York,4,shot,3,18:58,3538,1,1,,,40,155,,0,13,228,8,TRUE,Quality goal,Wrist
20252026,Regular,222,,Toronto,6,Ottawa,5,shot,1,1:33,93,0,0,,,88,108,,0,26,222,6,FALSE,Quality on net,Wrist
20252026,Regular,222,,Toronto,6,Ottawa,5,shot,1,1:33,93,0,0,,,140,187,,0,317,222,6,FALSE,Quality on net,Wrist
20252026,Regular,222,,Toronto,6,Ottawa,5,shot,1,1:45,105,0,0,,,508,155,,0,240,85,5,TRUE,Quality goal,Wrist
20252026,Regular,222,,Toronto,6,Ottawa,5,shot,1,2:46,166,0,1,,,97,135,,-1,73,222,6,FALSE,Quality on net,Wrist
20252026,Regular,222,,Toronto,6,Ottawa,5,shot,1,2:59,179,0,1,,,535,147,,1,220,85,5,FALSE,Quality on net,Wrist
20252026,Regular,222,,Toronto,6,Ottawa,5,shot,1,3:59,239,0,1,,,534,146,,1,58,85,5,FALSE,Quality on net,Tip
20252026,Regular,222,,Toronto,6,Ottawa,5,shot,1,7:41,461,0,1,,,173,43,,-1,63,222,6,FALSE,Non quality on net,Slap
20252026,Regular,222,,Toronto,6,Ottawa,5,shot,1,8:23,503,0,1,,,119,112,,-1,100,222,6,FALSE,Quality on net,Wrist
20252026,Regular,222,,Toronto,6,Ottawa,5,shot,1,11:09,669,0,1,,,67,118,,-1,100,222,6,FALSE,Quality on net,Backhand
20252026,Regular,222,,Toronto,6,Ottawa,5,shot,1,11:10,670,0,1,,,141,213,,-1,67,222,6,FALSE,Quality on net,Default
20252026,Regular,222,,Toronto,6,Ottawa,5,shot,1,11:11,671,0,1,,,62,154,,-1,73,222,6,FALSE,Quality on net,Wrist
20252026,Regular,222,,Toronto,6,Ottawa,5,shot,1,12:31,751,0,1,,,64,165,,-1,66,222,6,FALSE,Quality on net,Wrist
20252026,Regular,222,,Toronto,6,Ottawa,5,shot,1,12:32,752,0,1,,,78,117,,-1,76,222,6,FALSE,Quality on net,Wrist
20252026,Regular,222,,Toronto,6,Ottawa,5,shot,1,14:09,849,0,1,,,399,26,,-1,26,222,6,FALSE,Non quality on net,Wrist
20252026,Regular,222,,Toronto,6,Ottawa,5,shot,1,14:19,859,0,1,,,204,281,,-1,74,222,6,FALSE,Non quality on net,Default
20252026,Regular,222,,Toronto,6,Ottawa,5,shot,1,15:40,940,0,1,,,105,61,,-1,100,222,6,FALSE,Non quality on net,Default
20252026,Regular,222,,Toronto,6,Ottawa,5,shot,1,15:42,942,0,1,,,153,102,,-1,68,222,6,FALSE,Non quality on net,Default
20252026,Regular,222,,Toronto,6,Ottawa,5,shot,1,17:51,1071,0,1,,,91,147,,-1,73,222,6,FALSE,Quality on net,Default
20252026,Regular,222,,Toronto,6,Ottawa,5,shot,1,18:00,1080,0,1,,,163,145,,-1,73,222,6,FALSE,Non quality on net,Default
20252026,Regular,222,,Toronto,6,Ottawa,5,shot,1,18:58,1138,0,1,,,207,170,,-1,68,222,6,FALSE,Non quality on net,Slap
20252026,Regular,222,,Toronto,6,Ottawa,5,shot,1,19:10,1150,0,1,,,173,176,,1,57,85,5,FALSE,Non quality on net,Wrist
20252026,Regular,222,,Toronto,6,Ottawa,5,shot,1,19:11,1151,0,1,,,177,123,,-1,68,222,6,FALSE,Non quality on net,Slap
20252026,Regular,222,,Toronto,6,Ottawa,5,shot,2,0:51,1251,0,1,,,200,121,,-1,67,222,6,FALSE,Non quality on net,Wrist
20252026,Regular,222,,Toronto,6,Ottawa,5,shot,2,1:49,1309,0,1,,,180,218,,-1,313,222,6,FALSE,Non quality on net,Wrist
20252026,Regular,222,,Toronto,6,Ottawa,5,shot,2,2:11,1331,0,1,,,58,153,,-1,65,222,6,FALSE,Quality on net,Tip
20252026,Regular,222,,Toronto,6,Ottawa,5,shot,2,2:22,1342,0,1,,,143,173,,-1,63,222,6,TRUE,Quality goal,Snap
20252026,Regular,222,,Toronto,6,Ottawa,5,shot,2,4:34,1474,1,1,,,505,163,,0,57,85,5,FALSE,Quality on net,Tip
20252026,Regular,222,,Toronto,6,Ottawa,5,shot,2,8:04,1684,1,1,,,55,141,,0,76,222,6,FALSE,Quality on net,Snap
20252026,Regular,222,,Toronto,6,Ottawa,5,shot,2,8:43,1723,1,1,,,134,226,,0,63,222,6,FALSE,Quality on net,Default
20252026,Regular,222,,Toronto,6,Ottawa,5,shot,2,9:11,1751,1,1,,,99,107,,0,44,222,6,FALSE,Quality on net,Wrist
20252026,Regular,222,,Toronto,6,Ottawa,5,shot,2,9:47,1787,1,1,,,549,140,,0,53,85,5,FALSE,Quality on net,Wrist
20252026,Regular,222,,Toronto,6,Ottawa,5,shot,2,10:32,1832,1,1,,,131,274,,0,244,222,6,FALSE,Non quality on net,Snap
20252026,Regular,222,,Toronto,6,Ottawa,5,shot,2,12:09,1929,1,1,,,477,140,,0,101,85,5,FALSE,Quality on net,Wrist
20252026,Regular,222,,Toronto,6,Ottawa,5,shot,2,12:59,1979,1,1,,,74,158,,0,100,222,6,TRUE,Quality goal,Tip
20252026,Regular,222,,Toronto,6,Ottawa,5,shot,2,13:52,2032,2,1,,,484,201,,-1,53,85,5,FALSE,Quality on net,Wrist
20252026,Regular,222,,Toronto,6,Ottawa,5,shot,2,16:20,2180,2,1,,,489,250,,-1,220,85,5,FALSE,Non quality on net,Wrist
20252026,Regular,222,,Toronto,6,Ottawa,5,shot,2,19:08,2348,2,1,,,546,135,,-1,53,85,5,FALSE,Quality on net,Default
20252026,Regular,222,,Toronto,6,Ottawa,5,shot,2,19:58,2398,2,1,,,414,93,,-1,88,85,5,FALSE,Non quality on net,Slap
20252026,Regular,222,,Toronto,6,Ottawa,5,shot,3,0:50,2450,2,1,,,49,118,,1,65,222,6,FALSE,Non quality on net,Wrist
20252026,Regular,222,,Toronto,6,Ottawa,5,shot,3,1:01,2461,2,1,,,56,147,,1,63,222,6,FALSE,Quality on net,Tip
20252026,Regular,222,,Toronto,6,Ottawa,5,shot,3,1:33,2493,2,1,,,394,226,,-1,108,85,5,FALSE,Non quality on net,Wrist
20252026,Regular,222,,Toronto,6,Ottawa,5,shot,3,2:49,2569,2,1,,,465,157,,-1,286,85,5,FALSE,Quality on net,Wrist
20252026,Regular,222,,Toronto,6,Ottawa,5,shot,3,3:07,2587,2,1,,,69,183,,1,65,222,6,FALSE,Quality on net,Slap
20252026,Regular,222,,Toronto,6,Ottawa,5,shot,3,3:57,2637,2,1,,,192,76,,1,86,222,6,FALSE,Non quality on net,Wrist
20252026,Regular,222,,Toronto,6,Ottawa,5,shot,3,6:04,2764,2,1,,,526,112,,-1,38,85,5,FALSE,Quality on net,Snap
20252026,Regular,222,,Toronto,6,Ottawa,5,shot,3,6:36,2796,2,1,,,527,143,,-1,72,85,5,FALSE,Quality on net,Snap
20252026,Regular,222,,Toronto,6,Ottawa,5,shot,3,9:15,2955,2,1,,,509,153,,-1,72,85,5,FALSE,Quality on net,Wrist
20252026,Regular,222,,Toronto,6,Ottawa,5,shot,3,10:23,3023,2,1,,,148,164,,1,200,222,6,FALSE,Non quality on net,Wrist
20252026,Regular,222,,Toronto,6,Ottawa,5,shot,3,12:23,3143,2,1,,,78,144,,1,200,222,6,FALSE,Quality on net,Backhand
20252026,Regular,222,,Toronto,6,Ottawa,5,shot,3,12:25,3145,2,1,,,96,164,,1,76,222,6,FALSE,Quality on net,Backhand
20252026,Regular,222,,Toronto,6,Ottawa,5,shot,3,13:32,3212,2,1,,,66,136,,1,100,222,6,FALSE,Quality on net,Wrist
20252026,Regular,222,,Toronto,6,Ottawa,5,shot,3,15:59,3359,2,1,,,398,181,,-1,221,85,5,FALSE,Non quality on net,Tip
20252026,Regular,222,,Toronto,6,Ottawa,5,shot,3,17:58,3478,2,1,,,156,215,,1,76,222,6,FALSE,Non quality on net,Tip
20252026,Regular,222,,Toronto,6,Ottawa,5,shot,3,19:20,3560,2,1,,,434,242,,1,76,0,6,TRUE,Non quality goal,Wrist
20252026,Regular,223,,Vancouver,9,New York,4,shot,1,0:09,9,0,0,,,146,106,,0,115,228,9,FALSE,Non quality on net,Wrist
20252026,Regular,223,,Vancouver,9,New York,4,shot,1,4:00,240,0,0,,,203,75,,0,180,228,9,FALSE,Non quality on net,Wrist
20252026,Regular,223,,Vancouver,9,New York,4,shot,1,4:40,280,0,0,,,45,173,,0,114,228,9,FALSE,Non quality on net,Wrist
20252026,Regular,223,,Vancouver,9,New York,4,shot,1,4:42,282,0,0,,,51,165,,0,114,228,9,TRUE,Quality goal,Wrist
20252026,Regular,223,,Vancouver,9,New York,4,shot,1,5:36,336,1,0,,,394,51,,-1,87,59,4,FALSE,Non quality on net,Wrist
20252026,Regular,223,,Vancouver,9,New York,4,shot,1,5:58,358,1,0,,,111,156,,1,252,228,9,FALSE,Quality on net,Wrist
20252026,Regular,223,,Vancouver,9,New York,4,shot,1,8:06,486,1,0,,,61,142,,1,248,228,9,FALSE,Quality on net,Wrist
20252026,Regular,223,,Vancouver,9,New York,4,shot,1,8:20,500,1,0,,,549,136,,-1,205,59,4,FALSE,Quality on net,Wrist
20252026,Regular,223,,Vancouver,9,New York,4,shot,1,8:42,522,1,0,,,492,149,,-1,30,59,4,FALSE,Quality on net,Wrist
20252026,Regular,223,,Vancouver,9,New York,4,shot,1,11:53,713,1,0,,,395,220,,-1,87,59,4,FALSE,Non quality on net,Wrist
20252026,Regular,223,,Vancouver,9,New York,4,shot,1,13:13,793,1,0,,,400,204,,-1,206,59,4,FALSE,Non quality on net,Wrist
20252026,Regular,223,,Vancouver,9,New York,4,shot,1,14:46,886,1,0,,,102,209,,1,161,228,9,FALSE,Quality on net,Wrist
20252026,Regular,223,,Vancouver,9,New York,4,shot,1,16:36,996,1,0,,,120,63,,1,50,228,9,TRUE,Non quality goal,Wrist
20252026,Regular,223,,Vancouver,9,New York,4,shot,1,17:29,1049,2,0,,,388,189,,-2,229,59,4,FALSE,Non quality on net,Wrist
20252026,Regular,223,,Vancouver,9,New York,4,shot,1,17:39,1059,2,0,,,109,98,,2,198,228,9,TRUE,Quality goal,Default
20252026,Regular,223,,Vancouver,9,New York,4,shot,1,18:44,1124,3,0,,,443,214,,-3,245,59,4,FALSE,Non quality on net,Wrist
20252026,Regular,223,,Vancouver,9,New York,4,shot,2,1:35,1295,3,0,,,491,204,,-3,206,59,4,FALSE,Quality on net,Wrist
20252026,Regular,223,,Vancouver,9,New York,4,shot,2,1:48,1308,3,0,,,565,104,,-3,285,59,4,FALSE,Non quality on net,Wrist
20252026,Regular,223,,Vancouver,9,New York,4,shot,2,1:54,1314,3,0,,,542,166,,-3,285,59,4,FALSE,Quality on net,Wrist
20252026,Regular,223,,Vancouver,9,New York,4,shot,2,2:30,1350,3,0,,,519,160,,-3,30,59,4,FALSE,Quality on net,Wrist
20252026,Regular,223,,Vancouver,9,New York,4,shot,2,2:52,1372,3,0,,,468,126,,-3,30,59,4,FALSE,Quality on net,Wrist
20252026,Regular,223,,Vancouver,9,New York,4,shot,2,5:35,1535,3,0,,,128,223,,3,198,228,9,FALSE,Quality on net,Wrist
20252026,Regular,223,,Vancouver,9,New York,4,shot,2,9:01,1741,3,0,,,537,236,,-3,40,59,4,FALSE,Non quality on net,Wrist
20252026,Regular,223,,Vancouver,9,New York,4,shot,2,10:40,1840,3,0,,,533,120,,-3,280,59,4,FALSE,Quality on net,Wrist
20252026,Regular,223,,Vancouver,9,New York,4,shot,2,12:04,1924,3,0,,,148,129,,3,227,228,9,FALSE,Non quality on net,Wrist
20252026,Regular,223,,Vancouver,9,New York,4,shot,2,12:20,1940,3,0,,,219,183,,3,129,228,9,FALSE,Non quality on net,Wrist
20252026,Regular,223,,Vancouver,9,New York,4,shot,2,12:39,1959,3,0,,,84,135,,3,192,228,9,FALSE,Quality on net,Wrist
20252026,Regular,223,,Vancouver,9,New York,4,shot,2,16:04,2164,3,0,,,492,251,,-3,285,59,4,FALSE,Non quality on net,Wrist
20252026,Regular,223,,Vancouver,9,New York,4,shot,2,17:05,2225,3,0,,,566,84,,-3,285,59,4,FALSE,Non quality on net,Default
20252026,Regular,223,,Vancouver,9,New York,4,shot,2,17:11,2231,3,0,,,463,222,,-3,147,59,4,FALSE,Quality on net,Wrist
20252026,Regular,223,,Vancouver,9,New York,4,shot,3,1:11,2471,3,0,,,76,137,,3,227,228,9,FALSE,Quality on net,Wrist
20252026,Regular,223,,Vancouver,9,New York,4,shot,3,3:09,2589,3,0,,,83,178,,3,252,228,9,FALSE,Quality on net,Wrist
20252026,Regular,223,,Vancouver,9,New York,4,shot,3,4:01,2641,3,0,,,526,72,,-3,249,59,4,FALSE,Non quality on net,Wrist
20252026,Regular,223,,Vancouver,9,New York,4,shot,3,5:44,2744,3,0,,,111,126,,3,11,228,9,FALSE,Quality on net,Wrist
20252026,Regular,223,,Vancouver,9,New York,4,shot,3,5:47,2747,3,0,,,39,162,,3,114,228,9,TRUE,Quality goal,Wrist
20252026,Regular,223,,Vancouver,9,New York,4,shot,3,6:52,2812,4,0,,,74,179,,4,115,228,9,FALSE,Quality on net,Wrist
20252026,Regular,223,,Vancouver,9,New York,4,shot,3,7:02,2822,4,0,,,457,75,,-4,285,59,4,FALSE,Quality on net,Wrist
20252026,Regular,223,,Vancouver,9,New York,4,shot,3,8:43,2923,4,0,,,485,137,,-4,249,59,4,FALSE,Quality on net,Wrist
20252026,Regular,223,,Vancouver,9,New York,4,shot,3,10:35,3035,4,0,,,487,52,,-4,205,59,4,FALSE,Non quality on net,Wrist
20252026,Regular,223,,Vancouver,9,New York,4,shot,3,12:34,3154,4,0,,,520,189,,-4,47,59,4,FALSE,Quality on net,Wrist
20252026,Regular,223,,Vancouver,9,New York,4,shot,3,12:35,3155,4,0,,,541,196,,-4,47,59,4,FALSE,Non quality on net,Default
20252026,Regular,223,,Vancouver,9,New York,4,shot,3,13:37,3217,4,0,,,543,162,,-4,205,59,4,FALSE,Quality on net,Wrist
20252026,Regular,223,,Vancouver,9,New York,4,shot,3,14:16,3256,4,0,,,557,172,,-4,30,59,4,FALSE,Non quality on net,Wrist
20252026,Regular,223,,Vancouver,9,New York,4,shot,3,14:19,3259,4,0,,,566,188,,-4,30,59,4,FALSE,Non quality on net,Wrist
20252026,Regular,223,,Vancouver,9,New York,4,shot,3,15:02,3302,4,0,,,194,213,,4,50,228,9,FALSE,Non quality on net,Wrist
20252026,Regular,223,,Vancouver,9,New York,4,shot,3,16:49,3409,4,0,,,143,272,,4,50,228,9,FALSE,Non quality on net,Wrist
20252026,Regular,223,,Vancouver,9,New York,4,shot,3,17:11,3431,4,0,,,540,73,,-4,280,59,4,FALSE,Non quality on net,Wrist
20252026,Regular,223,,Vancouver,9,New York,4,shot,3,19:15,3555,4,0,,,550,128,,-4,249,59,4,FALSE,Quality on net,Wrist
20252026,Regular,224,,Montréal,3,Toronto,6,shot,1,0:28,28,0,0,,,175,59,,0,32,211,3,FALSE,Non quality on net,Wrist
20252026,Regular,224,,Montréal,3,Toronto,6,shot,1,0:54,54,0,0,,,65,242,,0,4,211,3,FALSE,Non quality on net,Wrist
20252026,Regular,224,,Montréal,3,Toronto,6,shot,1,0:55,55,0,0,,,86,159,,0,98,211,3,FALSE,Quality on net,Snap
20252026,Regular,224,,Montréal,3,Toronto,6,shot,1,2:10,130,0,0,,,69,272,,0,253,211,3,FALSE,Non quality on net,Wrist
20252026,Regular,224,,Montréal,3,Toronto,6,shot,1,2:53,173,0,0,,,125,276,,0,32,211,3,FALSE,Non quality on net,Tip
20252026,Regular,224,,Montréal,3,Toronto,6,shot,1,4:16,256,0,0,,,455,287,,0,73,28,6,FALSE,Non quality on net,Backhand
20252026,Regular,224,,Montréal,3,Toronto,6,shot,1,6:15,375,0,0,,,44,211,,0,51,211,3,FALSE,Non quality on net,Wrist
20252026,Regular,224,,Montréal,3,Toronto,6,shot,1,6:36,396,0,0,,,329,201,,0,200,28,6,FALSE,Non quality on net,Wrist
20252026,Regular,224,,Montréal,3,Toronto,6,shot,1,8:38,518,0,0,,,206,106,,0,84,211,3,TRUE,Non quality goal,Wrist
20252026,Regular,224,,Montréal,3,Toronto,6,shot,1,12:17,737,1,0,,,63,174,,1,128,211,3,FALSE,Quality on net,Backhand
20252026,Regular,224,,Montréal,3,Toronto,6,shot,1,12:38,758,1,0,,,117,90,,1,31,211,3,FALSE,Quality on net,Wrist
20252026,Regular,224,,Montréal,3,Toronto,6,shot,1,14:06,846,1,0,,,354,287,,1,5,211,3,FALSE,Non quality on net,Wrist
20252026,Regular,224,,Montréal,3,Toronto,6,shot,1,14:12,852,1,0,,,121,205,,1,61,211,3,FALSE,Quality on net,Wrist
20252026,Regular,224,,Montréal,3,Toronto,6,shot,1,14:41,881,1,0,,,555,185,,-1,74,28,6,FALSE,Non quality on net,Wrist
20252026,Regular,224,,Montréal,3,Toronto,6,shot,1,17:26,1046,1,0,,,45,256,,1,274,211,3,FALSE,Non quality on net,Wrist
20252026,Regular,224,,Montréal,3,Toronto,6,shot,2,0:18,1218,1,0,,,126,68,,1,31,211,3,FALSE,Non quality on net,Wrist
20252026,Regular,224,,Montréal,3,Toronto,6,shot,2,1:51,1311,1,0,,,477,62,,-1,313,28,6,FALSE,Non quality on net,Wrist
20252026,Regular,224,,Montréal,3,Toronto,6,shot,2,2:21,1341,1,0,,,49,202,,1,32,211,3,FALSE,Non quality on net,Wrist
20252026,Regular,224,,Montréal,3,Toronto,6,shot,2,2:41,1361,1,0,,,51,173,,1,31,211,3,FALSE,Quality on net,Wrist
20252026,Regular,224,,Montréal,3,Toronto,6,shot,2,2:57,1377,1,0,,,75,87,,1,31,211,3,FALSE,Non quality on net,Slap
20252026,Regular,224,,Montréal,3,Toronto,6,shot,2,3:21,1401,1,0,,,86,111,,1,274,211,3,FALSE,Quality on net,Wrist
20252026,Regular,224,,Montréal,3,Toronto,6,shot,2,3:44,1424,1,0,,,199,186,,1,253,211,3,FALSE,Non quality on net,Wrist
20252026,Regular,224,,Montréal,3,Toronto,6,shot,2,4:15,1455,1,0,,,68,143,,1,157,211,3,FALSE,Quality on net,Tip
20252026,Regular,224,,Montréal,3,Toronto,6,shot,2,5:40,1540,1,0,,,25,186,,1,32,211,3,FALSE,Non quality on net,Backhand
20252026,Regular,224,,Montréal,3,Toronto,6,shot,2,6:29,1589,1,0,,,503,163,,-1,65,28,6,FALSE,Quality on net,Snap
20252026,Regular,224,,Montréal,3,Toronto,6,shot,2,7:10,1630,1,0,,,439,128,,-1,67,28,6,FALSE,Non quality on net,Backhand
20252026,Regular,224,,Montréal,3,Toronto,6,shot,2,8:36,1716,1,0,,,58,142,,1,61,211,3,TRUE,Quality goal,Backhand
20252026,Regular,224,,Montréal,3,Toronto,6,shot,2,8:54,1734,2,0,,,481,261,,-2,100,28,6,FALSE,Non quality on net,Wrist
20252026,Regular,224,,Montréal,3,Toronto,6,shot,2,8:55,1735,2,0,,,471,218,,-2,63,28,6,FALSE,Quality on net,Default
20252026,Regular,224,,Montréal,3,Toronto,6,shot,2,11:24,1884,2,0,,,387,176,,-2,313,28,6,FALSE,Non quality on net,Wrist
20252026,Regular,224,,Montréal,3,Toronto,6,shot,2,12:28,1948,2,0,,,184,151,,2,98,211,3,FALSE,Non quality on net,Wrist
20252026,Regular,224,,Montréal,3,Toronto,6,shot,2,14:03,2043,2,0,,,507,221,,-2,68,28,6,FALSE,Quality on net,Snap
20252026,Regular,224,,Montréal,3,Toronto,6,shot,2,17:58,2278,2,0,,,138,190,,2,274,211,3,FALSE,Quality on net,Wrist
20252026,Regular,224,,Montréal,3,Toronto,6,shot,3,0:37,2437,2,0,,,504,292,,-2,65,28,6,FALSE,Non quality on net,Wrist
20252026,Regular,224,,Montréal,3,Toronto,6,shot,3,1:36,2496,2,0,,,456,208,,-2,244,28,6,TRUE,Quality goal,Wrist
20252026,Regular,224,,Montréal,3,Toronto,6,shot,3,1:50,2510,2,1,,,429,73,,-1,56,28,6,FALSE,Non quality on net,Wrist
20252026,Regular,224,,Montréal,3,Toronto,6,shot,3,2:49,2569,2,1,,,101,79,,1,31,211,3,FALSE,Quality on net,Snap
20252026,Regular,224,,Montréal,3,Toronto,6,shot,3,4:33,2673,2,1,,,44,75,,1,274,211,3,FALSE,Non quality on net,Wrist
20252026,Regular,224,,Montréal,3,Toronto,6,shot,3,5:39,2739,2,1,,,83,97,,1,31,211,3,FALSE,Quality on net,Wrist
20252026,Regular,224,,Montréal,3,Toronto,6,shot,3,5:41,2741,2,1,,,57,160,,1,32,211,3,TRUE,Quality goal,Backhand
20252026,Regular,224,,Montréal,3,Toronto,6,shot,3,8:45,2925,3,1,,,390,99,,-2,63,28,6,FALSE,Non quality on net,Wrist
20252026,Regular,224,,Montréal,3,Toronto,6,shot,3,9:48,2988,3,1,,,536,150,,-2,44,28,6,FALSE,Quality on net,Tip
20252026,Regular,224,,Montréal,3,Toronto,6,shot,3,12:04,3124,3,1,,,422,105,,-2,65,28,6,FALSE,Non quality on net,Wrist
20252026,Regular,224,,Montréal,3,Toronto,6,shot,3,12:19,3139,3,1,,,561,122,,-2,63,28,6,FALSE,Non quality on net,Wrist
20252026,Regular,224,,Montréal,3,Toronto,6,shot,3,12:20,3140,3,1,,,549,128,,-2,63,28,6,FALSE,Quality on net,Slap
20252026,Regular,224,,Montréal,3,Toronto,6,shot,3,12:36,3156,3,1,,,388,278,,2,274,211,3,FALSE,Non quality on net,Wrist
20252026,Regular,224,,Montréal,3,Toronto,6,shot,3,13:41,3221,3,1,,,150,227,,2,32,211,3,FALSE,Non quality on net,Snap
20252026,Regular,224,,Montréal,3,Toronto,6,shot,3,13:52,3232,3,1,,,108,154,,2,4,211,3,FALSE,Quality on net,Backhand
20252026,Regular,224,,Montréal,3,Toronto,6,shot,3,17:49,3469,3,1,,,427,136,,-2,63,28,6,FALSE,Non quality on net,Snap
20252026,Regular,224,,Montréal,3,Toronto,6,shot,3,19:50,3590,3,1,,,407,75,,-2,68,28,6,FALSE,Non quality on net,Slap
20252026,Regular,224,,Montréal,3,Toronto,6,shot,3,19:56,3596,3,1,,,412,98,,-2,68,28,6,FALSE,Non quality on net,Snap
20252026,Regular,224,,Montréal,3,Toronto,6,shot,3,19:57,3597,3,1,,,537,154,,-2,65,28,6,FALSE,Quality on net,Backhand
20252026,Regular,225,,Boston,1,Minnesota,2,shot,1,0:17,17,0,0,,,513,189,,0,23,6,2,FALSE,Quality on net,Wrist
20252026,Regular,225,,Boston,1,Minnesota,2,shot,1,1:50,110,0,0,,,531,151,,0,21,6,2,FALSE,Quality on net,Tip
20252026,Regular,225,,Boston,1,Minnesota,2,shot,1,2:19,139,0,0,,,95,113,,0,17,123,1,FALSE,Quality on net,Wrist
20252026,Regular,225,,Boston,1,Minnesota,2,shot,1,2:29,149,0,0,,,142,221,,0,12,123,1,FALSE,Quality on net,Snap
20252026,Regular,225,,Boston,1,Minnesota,2,shot,1,2:50,170,0,0,,,545,162,,0,189,6,2,FALSE,Quality on net,Tip
20252026,Regular,225,,Boston,1,Minnesota,2,shot,1,2:51,171,0,0,,,547,169,,0,189,6,2,FALSE,Quality on net,Default
20252026,Regular,225,,Boston,1,Minnesota,2,shot,1,4:01,241,0,0,,,71,143,,0,18,123,1,FALSE,Quality on net,Wrist
20252026,Regular,225,,Boston,1,Minnesota,2,shot,1,4:09,249,0,0,,,51,153,,0,183,123,1,FALSE,Quality on net,Backhand
20252026,Regular,225,,Boston,1,Minnesota,2,shot,1,4:10,250,0,0,,,54,126,,0,246,123,1,FALSE,Quality on net,Snap
20252026,Regular,225,,Boston,1,Minnesota,2,shot,1,4:24,264,0,0,,,53,137,,0,1,123,1,FALSE,Quality on net,Tip
20252026,Regular,225,,Boston,1,Minnesota,2,shot,1,4:49,289,0,0,,,45,177,,0,149,123,1,FALSE,Non quality on net,Default
20252026,Regular,225,,Boston,1,Minnesota,2,shot,1,5:42,342,0,0,,,62,165,,0,52,123,1,FALSE,Quality on net,Snap
20252026,Regular,225,,Boston,1,Minnesota,2,shot,1,6:50,410,0,0,,,429,237,,0,247,6,2,FALSE,Non quality on net,Slap
20252026,Regular,225,,Boston,1,Minnesota,2,shot,1,8:04,484,0,0,,,492,241,,0,167,6,2,FALSE,Non quality on net,Wrist
20252026,Regular,225,,Boston,1,Minnesota,2,shot,1,8:49,529,0,0,,,86,173,,0,149,123,1,FALSE,Quality on net,Wrist
20252026,Regular,225,,Boston,1,Minnesota,2,shot,1,9:48,588,0,0,,,114,102,,0,243,123,1,FALSE,Quality on net,Wrist
20252026,Regular,225,,Boston,1,Minnesota,2,shot,1,10:05,605,0,0,,,161,82,,0,246,123,1,FALSE,Non quality on net,Snap
20252026,Regular,225,,Boston,1,Minnesota,2,shot,1,10:27,627,0,0,,,205,154,,0,12,123,1,FALSE,Non quality on net,Slap
20252026,Regular,225,,Boston,1,Minnesota,2,shot,1,12:15,735,0,0,,,141,257,,0,243,123,1,FALSE,Non quality on net,Wrist
20252026,Regular,225,,Boston,1,Minnesota,2,shot,1,13:20,800,0,0,,,495,189,,0,189,6,2,FALSE,Quality on net,Snap
20252026,Regular,225,,Boston,1,Minnesota,2,shot,1,15:27,927,0,0,,,456,178,,0,264,6,2,FALSE,Quality on net,Snap
20252026,Regular,225,,Boston,1,Minnesota,2,shot,1,15:59,959,0,0,,,439,138,,0,25,6,2,FALSE,Non quality on net,Snap
20252026,Regular,225,,Boston,1,Minnesota,2,shot,1,15:59,959,0,0,,,472,110,,0,20,6,2,FALSE,Quality on net,Snap
20252026,Regular,225,,Boston,1,Minnesota,2,shot,1,16:35,995,0,0,,,513,142,,0,20,6,2,FALSE,Quality on net,Snap
20252026,Regular,225,,Boston,1,Minnesota,2,shot,1,17:03,1023,0,0,,,114,114,,0,183,123,1,TRUE,Quality goal,Wrist
20252026,Regular,225,,Boston,1,Minnesota,2,shot,1,17:51,1071,1,0,,,117,57,,1,243,123,1,FALSE,Non quality on net,Snap
20252026,Regular,225,,Boston,1,Minnesota,2,shot,1,18:09,1089,1,0,,,201,50,,1,246,123,1,FALSE,Non quality on net,Wrist
20252026,Regular,225,,Boston,1,Minnesota,2,shot,1,18:17,1097,1,0,,,189,256,,1,12,123,1,TRUE,Non quality goal,Default
20252026,Regular,225,,Boston,1,Minnesota,2,shot,2,3:12,1392,2,0,,,517,139,,-2,190,6,2,TRUE,Quality goal,Snap
20252026,Regular,225,,Boston,1,Minnesota,2,shot,2,3:59,1439,2,1,,,105,122,,1,12,123,1,FALSE,Quality on net,Snap
20252026,Regular,225,,Boston,1,Minnesota,2,shot,2,4:01,1441,2,1,,,75,143,,1,259,123,1,TRUE,Non quality goal,Default
20252026,Regular,225,,Boston,1,Minnesota,2,shot,2,4:19,1459,3,1,,,399,248,,-2,264,6,2,FALSE,Non quality on net,Snap
20252026,Regular,225,,Boston,1,Minnesota,2,shot,2,5:24,1524,3,1,,,177,254,,2,243,123,1,FALSE,Non quality on net,Snap
20252026,Regular,225,,Boston,1,Minnesota,2,shot,2,5:32,1532,3,1,,,55,177,,2,97,123,1,FALSE,Quality on net,Snap
20252026,Regular,225,,Boston,1,Minnesota,2,shot,2,7:21,1641,3,1,,,211,134,,2,246,123,1,FALSE,Non quality on net,Snap
20252026,Regular,225,,Boston,1,Minnesota,2,shot,2,7:28,1648,3,1,,,110,92,,2,183,123,1,FALSE,Quality on net,Wrist
20252026,Regular,225,,Boston,1,Minnesota,2,shot,2,7:46,1666,3,1,,,353,133,,-2,104,6,2,FALSE,Non quality on net,Wrist
20252026,Regular,225,,Boston,1,Minnesota,2,shot,2,9:30,1770,3,1,,,535,104,,-2,189,6,2,FALSE,Non quality on net,Snap
20252026,Regular,225,,Boston,1,Minnesota,2,shot,2,10:04,1804,3,1,,,141,69,,2,183,123,1,FALSE,Non quality on net,Wrist
20252026,Regular,225,,Boston,1,Minnesota,2,shot,2,11:07,1867,3,1,,,507,57,,-2,189,6,2,FALSE,Non quality on net,Tip
20252026,Regular,225,,Boston,1,Minnesota,2,shot,2,14:05,2045,3,1,,,359,22,,-2,188,6,2,FALSE,Non quality on net,Wrist
20252026,Regular,225,,Boston,1,Minnesota,2,shot,2,14:09,2049,3,1,,,486,115,,-2,189,6,2,FALSE,Quality on net,Wrist
20252026,Regular,225,,Boston,1,Minnesota,2,shot,2,16:27,2187,3,1,,,160,123,,2,246,123,1,FALSE,Non quality on net,Snap
20252026,Regular,225,,Boston,1,Minnesota,2,shot,2,16:43,2203,3,1,,,536,215,,-2,25,6,2,FALSE,Non quality on net,Snap
20252026,Regular,225,,Boston,1,Minnesota,2,shot,2,17:58,2278,3,1,,,505,111,,-2,189,6,2,FALSE,Quality on net,Wrist
20252026,Regular,225,,Boston,1,Minnesota,2,shot,2,18:32,2312,3,1,,,530,178,,-2,21,6,2,FALSE,Quality on net,Default
20252026,Regular,225,,Boston,1,Minnesota,2,shot,2,19:56,2396,3,1,,,481,190,,-2,23,6,2,FALSE,Quality on net,Snap
20252026,Regular,225,,Boston,1,Minnesota,2,shot,3,2:20,2540,3,1,,,51,174,,2,149,123,1,FALSE,Quality on net,Snap
20252026,Regular,225,,Boston,1,Minnesota,2,shot,3,3:00,2580,3,1,,,66,136,,2,16,123,1,FALSE,Quality on net,Tip
20252026,Regular,225,,Boston,1,Minnesota,2,shot,3,3:01,2581,3,1,,,67,175,,2,17,123,1,TRUE,Quality goal,Snap
20252026,Regular,225,,Boston,1,Minnesota,2,shot,3,3:54,2634,4,1,,,79,122,,3,149,123,1,FALSE,Quality on net,Snap
20252026,Regular,225,,Boston,1,Minnesota,2,shot,3,5:58,2758,4,1,,,59,183,,3,16,123,1,FALSE,Quality on net,Wrist
20252026,Regular,225,,Boston,1,Minnesota,2,shot,3,9:03,2943,4,1,,,485,108,,-3,263,6,2,FALSE,Quality on net,Wrist
20252026,Regular,225,,Boston,1,Minnesota,2,shot,3,13:00,3180,4,1,,,104,151,,3,16,123,1,FALSE,Quality on net,Wrist
20252026,Regular,225,,Boston,1,Minnesota,2,shot,3,13:35,3215,4,1,,,108,63,,3,243,123,1,FALSE,Non quality on net,Backhand
20252026,Regular,225,,Boston,1,Minnesota,2,shot,3,15:34,3334,4,1,,,86,204,,3,1,123,1,FALSE,Quality on net,Tip
20252026,Regular,225,,Boston,1,Minnesota,2,shot,3,16:15,3375,4,1,,,435,266,,-3,25,6,2,FALSE,Non quality on net,Wrist
20252026,Regular,225,,Boston,1,Minnesota,2,shot,3,16:47,3407,4,1,,,494,233,,-3,236,6,2,FALSE,Non quality on net,Wrist
20252026,Regular,225,,Boston,1,Minnesota,2,shot,3,16:59,3419,4,1,,,72,213,,3,243,123,1,FALSE,Non quality on net,Wrist
20252026,Regular,225,,Boston,1,Minnesota,2,shot,3,18:29,3509,4,1,,,182,113,,3,255,123,1,FALSE,Non quality on net,Snap
20252026,Regular,225,,Boston,1,Minnesota,2,shot,3,19:55,3595,4,1,,,408,92,,-3,167,6,2,FALSE,Non quality on net,Slap
20252026,Regular,225,,Boston,1,Minnesota,2,shot,3,19:59,3599,4,1,,,515,130,,-3,23,6,2,FALSE,Quality on net,Tip
20252026,Regular,226,,Vancouver,9,Ottawa,5,shot,1,0:28,28,0,0,,,73,194,,0,114,222,9,FALSE,Quality on net,Backhand
20252026,Regular,226,,Vancouver,9,Ottawa,5,shot,1,0:58,58,0,0,,,460,120,,0,240,64,5,FALSE,Quality on net,Wrist
20252026,Regular,226,,Vancouver,9,Ottawa,5,shot,1,2:08,128,0,0,,,243,213,,0,115,222,9,FALSE,Non quality on net,Wrist
20252026,Regular,226,,Vancouver,9,Ottawa,5,shot,1,3:52,232,0,0,,,495,92,,0,53,64,5,FALSE,Quality on net,Wrist
20252026,Regular,226,,Vancouver,9,Ottawa,5,shot,1,5:42,342,0,0,,,55,147,,0,114,222,9,FALSE,Quality on net,Wrist
20252026,Regular,226,,Vancouver,9,Ottawa,5,shot,1,7:04,424,0,0,,,68,135,,0,161,222,9,FALSE,Quality on net,Wrist
20252026,Regular,226,,Vancouver,9,Ottawa,5,shot,1,7:23,443,0,0,,,58,149,,0,161,222,9,FALSE,Quality on net,Wrist
20252026,Regular,226,,Vancouver,9,Ottawa,5,shot,1,7:50,470,0,0,,,76,168,,0,301,222,9,TRUE,Quality goal,Wrist
20252026,Regular,226,,Vancouver,9,Ottawa,5,shot,1,11:33,693,1,0,,,408,174,,-1,217,64,5,FALSE,Non quality on net,Wrist
20252026,Regular,226,,Vancouver,9,Ottawa,5,shot,1,12:07,727,1,0,,,60,135,,1,114,222,9,FALSE,Quality on net,Wrist
20252026,Regular,226,,Vancouver,9,Ottawa,5,shot,1,12:33,753,1,0,,,114,165,,1,114,222,9,FALSE,Quality on net,Wrist
20252026,Regular,226,,Vancouver,9,Ottawa,5,shot,1,12:41,761,1,0,,,69,130,,1,50,222,9,FALSE,Quality on net,Backhand
20252026,Regular,226,,Vancouver,9,Ottawa,5,shot,1,12:51,771,1,0,,,208,56,,1,180,222,9,FALSE,Non quality on net,Wrist
20252026,Regular,226,,Vancouver,9,Ottawa,5,shot,1,13:06,786,1,0,,,481,156,,-1,53,64,5,FALSE,Quality on net,Wrist
20252026,Regular,226,,Vancouver,9,Ottawa,5,shot,1,14:39,879,1,0,,,385,167,,-1,72,64,5,FALSE,Non quality on net,Wrist
20252026,Regular,226,,Vancouver,9,Ottawa,5,shot,1,15:22,922,1,0,,,435,198,,-1,53,64,5,FALSE,Non quality on net,Wrist
20252026,Regular,226,,Vancouver,9,Ottawa,5,shot,1,15:58,958,1,0,,,87,162,,1,114,222,9,FALSE,Quality on net,Wrist
20252026,Regular,226,,Vancouver,9,Ottawa,5,shot,1,16:27,987,1,0,,,77,166,,1,114,222,9,FALSE,Quality on net,Wrist
20252026,Regular,226,,Vancouver,9,Ottawa,5,shot,1,17:11,1031,1,0,,,495,271,,-1,223,64,5,FALSE,Non quality on net,Wrist
20252026,Regular,226,,Vancouver,9,Ottawa,5,shot,1,17:53,1073,1,0,,,555,106,,-1,101,64,5,FALSE,Non quality on net,Wrist
20252026,Regular,226,,Vancouver,9,Ottawa,5,shot,1,17:55,1075,1,0,,,543,186,,-1,286,64,5,FALSE,Non quality on net,Wrist
20252026,Regular,226,,Vancouver,9,Ottawa,5,shot,1,18:21,1101,1,0,,,451,246,,-1,240,64,5,FALSE,Non quality on net,Backhand
20252026,Regular,226,,Vancouver,9,Ottawa,5,shot,1,18:35,1115,1,0,,,507,31,,-1,53,64,5,FALSE,Non quality on net,Wrist
20252026,Regular,226,,Vancouver,9,Ottawa,5,shot,1,19:03,1143,1,0,,,511,174,,-1,58,64,5,FALSE,Quality on net,Wrist
20252026,Regular,226,,Vancouver,9,Ottawa,5,shot,2,0:57,1257,1,0,,,213,220,,1,169,222,9,FALSE,Non quality on net,Wrist
20252026,Regular,226,,Vancouver,9,Ottawa,5,shot,2,1:35,1295,1,0,,,65,97,,1,169,222,9,FALSE,Non quality on net,Wrist
20252026,Regular,226,,Vancouver,9,Ottawa,5,shot,2,1:44,1304,1,0,,,63,171,,1,89,222,9,FALSE,Quality on net,Wrist
20252026,Regular,226,,Vancouver,9,Ottawa,5,shot,2,2:00,1320,1,0,,,399,57,,-1,219,64,5,FALSE,Non quality on net,Wrist
20252026,Regular,226,,Vancouver,9,Ottawa,5,shot,2,3:36,1416,1,0,,,47,159,,1,198,222,9,TRUE,Quality goal,Wrist
20252026,Regular,226,,Vancouver,9,Ottawa,5,shot,2,4:08,1448,2,0,,,512,17,,-2,53,64,5,FALSE,Non quality on net,Wrist
20252026,Regular,226,,Vancouver,9,Ottawa,5,shot,2,4:29,1469,2,0,,,486,98,,-2,88,64,5,FALSE,Quality on net,Wrist
20252026,Regular,226,,Vancouver,9,Ottawa,5,shot,2,5:31,1531,2,0,,,219,32,,2,180,222,9,FALSE,Non quality on net,Wrist
20252026,Regular,226,,Vancouver,9,Ottawa,5,shot,2,6:42,1602,2,0,,,53,176,,2,248,222,9,FALSE,Quality on net,Backhand
20252026,Regular,226,,Vancouver,9,Ottawa,5,shot,2,8:00,1680,2,0,,,498,153,,-2,240,64,5,FALSE,Quality on net,Wrist
20252026,Regular,226,,Vancouver,9,Ottawa,5,shot,2,8:40,1720,2,0,,,520,76,,-2,58,64,5,FALSE,Non quality on net,Wrist
20252026,Regular,226,,Vancouver,9,Ottawa,5,shot,2,8:59,1739,2,0,,,459,239,,-2,241,64,5,FALSE,Non quality on net,Wrist
20252026,Regular,226,,Vancouver,9,Ottawa,5,shot,2,9:50,1790,2,0,,,160,105,,2,301,222,9,FALSE,Non quality on net,Wrist
20252026,Regular,226,,Vancouver,9,Ottawa,5,shot,2,10:23,1823,2,0,,,83,189,,2,306,222,9,FALSE,Quality on net,Backhand
20252026,Regular,226,,Vancouver,9,Ottawa,5,shot,2,12:28,1948,2,0,,,333,276,,-2,241,64,5,FALSE,Non quality on net,Wrist
20252026,Regular,226,,Vancouver,9,Ottawa,5,shot,2,13:01,1981,2,0,,,184,35,,2,301,222,9,FALSE,Non quality on net,Wrist
20252026,Regular,226,,Vancouver,9,Ottawa,5,shot,2,14:16,2056,2,0,,,78,203,,2,114,222,9,FALSE,Quality on net,Default
20252026,Regular,226,,Vancouver,9,Ottawa,5,shot,2,14:37,2077,2,0,,,512,121,,-2,58,64,5,FALSE,Quality on net,Wrist
20252026,Regular,226,,Vancouver,9,Ottawa,5,shot,2,15:07,2107,2,0,,,475,119,,-2,241,64,5,FALSE,Quality on net,Wrist
20252026,Regular,226,,Vancouver,9,Ottawa,5,shot,2,19:53,2393,2,0,,,63,179,,2,198,222,9,FALSE,Quality on net,Wrist
20252026,Regular,226,,Vancouver,9,Ottawa,5,shot,3,0:07,2407,2,0,,,471,225,,-2,58,64,5,FALSE,Quality on net,Wrist
20252026,Regular,226,,Vancouver,9,Ottawa,5,shot,3,0:39,2439,2,0,,,525,161,,-2,72,64,5,FALSE,Quality on net,Wrist
20252026,Regular,226,,Vancouver,9,Ottawa,5,shot,3,2:04,2524,2,0,,,439,227,,-2,219,64,5,FALSE,Non quality on net,Wrist
20252026,Regular,226,,Vancouver,9,Ottawa,5,shot,3,3:14,2594,2,0,,,503,206,,-2,72,64,5,FALSE,Quality on net,Wrist
20252026,Regular,226,,Vancouver,9,Ottawa,5,shot,3,4:18,2658,2,0,,,113,140,,2,198,222,9,FALSE,Quality on net,Wrist
20252026,Regular,226,,Vancouver,9,Ottawa,5,shot,3,4:26,2666,2,0,,,255,241,,2,169,222,9,FALSE,Non quality on net,Wrist
20252026,Regular,226,,Vancouver,9,Ottawa,5,shot,3,5:27,2727,2,0,,,58,159,,2,306,222,9,FALSE,Quality on net,Wrist
20252026,Regular,226,,Vancouver,9,Ottawa,5,shot,3,6:14,2774,2,0,,,94,75,,2,227,222,9,FALSE,Non quality on net,Wrist
20252026,Regular,226,,Vancouver,9,Ottawa,5,shot,3,6:39,2799,2,0,,,132,234,,2,89,222,9,FALSE,Non quality on net,Wrist
20252026,Regular,226,,Vancouver,9,Ottawa,5,shot,3,8:13,2893,2,0,,,520,140,,-2,242,64,5,FALSE,Quality on net,Wrist
20252026,Regular,226,,Vancouver,9,Ottawa,5,shot,3,8:15,2895,2,0,,,545,130,,-2,53,64,5,FALSE,Quality on net,Wrist
20252026,Regular,226,,Vancouver,9,Ottawa,5,shot,3,9:33,2973,2,0,,,408,276,,-2,71,64,5,FALSE,Non quality on net,Wrist
20252026,Regular,226,,Vancouver,9,Ottawa,5,shot,3,11:51,3111,2,0,,,503,118,,-2,53,64,5,FALSE,Quality on net,Wrist
20252026,Regular,226,,Vancouver,9,Ottawa,5,shot,3,14:17,3257,2,0,,,521,126,,-2,239,64,5,TRUE,Quality goal,Wrist
20252026,Regular,226,,Vancouver,9,Ottawa,5,shot,3,14:56,3296,2,1,,,475,207,,-1,240,64,5,FALSE,Quality on net,Wrist
20252026,Regular,226,,Vancouver,9,Ottawa,5,shot,3,15:15,3315,2,1,,,46,120,,1,161,222,9,FALSE,Non quality on net,Wrist
20252026,Regular,226,,Vancouver,9,Ottawa,5,shot,3,16:18,3378,2,1,,,507,246,,-1,286,64,5,FALSE,Non quality on net,Wrist
20252026,Regular,226,,Vancouver,9,Ottawa,5,shot,3,16:29,3389,2,1,,,516,239,,-1,58,64,5,FALSE,Non quality on net,Wrist
20252026,Regular,226,,Vancouver,9,Ottawa,5,shot,3,19:37,3577,2,1,,,453,272,,-1,72,64,5,FALSE,Non quality on net,Wrist
20252026,Regular,227,,Toronto,6,Montréal,3,shot,1,1:40,100,0,0,,,87,95,,0,63,28,6,FALSE,Quality on net,Wrist
20252026,Regular,227,,Toronto,6,Montréal,3,shot,1,3:24,204,0,0,,,491,15,,0,61,211,3,FALSE,Non quality on net,Wrist
20252026,Regular,227,,Toronto,6,Montréal,3,shot,1,3:26,206,0,0,,,60,132,,0,200,28,6,TRUE,Quality goal,Tip
20252026,Regular,227,,Toronto,6,Montréal,3,shot,1,3:45,225,1,0,,,45,191,,1,65,28,6,FALSE,Non quality on net,Backhand
20252026,Regular,227,,Toronto,6,Montréal,3,shot,1,3:50,230,1,0,,,13,72,,1,65,28,6,FALSE,Non quality on net,Wrist
20252026,Regular,227,,Toronto,6,Montréal,3,shot,1,4:08,248,1,0,,,106,182,,-1,98,211,3,FALSE,Quality on net,Wrist
20252026,Regular,227,,Toronto,6,Montréal,3,shot,1,4:33,273,1,0,,,184,183,,1,44,28,6,FALSE,Non quality on net,Wrist
20252026,Regular,227,,Toronto,6,Montréal,3,shot,1,4:35,275,1,0,,,63,173,,1,73,28,6,FALSE,Quality on net,Wrist
20252026,Regular,227,,Toronto,6,Montréal,3,shot,1,7:36,456,1,0,,,379,129,,-1,61,211,3,FALSE,Non quality on net,Tip
20252026,Regular,227,,Toronto,6,Montréal,3,shot,1,7:40,460,1,0,,,445,23,,-1,253,211,3,FALSE,Non quality on net,Wrist
20252026,Regular,227,,Toronto,6,Montréal,3,shot,1,10:50,650,1,0,,,531,183,,-1,83,211,3,FALSE,Quality on net,Snap
20252026,Regular,227,,Toronto,6,Montréal,3,shot,1,11:55,715,1,0,,,37,225,,1,63,28,6,FALSE,Non quality on net,Wrist
20252026,Regular,227,,Toronto,6,Montréal,3,shot,1,12:13,733,1,0,,,468,131,,-1,128,211,3,FALSE,Quality on net,Snap
20252026,Regular,227,,Toronto,6,Montréal,3,shot,1,12:16,736,1,0,,,532,135,,-1,273,211,3,TRUE,Quality goal,Wrist
20252026,Regular,227,,Toronto,6,Montréal,3,shot,1,13:44,824,1,1,,,88,13,,0,68,28,6,FALSE,Non quality on net,Wrist
20252026,Regular,227,,Toronto,6,Montréal,3,shot,1,15:00,900,1,1,,,51,257,,0,66,28,6,FALSE,Non quality on net,Wrist
20252026,Regular,227,,Toronto,6,Montréal,3,shot,1,17:08,1028,1,1,,,81,188,,0,63,28,6,FALSE,Quality on net,Slap
20252026,Regular,227,,Toronto,6,Montréal,3,shot,1,17:24,1044,1,1,,,198,88,,0,68,28,6,FALSE,Non quality on net,Wrist
20252026,Regular,227,,Toronto,6,Montréal,3,shot,1,19:26,1166,1,1,,,275,7,,0,68,28,6,FALSE,Non quality on net,Wrist
20252026,Regular,227,,Toronto,6,Montréal,3,shot,1,19:53,1193,1,1,,,400,84,,0,32,211,3,FALSE,Non quality on net,Wrist
20252026,Regular,227,,Toronto,6,Montréal,3,shot,2,0:29,1229,1,1,,,400,233,,0,83,211,3,FALSE,Non quality on net,Wrist
20252026,Regular,227,,Toronto,6,Montréal,3,shot,2,0:53,1253,1,1,,,411,145,,0,32,211,3,FALSE,Non quality on net,Slap
20252026,Regular,227,,Toronto,6,Montréal,3,shot,2,0:54,1254,1,1,,,543,148,,0,274,211,3,FALSE,Quality on net,Wrist
20252026,Regular,227,,Toronto,6,Montréal,3,shot,2,1:52,1312,1,1,,,54,95,,0,313,28,6,FALSE,Non quality on net,Backhand
20252026,Regular,227,,Toronto,6,Montréal,3,shot,2,1:58,1318,1,1,,,122,253,,0,56,28,6,FALSE,Non quality on net,Wrist
20252026,Regular,227,,Toronto,6,Montréal,3,shot,2,2:38,1358,1,1,,,198,173,,0,100,28,6,FALSE,Non quality on net,Wrist
20252026,Regular,227,,Toronto,6,Montréal,3,shot,2,3:25,1405,1,1,,,373,285,,0,42,211,3,FALSE,Non quality on net,Wrist
20252026,Regular,227,,Toronto,6,Montréal,3,shot,2,5:38,1538,1,1,,,170,102,,0,68,28,6,FALSE,Non quality on net,Wrist
20252026,Regular,227,,Toronto,6,Montréal,3,shot,2,6:18,1578,1,1,,,87,64,,0,200,28,6,FALSE,Non quality on net,Wrist
20252026,Regular,227,,Toronto,6,Montréal,3,shot,2,8:15,1695,1,1,,,97,135,,0,313,28,6,FALSE,Quality on net,Backhand
20252026,Regular,227,,Toronto,6,Montréal,3,shot,2,8:17,1697,1,1,,,147,285,,0,61,211,3,FALSE,Non quality on net,Backhand
20252026,Regular,227,,Toronto,6,Montréal,3,shot,2,8:40,1720,1,1,,,117,208,,0,63,28,6,FALSE,Quality on net,Wrist
20252026,Regular,227,,Toronto,6,Montréal,3,shot,2,9:28,1768,1,1,,,78,113,,0,56,28,6,FALSE,Quality on net,Wrist
20252026,Regular,227,,Toronto,6,Montréal,3,shot,2,11:33,1893,1,1,,,465,189,,0,32,211,3,FALSE,Quality on net,Snap
20252026,Regular,227,,Toronto,6,Montréal,3,shot,2,11:46,1906,1,1,,,430,77,,0,253,211,3,FALSE,Non quality on net,Wrist
20252026,Regular,227,,Toronto,6,Montréal,3,shot,2,13:28,2008,1,1,,,121,126,,0,67,28,6,FALSE,Quality on net,Snap
20252026,Regular,227,,Toronto,6,Montréal,3,shot,2,13:30,2010,1,1,,,91,145,,0,65,28,6,FALSE,Quality on net,Backhand
20252026,Regular,227,,Toronto,6,Montréal,3,shot,2,14:44,2084,1,1,,,483,69,,0,32,211,3,FALSE,Non quality on net,Slap
20252026,Regular,227,,Toronto,6,Montréal,3,shot,2,16:44,2204,1,1,,,106,117,,0,63,28,6,FALSE,Quality on net,Wrist
20252026,Regular,227,,Toronto,6,Montréal,3,shot,2,16:55,2215,1,1,,,154,81,,0,68,28,6,FALSE,Non quality on net,Snap
20252026,Regular,227,,Toronto,6,Montréal,3,shot,2,18:06,2286,1,1,,,498,85,,0,42,211,3,FALSE,Quality on net,Wrist
20252026,Regular,227,,Toronto,6,Montréal,3,shot,2,19:13,2353,1,1,,,545,230,,0,98,211,3,FALSE,Non quality on net,Wrist
20252026,Regular,227,,Toronto,6,Montréal,3,shot,3,0:55,2455,1,1,,,93,71,,0,100,28,6,FALSE,Non quality on net,Snap
20252026,Regular,227,,Toronto,6,Montréal,3,shot,3,1:12,2472,1,1,,,125,165,,0,44,28,6,FALSE,Quality on net,Backhand
20252026,Regular,227,,Toronto,6,Montréal,3,shot,3,2:56,2576,1,1,,,67,228,,0,68,28,6,FALSE,Non quality on net,Wrist
20252026,Regular,227,,Toronto,6,Montréal,3,shot,3,4:37,2677,1,1,,,405,179,,0,4,211,3,FALSE,Non quality on net,Wrist
20252026,Regular,227,,Toronto,6,Montréal,3,shot,3,4:51,2691,1,1,,,417,150,,0,253,211,3,FALSE,Non quality on net,Default
20252026,Regular,227,,Toronto,6,Montréal,3,shot,3,5:10,2710,1,1,,,438,176,,0,84,211,3,FALSE,Non quality on net,Wrist
20252026,Regular,227,,Toronto,6,Montréal,3,shot,3,5:56,2756,1,1,,,140,122,,0,44,28,6,FALSE,Quality on net,Wrist
20252026,Regular,227,,Toronto,6,Montréal,3,shot,3,6:05,2765,1,1,,,465,249,,0,32,211,3,FALSE,Non quality on net,Wrist
20252026,Regular,227,,Toronto,6,Montréal,3,shot,3,8:13,2893,1,1,,,487,288,,0,51,211,3,FALSE,Non quality on net,Wrist
20252026,Regular,227,,Toronto,6,Montréal,3,shot,3,9:26,2966,1,1,,,134,264,,0,74,28,6,FALSE,Non quality on net,Wrist
20252026,Regular,227,,Toronto,6,Montréal,3,shot,3,9:34,2974,1,1,,,494,51,,0,39,211,3,FALSE,Non quality on net,Wrist
20252026,Regular,227,,Toronto,6,Montréal,3,shot,3,9:49,2989,1,1,,,136,169,,0,73,28,6,FALSE,Quality on net,Snap
20252026,Regular,227,,Toronto,6,Montréal,3,shot,3,10:36,3036,1,1,,,509,24,,0,199,211,3,FALSE,Non quality on net,Wrist
20252026,Regular,227,,Toronto,6,Montréal,3,shot,3,11:30,3090,1,1,,,338,49,,0,4,211,3,FALSE,Non quality on net,Wrist
20252026,Regular,227,,Toronto,6,Montréal,3,shot,3,13:02,3182,1,1,,,93,126,,0,100,28,6,FALSE,Quality on net,Wrist
20252026,Regular,227,,Toronto,6,Montréal,3,shot,3,13:49,3229,1,1,,,447,223,,0,32,211,3,FALSE,Non quality on net,Snap
20252026,Regular,227,,Toronto,6,Montréal,3,shot,3,14:11,3251,1,1,,,521,59,,0,84,211,3,FALSE,Non quality on net,Snap
20252026,Regular,227,,Toronto,6,Montréal,3,shot,3,17:32,3452,1,1,,,498,141,,0,39,211,3,FALSE,Quality on net,Snap
20252026,Regular,227,,Toronto,6,Montréal,3,shot,3,18:29,3509,1,1,,,123,184,,0,26,28,6,FALSE,Quality on net,Snap
20252026,Regular,227,,Toronto,6,Montréal,3,shot,3,18:32,3512,1,1,,,180,225,,0,56,28,6,FALSE,Non quality on net,Wrist
20252026,Regular,227,,Toronto,6,Montréal,3,shot,3,19:59,3599,1,1,,,15,121,,0,76,28,6,FALSE,Non quality on net,Wrist
20252026,Regular,227,,Toronto,6,Montréal,3,shot,4,0:46,3646,1,1,,,85,117,,0,76,28,6,FALSE,Quality on net,Wrist
20252026,Regular,227,,Toronto,6,Montréal,3,shot,4,2:44,3764,1,1,,,123,219,,0,63,28,6,FALSE,Quality on net,Wrist
20252026,Regular,227,,Toronto,6,Montréal,3,shot,4,2:52,3772,1,1,,,502,125,,0,32,211,3,FALSE,Quality on net,Wrist
20252026,Regular,227,,Toronto,6,Montréal,3,shot,4,3:54,3834,1,1,,,455,227,,0,84,211,3,FALSE,Non quality on net,Slap
20252026,Regular,228,,New York,4,Boston,1,shot,1,0:13,13,0,0,,,122,213,,0,285,6,4,FALSE,Quality on net,Backhand
20252026,Regular,228,,New York,4,Boston,1,shot,1,1:03,63,0,0,,,537,125,,0,15,228,1,FALSE,Quality on net,Tip
20252026,Regular,228,,New York,4,Boston,1,shot,1,1:25,85,0,0,,,395,137,,0,246,228,1,FALSE,Non quality on net,Snap
20252026,Regular,228,,New York,4,Boston,1,shot,1,5:01,301,0,0,,,549,194,,0,78,228,1,FALSE,Non quality on net,Wrist
20252026,Regular,228,,New York,4,Boston,1,shot,1,6:00,360,0,0,,,367,148,,0,149,228,1,FALSE,Non quality on net,Tip
20252026,Regular,228,,New York,4,Boston,1,shot,1,7:53,473,0,0,,,120,93,,0,277,6,4,FALSE,Quality on net,Wrist
20252026,Regular,228,,New York,4,Boston,1,shot,1,9:38,578,0,0,,,493,140,,0,15,228,1,FALSE,Quality on net,Default
20252026,Regular,228,,New York,4,Boston,1,shot,1,10:45,645,0,0,,,525,192,,0,183,228,1,FALSE,Quality on net,Wrist
20252026,Regular,228,,New York,4,Boston,1,shot,1,11:24,684,0,0,,,434,54,,0,185,228,1,FALSE,Non quality on net,Wrist
20252026,Regular,228,,New York,4,Boston,1,shot,1,15:00,900,0,0,,,66,165,,0,285,6,4,FALSE,Quality on net,Tip
20252026,Regular,228,,New York,4,Boston,1,shot,1,15:43,943,0,0,,,209,189,,0,229,6,4,FALSE,Non quality on net,Wrist
20252026,Regular,228,,New York,4,Boston,1,shot,1,16:27,987,0,0,,,208,237,,0,60,6,4,FALSE,Non quality on net,Wrist
20252026,Regular,228,,New York,4,Boston,1,shot,1,17:34,1054,0,0,,,100,149,,0,87,6,4,FALSE,Quality on net,Wrist
20252026,Regular,228,,New York,4,Boston,1,shot,1,17:53,1073,0,0,,,141,220,,0,9,6,4,FALSE,Quality on net,Snap
20252026,Regular,228,,New York,4,Boston,1,shot,1,18:01,1081,0,0,,,141,116,,0,207,6,4,FALSE,Quality on net,Wrist
20252026,Regular,228,,New York,4,Boston,1,shot,2,1:05,1265,0,0,,,46,189,,0,249,6,4,FALSE,Non quality on net,Wrist
20252026,Regular,228,,New York,4,Boston,1,shot,2,4:10,1450,0,0,,,421,189,,0,246,228,1,FALSE,Non quality on net,Snap
20252026,Regular,228,,New York,4,Boston,1,shot,2,5:27,1527,0,0,,,519,199,,0,243,228,1,TRUE,Quality goal,Wrist
20252026,Regular,228,,New York,4,Boston,1,shot,2,7:32,1652,0,1,,,86,144,,-1,249,6,4,FALSE,Quality on net,Wrist
20252026,Regular,228,,New York,4,Boston,1,shot,2,7:41,1661,0,1,,,71,174,,-1,245,6,4,FALSE,Quality on net,Backhand
20252026,Regular,228,,New York,4,Boston,1,shot,2,7:52,1672,0,1,,,495,118,,1,15,228,1,FALSE,Quality on net,Wrist
20252026,Regular,228,,New York,4,Boston,1,shot,2,9:24,1764,0,1,,,153,76,,-1,229,6,4,FALSE,Non quality on net,Wrist
20252026,Regular,228,,New York,4,Boston,1,shot,2,9:46,1786,0,1,,,42,157,,1,97,228,1,TRUE,Quality goal,Wrist
20252026,Regular,228,,New York,4,Boston,1,shot,2,10:01,1801,0,2,,,138,243,,-2,285,6,4,FALSE,Non quality on net,Default
20252026,Regular,228,,New York,4,Boston,1,shot,2,10:17,1817,0,2,,,146,147,,-2,40,6,4,FALSE,Non quality on net,Wrist
20252026,Regular,228,,New York,4,Boston,1,shot,2,10:50,1850,0,2,,,148,145,,2,243,228,1,FALSE,Non quality on net,Wrist
20252026,Regular,228,,New York,4,Boston,1,shot,2,11:43,1903,0,2,,,69,89,,-2,280,6,4,FALSE,Non quality on net,Wrist
20252026,Regular,228,,New York,4,Boston,1,shot,2,12:36,1956,0,2,,,32,107,,-2,280,6,4,FALSE,Non quality on net,Wrist
20252026,Regular,228,,New York,4,Boston,1,shot,2,12:48,1968,0,2,,,62,129,,-2,206,6,4,FALSE,Quality on net,Tip
20252026,Regular,228,,New York,4,Boston,1,shot,2,12:52,1972,0,2,,,128,186,,-2,40,6,4,FALSE,Quality on net,Wrist
20252026,Regular,228,,New York,4,Boston,1,shot,2,14:28,2068,0,2,,,471,247,,2,243,228,1,FALSE,Non quality on net,Slap
20252026,Regular,228,,New York,4,Boston,1,shot,2,15:40,2140,0,2,,,153,103,,-2,245,6,4,FALSE,Non quality on net,Snap
20252026,Regular,228,,New York,4,Boston,1,shot,2,16:42,2202,0,2,,,133,99,,-2,205,6,4,FALSE,Quality on net,Wrist
20252026,Regular,228,,New York,4,Boston,1,shot,2,18:20,2300,0,2,,,140,202,,-2,204,6,4,FALSE,Quality on net,Wrist
20252026,Regular,228,,New York,4,Boston,1,shot,2,19:06,2346,0,2,,,388,243,,2,255,228,1,FALSE,Non quality on net,Wrist
20252026,Regular,228,,New York,4,Boston,1,shot,3,1:28,2488,0,2,,,132,111,,-2,87,6,4,FALSE,Quality on net,Wrist
20252026,Regular,228,,New York,4,Boston,1,shot,3,2:02,2522,0,2,,,51,75,,-2,280,6,4,FALSE,Non quality on net,Backhand
20252026,Regular,228,,New York,4,Boston,1,shot,3,3:02,2582,0,2,,,524,63,,2,149,228,1,FALSE,Non quality on net,Backhand
20252026,Regular,228,,New York,4,Boston,1,shot,3,3:58,2638,0,2,,,64,130,,-2,205,6,4,FALSE,Quality on net,Wrist
20252026,Regular,228,,New York,4,Boston,1,shot,3,4:58,2698,0,2,,,108,152,,-2,30,6,4,FALSE,Quality on net,Snap
20252026,Regular,228,,New York,4,Boston,1,shot,3,6:31,2791,0,2,,,549,94,,2,16,228,1,FALSE,Non quality on net,Wrist
20252026,Regular,228,,New York,4,Boston,1,shot,3,7:03,2823,0,2,,,390,40,,2,52,228,1,FALSE,Non quality on net,Wrist
20252026,Regular,228,,New York,4,Boston,1,shot,3,7:25,2845,0,2,,,447,153,,2,232,228,1,FALSE,Non quality on net,Wrist
20252026,Regular,228,,New York,4,Boston,1,shot,3,7:56,2876,0,2,,,201,185,,-2,47,6,4,FALSE,Non quality on net,Wrist
20252026,Regular,228,,New York,4,Boston,1,shot,3,8:31,2911,0,2,,,399,107,,2,185,228,1,FALSE,Non quality on net,Snap
20252026,Regular,228,,New York,4,Boston,1,shot,3,9:19,2959,0,2,,,561,173,,2,149,228,1,FALSE,Non quality on net,Default
20252026,Regular,228,,New York,4,Boston,1,shot,3,11:42,3102,0,2,,,122,69,,-2,229,6,4,FALSE,Non quality on net,Wrist
20252026,Regular,228,,New York,4,Boston,1,shot,3,12:58,3178,0,2,,,66,205,,-2,280,6,4,FALSE,Non quality on net,Wrist
20252026,Regular,228,,New York,4,Boston,1,shot,3,14:31,3271,0,2,,,113,136,,-2,30,6,4,FALSE,Quality on net,Wrist
20252026,Regular,228,,New York,4,Boston,1,shot,3,14:45,3285,0,2,,,61,171,,-2,30,6,4,FALSE,Quality on net,Wrist
20252026,Regular,228,,New York,4,Boston,1,shot,3,14:49,3289,0,2,,,63,181,,-2,245,6,4,FALSE,Quality on net,Default
20252026,Regular,228,,New York,4,Boston,1,shot,3,17:19,3439,0,2,,,550,158,,2,97,228,1,FALSE,Quality on net,Wrist
20252026,Regular,228,,New York,4,Boston,1,shot,3,17:34,3454,0,2,,,153,153,,-2,245,6,4,FALSE,Non quality on net,Wrist
20252026,Regular,228,,New York,4,Boston,1,shot,3,18:07,3487,0,2,,,61,129,,-2,245,6,4,FALSE,Quality on net,Snap
20252026,Regular,229,,Seattle,8,Ottawa,5,shot,1,1:10,70,0,0,,,514,165,,0,220,250,5,FALSE,Quality on net,Wrist
20252026,Regular,229,,Seattle,8,Ottawa,5,shot,1,1:10,70,0,0,,,465,86,,0,88,250,5,FALSE,Quality on net,Wrist
20252026,Regular,229,,Seattle,8,Ottawa,5,shot,1,2:03,123,0,0,,,536,173,,0,241,250,5,FALSE,Quality on net,Tip
20252026,Regular,229,,Seattle,8,Ottawa,5,shot,1,5:51,351,0,0,,,136,138,,0,196,238,8,FALSE,Quality on net,Wrist
20252026,Regular,229,,Seattle,8,Ottawa,5,shot,1,7:00,420,0,0,,,111,111,,0,36,238,8,FALSE,Quality on net,Wrist
20252026,Regular,229,,Seattle,8,Ottawa,5,shot,1,9:00,540,0,0,,,150,80,,0,210,238,8,FALSE,Non quality on net,Wrist
20252026,Regular,229,,Seattle,8,Ottawa,5,shot,1,9:49,589,0,0,,,345,71,,0,217,250,5,FALSE,Non quality on net,Wrist
20252026,Regular,229,,Seattle,8,Ottawa,5,shot,1,11:13,673,0,0,,,452,80,,0,242,250,5,FALSE,Non quality on net,Slap
20252026,Regular,229,,Seattle,8,Ottawa,5,shot,1,11:16,676,0,0,,,543,151,,0,53,250,5,FALSE,Quality on net,Wrist
20252026,Regular,229,,Seattle,8,Ottawa,5,shot,1,11:36,696,0,0,,,550,129,,0,58,250,5,FALSE,Quality on net,Wrist
20252026,Regular,229,,Seattle,8,Ottawa,5,shot,1,12:08,728,0,0,,,420,198,,0,240,250,5,FALSE,Non quality on net,Slap
20252026,Regular,229,,Seattle,8,Ottawa,5,shot,1,13:24,804,0,0,,,469,137,,0,239,250,5,FALSE,Quality on net,Wrist
20252026,Regular,229,,Seattle,8,Ottawa,5,shot,1,14:17,857,0,0,,,478,113,,0,223,250,5,FALSE,Quality on net,Snap
20252026,Regular,229,,Seattle,8,Ottawa,5,shot,1,14:20,860,0,0,,,409,192,,0,71,250,5,FALSE,Non quality on net,Slap
20252026,Regular,229,,Seattle,8,Ottawa,5,shot,1,15:09,909,0,0,,,134,100,,0,196,238,8,FALSE,Quality on net,Backhand
20252026,Regular,229,,Seattle,8,Ottawa,5,shot,1,15:11,911,0,0,,,57,159,,0,36,238,8,FALSE,Quality on net,Wrist
20252026,Regular,229,,Seattle,8,Ottawa,5,shot,1,16:34,994,0,0,,,487,209,,0,241,250,5,FALSE,Quality on net,Wrist
20252026,Regular,229,,Seattle,8,Ottawa,5,shot,1,17:55,1075,0,0,,,70,114,,0,36,238,8,FALSE,Quality on net,Wrist
20252026,Regular,229,,Seattle,8,Ottawa,5,shot,1,18:32,1112,0,0,,,449,202,,0,58,250,5,FALSE,Non quality on net,Wrist
20252026,Regular,229,,Seattle,8,Ottawa,5,shot,1,19:57,1197,0,0,,,56,117,,0,210,238,8,TRUE,Non quality goal,Backhand
20252026,Regular,229,,Seattle,8,Ottawa,5,shot,2,0:59,1259,1,0,,,481,92,,-1,223,250,5,FALSE,Quality on net,Wrist
20252026,Regular,229,,Seattle,8,Ottawa,5,shot,2,3:21,1401,1,0,,,204,221,,1,295,238,8,FALSE,Non quality on net,Wrist
20252026,Regular,229,,Seattle,8,Ottawa,5,shot,2,5:52,1552,1,0,,,183,135,,1,196,238,8,FALSE,Non quality on net,Wrist
20252026,Regular,229,,Seattle,8,Ottawa,5,shot,2,6:25,1585,1,0,,,55,170,,1,34,238,8,TRUE,Quality goal,Backhand
20252026,Regular,229,,Seattle,8,Ottawa,5,shot,2,11:29,1889,2,0,,,51,129,,2,34,238,8,TRUE,Quality goal,Snap
20252026,Regular,229,,Seattle,8,Ottawa,5,shot,2,11:49,1909,3,0,,,483,74,,-3,101,250,5,FALSE,Quality on net,Wrist
20252026,Regular,229,,Seattle,8,Ottawa,5,shot,2,12:00,1920,3,0,,,129,213,,3,295,238,8,FALSE,Quality on net,Slap
20252026,Regular,229,,Seattle,8,Ottawa,5,shot,2,12:51,1971,3,0,,,70,166,,3,291,238,8,FALSE,Quality on net,Wrist
20252026,Regular,229,,Seattle,8,Ottawa,5,shot,2,13:33,2013,3,0,,,541,128,,-3,223,250,5,FALSE,Quality on net,Slap
20252026,Regular,229,,Seattle,8,Ottawa,5,shot,2,13:45,2025,3,0,,,549,25,,3,224,238,8,FALSE,Non quality on net,Wrist
20252026,Regular,229,,Seattle,8,Ottawa,5,shot,2,15:45,2145,3,0,,,100,208,,3,181,238,8,FALSE,Quality on net,Wrist
20252026,Regular,229,,Seattle,8,Ottawa,5,shot,2,17:25,2245,3,0,,,558,183,,-3,53,250,5,FALSE,Non quality on net,Wrist
20252026,Regular,229,,Seattle,8,Ottawa,5,shot,2,17:35,2255,3,0,,,483,110,,-3,88,250,5,FALSE,Quality on net,Backhand
20252026,Regular,229,,Seattle,8,Ottawa,5,shot,3,0:21,2421,3,0,,,404,120,,3,203,238,8,FALSE,Non quality on net,Wrist
20252026,Regular,229,,Seattle,8,Ottawa,5,shot,3,0:33,2433,3,0,,,443,246,,-3,58,250,5,FALSE,Non quality on net,Wrist
20252026,Regular,229,,Seattle,8,Ottawa,5,shot,3,1:02,2462,3,0,,,468,296,,3,210,238,8,FALSE,Non quality on net,Wrist
20252026,Regular,229,,Seattle,8,Ottawa,5,shot,3,1:17,2477,3,0,,,522,89,,-3,221,250,5,FALSE,Non quality on net,Snap
20252026,Regular,229,,Seattle,8,Ottawa,5,shot,3,5:10,2710,3,0,,,273,73,,3,138,238,8,FALSE,Non quality on net,Wrist
20252026,Regular,229,,Seattle,8,Ottawa,5,shot,3,5:34,2734,3,0,,,520,75,,-3,72,250,5,FALSE,Non quality on net,Backhand
20252026,Regular,229,,Seattle,8,Ottawa,5,shot,3,8:21,2901,3,0,,,444,96,,-3,223,250,5,FALSE,Non quality on net,Snap
20252026,Regular,229,,Seattle,8,Ottawa,5,shot,3,10:54,3054,3,0,,,43,188,,3,224,238,8,FALSE,Non quality on net,Default
20252026,Regular,229,,Seattle,8,Ottawa,5,shot,3,11:15,3075,3,0,,,285,238,,-3,241,250,5,FALSE,Non quality on net,Wrist
20252026,Regular,229,,Seattle,8,Ottawa,5,shot,3,13:09,3189,3,0,,,105,113,,3,34,238,8,FALSE,Quality on net,Snap
20252026,Regular,229,,Seattle,8,Ottawa,5,shot,3,13:27,3207,3,0,,,208,274,,3,210,238,8,FALSE,Non quality on net,Wrist
20252026,Regular,229,,Seattle,8,Ottawa,5,shot,3,13:42,3222,3,0,,,75,158,,3,181,238,8,FALSE,Quality on net,Wrist
20252026,Regular,229,,Seattle,8,Ottawa,5,shot,3,15:42,3342,3,0,,,429,215,,-3,58,250,5,FALSE,Non quality on net,Wrist
20252026,Regular,229,,Seattle,8,Ottawa,5,shot,3,18:30,3510,3,0,,,176,218,,3,181,0,8,TRUE,Non quality goal,Snap
20252026,Regular,229,,Seattle,8,Ottawa,5,shot,3,19:21,3561,4,0,,,457,215,,-4,72,250,5,TRUE,Quality goal,Default
20252026,Regular,229,,Seattle,8,Ottawa,5,shot,3,19:32,3572,4,1,,,186,111,,3,91,238,8,FALSE,Non quality on net,Wrist
20252026,Regular,230,,Minnesota,2,Boston,1,shot,1,0:45,45,0,0,,,171,243,,0,24,6,2,FALSE,Non quality on net,Wrist
20252026,Regular,230,,Minnesota,2,Boston,1,shot,1,2:02,122,0,0,,,453,95,,0,15,22,1,FALSE,Non quality on net,Slap
20252026,Regular,230,,Minnesota,2,Boston,1,shot,1,6:43,403,0,0,,,189,45,,0,21,6,2,FALSE,Non quality on net,Wrist
20252026,Regular,230,,Minnesota,2,Boston,1,shot,1,6:46,406,0,0,,,100,183,,0,191,6,2,FALSE,Quality on net,Snap
20252026,Regular,230,,Minnesota,2,Boston,1,shot,1,6:56,416,0,0,,,183,89,,0,236,6,2,FALSE,Non quality on net,Wrist
20252026,Regular,230,,Minnesota,2,Boston,1,shot,1,6:57,417,0,0,,,52,147,,0,20,6,2,TRUE,Quality goal,Snap
20252026,Regular,230,,Minnesota,2,Boston,1,shot,1,8:35,515,1,0,,,465,141,,-1,1,22,1,FALSE,Quality on net,Backhand
20252026,Regular,230,,Minnesota,2,Boston,1,shot,1,8:53,533,1,0,,,119,147,,1,195,6,2,FALSE,Quality on net,Wrist
20252026,Regular,230,,Minnesota,2,Boston,1,shot,1,9:35,575,1,0,,,550,133,,-1,97,22,1,FALSE,Quality on net,Wrist
20252026,Regular,230,,Minnesota,2,Boston,1,shot,1,10:02,602,1,0,,,95,199,,1,188,6,2,FALSE,Quality on net,Wrist
20252026,Regular,230,,Minnesota,2,Boston,1,shot,1,10:37,637,1,0,,,98,116,,1,20,6,2,FALSE,Quality on net,Wrist
20252026,Regular,230,,Minnesota,2,Boston,1,shot,1,11:16,676,1,0,,,203,65,,1,264,6,2,FALSE,Non quality on net,Wrist
20252026,Regular,230,,Minnesota,2,Boston,1,shot,1,11:16,676,1,0,,,81,164,,1,102,6,2,FALSE,Quality on net,Backhand
20252026,Regular,230,,Minnesota,2,Boston,1,shot,1,12:37,757,1,0,,,54,162,,1,195,6,2,TRUE,Quality goal,Tip
20252026,Regular,230,,Minnesota,2,Boston,1,shot,1,12:52,772,2,0,,,512,195,,-2,15,22,1,FALSE,Quality on net,Wrist
20252026,Regular,230,,Minnesota,2,Boston,1,shot,1,12:58,778,2,0,,,405,147,,-2,12,22,1,FALSE,Non quality on net,Wrist
20252026,Regular,230,,Minnesota,2,Boston,1,shot,1,15:53,953,2,0,,,534,129,,-2,243,22,1,FALSE,Quality on net,Snap
20252026,Regular,230,,Minnesota,2,Boston,1,shot,1,16:20,980,2,0,,,489,153,,-2,243,22,1,FALSE,Quality on net,Wrist
20252026,Regular,230,,Minnesota,2,Boston,1,shot,1,17:36,1056,2,0,,,382,37,,-2,52,22,1,FALSE,Non quality on net,Wrist
20252026,Regular,230,,Minnesota,2,Boston,1,shot,1,18:55,1135,2,0,,,73,173,,2,21,6,2,FALSE,Quality on net,Wrist
20252026,Regular,230,,Minnesota,2,Boston,1,shot,1,19:25,1165,2,0,,,166,130,,2,167,6,2,FALSE,Non quality on net,Wrist
20252026,Regular,230,,Minnesota,2,Boston,1,shot,1,19:27,1167,2,0,,,337,286,,-2,15,22,1,FALSE,Non quality on net,Backhand
20252026,Regular,230,,Minnesota,2,Boston,1,shot,2,0:47,1247,2,0,,,429,172,,-2,183,22,1,FALSE,Non quality on net,Wrist
20252026,Regular,230,,Minnesota,2,Boston,1,shot,2,1:13,1273,2,0,,,532,92,,-2,78,22,1,FALSE,Non quality on net,Wrist
20252026,Regular,230,,Minnesota,2,Boston,1,shot,2,1:14,1274,2,0,,,519,160,,-2,243,22,1,FALSE,Quality on net,Snap
20252026,Regular,230,,Minnesota,2,Boston,1,shot,2,1:22,1282,2,0,,,88,153,,2,104,6,2,FALSE,Quality on net,Snap
20252026,Regular,230,,Minnesota,2,Boston,1,shot,2,1:28,1288,2,0,,,39,165,,2,189,6,2,TRUE,Non quality goal,Backhand
20252026,Regular,230,,Minnesota,2,Boston,1,shot,2,3:16,1396,3,0,,,519,201,,-3,52,22,1,FALSE,Quality on net,Wrist
20252026,Regular,230,,Minnesota,2,Boston,1,shot,2,3:17,1397,3,0,,,423,46,,-3,255,22,1,FALSE,Non quality on net,Wrist
20252026,Regular,230,,Minnesota,2,Boston,1,shot,2,3:33,1413,3,0,,,526,130,,-3,15,22,1,FALSE,Quality on net,Wrist
20252026,Regular,230,,Minnesota,2,Boston,1,shot,2,7:01,1621,3,0,,,206,45,,3,236,6,2,FALSE,Non quality on net,Wrist
20252026,Regular,230,,Minnesota,2,Boston,1,shot,2,8:42,1722,3,0,,,176,76,,3,190,6,2,FALSE,Non quality on net,Tip
20252026,Regular,230,,Minnesota,2,Boston,1,shot,2,13:09,1989,3,0,,,499,155,,-3,259,22,1,FALSE,Quality on net,Wrist
20252026,Regular,230,,Minnesota,2,Boston,1,shot,2,14:13,2053,3,0,,,533,185,,-3,149,22,1,FALSE,Quality on net,Wrist
20252026,Regular,230,,Minnesota,2,Boston,1,shot,2,14:51,2091,3,0,,,461,176,,-3,78,22,1,FALSE,Quality on net,Wrist
20252026,Regular,230,,Minnesota,2,Boston,1,shot,2,16:03,2163,3,0,,,546,126,,-3,15,22,1,FALSE,Quality on net,Wrist
20252026,Regular,230,,Minnesota,2,Boston,1,shot,2,16:48,2208,3,0,,,482,170,,-3,243,22,1,FALSE,Quality on net,Wrist
20252026,Regular,230,,Minnesota,2,Boston,1,shot,2,17:18,2238,3,0,,,421,137,,-3,255,22,1,FALSE,Non quality on net,Wrist
20252026,Regular,230,,Minnesota,2,Boston,1,shot,2,18:24,2304,3,0,,,103,171,,3,104,6,2,FALSE,Quality on net,Default
20252026,Regular,230,,Minnesota,2,Boston,1,shot,2,19:14,2354,3,0,,,85,106,,3,25,6,2,FALSE,Quality on net,Wrist
20252026,Regular,230,,Minnesota,2,Boston,1,shot,2,19:17,2357,3,0,,,98,153,,3,25,6,2,FALSE,Quality on net,Snap
20252026,Regular,230,,Minnesota,2,Boston,1,shot,3,0:11,2411,3,0,,,458,53,,-3,15,22,1,FALSE,Non quality on net,Slap
20252026,Regular,230,,Minnesota,2,Boston,1,shot,3,1:41,2501,3,0,,,156,95,,3,20,6,2,FALSE,Non quality on net,Wrist
20252026,Regular,230,,Minnesota,2,Boston,1,shot,3,1:57,2517,3,0,,,44,130,,3,195,6,2,FALSE,Quality on net,Backhand
20252026,Regular,230,,Minnesota,2,Boston,1,shot,3,6:00,2760,3,0,,,80,122,,3,25,6,2,FALSE,Quality on net,Wrist
20252026,Regular,230,,Minnesota,2,Boston,1,shot,3,6:23,2783,3,0,,,115,154,,3,104,6,2,FALSE,Quality on net,Wrist
20252026,Regular,230,,Minnesota,2,Boston,1,shot,3,8:01,2881,3,0,,,59,192,,3,20,6,2,FALSE,Non quality on net,Wrist
20252026,Regular,230,,Minnesota,2,Boston,1,shot,3,8:23,2903,3,0,,,44,177,,3,191,6,2,FALSE,Non quality on net,Wrist
20252026,Regular,230,,Minnesota,2,Boston,1,shot,3,9:00,2940,3,0,,,561,231,,-3,246,22,1,FALSE,Non quality on net,Snap
20252026,Regular,230,,Minnesota,2,Boston,1,shot,3,9:01,2941,3,0,,,545,141,,-3,256,22,1,TRUE,Quality goal,Wrist
20252026,Regular,230,,Minnesota,2,Boston,1,shot,3,9:25,2965,3,1,,,478,209,,-2,255,22,1,TRUE,Quality goal,Snap
20252026,Regular,230,,Minnesota,2,Boston,1,shot,3,9:36,2976,3,2,,,92,225,,1,247,6,2,FALSE,Non quality on net,Wrist
20252026,Regular,230,,Minnesota,2,Boston,1,shot,3,11:15,3075,3,2,,,498,51,,-1,12,22,1,FALSE,Non quality on net,Wrist
20252026,Regular,230,,Minnesota,2,Boston,1,shot,3,12:25,3145,3,2,,,385,266,,-1,246,22,1,FALSE,Non quality on net,Wrist
20252026,Regular,230,,Minnesota,2,Boston,1,shot,3,12:31,3151,3,2,,,493,157,,-1,183,22,1,FALSE,Quality on net,Backhand
20252026,Regular,230,,Minnesota,2,Boston,1,shot,3,16:05,3365,3,2,,,484,192,,-1,182,22,1,FALSE,Quality on net,Wrist
20252026,Regular,230,,Minnesota,2,Boston,1,shot,3,17:45,3465,3,2,,,144,233,,1,167,6,2,FALSE,Non quality on net,Wrist
20252026,Regular,230,,Minnesota,2,Boston,1,shot,3,19:10,3550,3,2,,,292,39,,1,191,0,2,TRUE,Non quality goal,Wrist
20252026,Regular,230,,Minnesota,2,Boston,1,shot,3,19:52,3592,4,2,,,342,271,,2,23,0,2,TRUE,Quality goal,Wrist
20252026,Regular,231,,Vancouver,9,Montréal,3,shot,1,2:01,121,0,0,,,402,225,,0,5,59,3,FALSE,Non quality on net,Wrist
20252026,Regular,231,,Vancouver,9,Montréal,3,shot,1,2:26,146,0,0,,,337,174,,0,42,59,3,FALSE,Non quality on net,Tip
20252026,Regular,231,,Vancouver,9,Montréal,3,shot,1,4:26,266,0,0,,,186,237,,0,129,48,9,FALSE,Non quality on net,Wrist
20252026,Regular,231,,Vancouver,9,Montréal,3,shot,1,4:50,290,0,0,,,471,219,,0,98,59,3,FALSE,Quality on net,Wrist
20252026,Regular,231,,Vancouver,9,Montréal,3,shot,1,5:03,303,0,0,,,69,214,,0,209,48,9,FALSE,Non quality on net,Wrist
20252026,Regular,231,,Vancouver,9,Montréal,3,shot,1,5:41,341,0,0,,,516,93,,0,31,59,3,FALSE,Quality on net,Wrist
20252026,Regular,231,,Vancouver,9,Montréal,3,shot,1,5:46,346,0,0,,,476,103,,0,31,59,3,FALSE,Quality on net,Snap
20252026,Regular,231,,Vancouver,9,Montréal,3,shot,1,7:01,421,0,0,,,481,74,,0,79,59,3,FALSE,Quality on net,Wrist
20252026,Regular,231,,Vancouver,9,Montréal,3,shot,1,8:35,515,0,0,,,152,208,,0,161,48,9,FALSE,Non quality on net,Wrist
20252026,Regular,231,,Vancouver,9,Montréal,3,shot,1,8:44,524,0,0,,,51,237,,0,161,48,9,FALSE,Non quality on net,Wrist
20252026,Regular,231,,Vancouver,9,Montréal,3,shot,1,8:58,538,0,0,,,220,84,,0,129,48,9,FALSE,Non quality on net,Wrist
20252026,Regular,231,,Vancouver,9,Montréal,3,shot,1,10:04,604,0,0,,,497,75,,0,32,59,3,FALSE,Quality on net,Wrist
20252026,Regular,231,,Vancouver,9,Montréal,3,shot,1,10:18,618,0,0,,,484,211,,0,31,59,3,TRUE,Quality goal,Default
20252026,Regular,231,,Vancouver,9,Montréal,3,shot,1,14:12,852,0,1,,,519,242,,1,61,59,3,FALSE,Non quality on net,Backhand
20252026,Regular,231,,Vancouver,9,Montréal,3,shot,1,15:59,959,0,1,,,540,142,,1,98,59,3,FALSE,Quality on net,Tip
20252026,Regular,231,,Vancouver,9,Montréal,3,shot,1,16:56,1016,0,1,,,105,274,,-1,50,48,9,FALSE,Non quality on net,Wrist
20252026,Regular,231,,Vancouver,9,Montréal,3,shot,1,17:27,1047,0,1,,,106,134,,-1,227,48,9,FALSE,Quality on net,Slap
20252026,Regular,231,,Vancouver,9,Montréal,3,shot,1,17:39,1059,0,1,,,148,279,,-1,310,48,9,FALSE,Non quality on net,Wrist
20252026,Regular,231,,Vancouver,9,Montréal,3,shot,1,19:56,1196,0,1,,,143,259,,-1,11,48,9,FALSE,Non quality on net,Wrist
20252026,Regular,231,,Vancouver,9,Montréal,3,shot,2,0:11,1211,0,1,,,448,270,,1,32,59,3,FALSE,Non quality on net,Wrist
20252026,Regular,231,,Vancouver,9,Montréal,3,shot,2,0:38,1238,0,1,,,487,159,,1,32,59,3,FALSE,Quality on net,Wrist
20252026,Regular,231,,Vancouver,9,Montréal,3,shot,2,1:02,1262,0,1,,,554,23,,1,79,59,3,FALSE,Non quality on net,Wrist
20252026,Regular,231,,Vancouver,9,Montréal,3,shot,2,1:03,1263,0,1,,,545,137,,1,4,59,3,FALSE,Quality on net,Wrist
20252026,Regular,231,,Vancouver,9,Montréal,3,shot,2,1:05,1265,0,1,,,518,149,,1,4,59,3,FALSE,Quality on net,Wrist
20252026,Regular,231,,Vancouver,9,Montréal,3,shot,2,1:37,1297,0,1,,,548,176,,1,272,59,3,FALSE,Quality on net,Backhand
20252026,Regular,231,,Vancouver,9,Montréal,3,shot,2,1:48,1308,0,1,,,519,171,,1,199,59,3,TRUE,Quality goal,Default
20252026,Regular,231,,Vancouver,9,Montréal,3,shot,2,1:58,1318,0,2,,,159,183,,-2,252,48,9,FALSE,Non quality on net,Wrist
20252026,Regular,231,,Vancouver,9,Montréal,3,shot,2,3:05,1385,0,2,,,69,173,,-2,114,48,9,FALSE,Quality on net,Wrist
20252026,Regular,231,,Vancouver,9,Montréal,3,shot,2,3:43,1423,0,2,,,84,0,,-2,209,48,9,FALSE,Non quality on net,Wrist
20252026,Regular,231,,Vancouver,9,Montréal,3,shot,2,5:20,1520,0,2,,,503,109,,2,272,59,3,FALSE,Quality on net,Wrist
20252026,Regular,231,,Vancouver,9,Montréal,3,shot,2,5:58,1558,0,2,,,499,153,,2,61,59,3,FALSE,Quality on net,Wrist
20252026,Regular,231,,Vancouver,9,Montréal,3,shot,2,6:17,1577,0,2,,,538,148,,2,98,59,3,FALSE,Quality on net,Wrist
20252026,Regular,231,,Vancouver,9,Montréal,3,shot,2,7:11,1631,0,2,,,480,167,,2,98,59,3,FALSE,Quality on net,Wrist
20252026,Regular,231,,Vancouver,9,Montréal,3,shot,2,7:13,1633,0,2,,,541,138,,2,51,59,3,FALSE,Quality on net,Wrist
20252026,Regular,231,,Vancouver,9,Montréal,3,shot,2,8:03,1683,0,2,,,507,197,,2,32,59,3,FALSE,Quality on net,Wrist
20252026,Regular,231,,Vancouver,9,Montréal,3,shot,2,8:10,1690,0,2,,,417,185,,2,5,59,3,FALSE,Non quality on net,Wrist
20252026,Regular,231,,Vancouver,9,Montréal,3,shot,2,10:09,1809,0,2,,,81,171,,-2,114,48,9,FALSE,Quality on net,Tip
20252026,Regular,231,,Vancouver,9,Montréal,3,shot,2,12:24,1944,0,2,,,198,88,,-2,11,48,9,TRUE,Non quality goal,Slap
20252026,Regular,231,,Vancouver,9,Montréal,3,shot,2,15:23,2123,1,2,,,559,143,,1,274,59,3,TRUE,Quality goal,Default
20252026,Regular,231,,Vancouver,9,Montréal,3,shot,2,15:37,2137,1,3,,,86,61,,-2,161,48,9,FALSE,Non quality on net,Wrist
20252026,Regular,231,,Vancouver,9,Montréal,3,shot,2,16:58,2218,1,3,,,47,143,,-2,192,48,9,FALSE,Quality on net,Tip
20252026,Regular,231,,Vancouver,9,Montréal,3,shot,3,0:32,2432,1,3,,,135,83,,-2,248,48,9,FALSE,Quality on net,Wrist
20252026,Regular,231,,Vancouver,9,Montréal,3,shot,3,1:07,2467,1,3,,,77,114,,-2,115,48,9,TRUE,Quality goal,Default
20252026,Regular,231,,Vancouver,9,Montréal,3,shot,3,1:55,2515,2,3,,,240,27,,-1,11,48,9,FALSE,Non quality on net,Wrist
20252026,Regular,231,,Vancouver,9,Montréal,3,shot,3,4:07,2647,2,3,,,487,173,,1,98,59,3,FALSE,Quality on net,Wrist
20252026,Regular,231,,Vancouver,9,Montréal,3,shot,3,5:22,2722,2,3,,,195,277,,-1,169,48,9,FALSE,Non quality on net,Wrist
20252026,Regular,231,,Vancouver,9,Montréal,3,shot,3,6:30,2790,2,3,,,108,275,,-1,198,48,9,FALSE,Non quality on net,Wrist
20252026,Regular,231,,Vancouver,9,Montréal,3,shot,3,7:15,2835,2,3,,,45,129,,-1,161,48,9,FALSE,Non quality on net,Wrist
20252026,Regular,231,,Vancouver,9,Montréal,3,shot,3,9:48,2988,2,3,,,542,164,,1,253,59,3,FALSE,Quality on net,Backhand
20252026,Regular,231,,Vancouver,9,Montréal,3,shot,3,12:47,3167,2,3,,,104,174,,-1,114,48,9,FALSE,Quality on net,Wrist
20252026,Regular,231,,Vancouver,9,Montréal,3,shot,3,14:25,3265,2,3,,,468,202,,1,98,59,3,FALSE,Quality on net,Default
20252026,Regular,231,,Vancouver,9,Montréal,3,shot,3,14:27,3267,2,3,,,541,147,,1,5,59,3,FALSE,Quality on net,Wrist
20252026,Regular,231,,Vancouver,9,Montréal,3,shot,3,14:31,3271,2,3,,,559,131,,1,4,59,3,TRUE,Non quality goal,Wrist
20252026,Regular,231,,Vancouver,9,Montréal,3,shot,3,16:09,3369,2,4,,,57,241,,-2,115,48,9,FALSE,Non quality on net,Backhand
20252026,Regular,231,,Vancouver,9,Montréal,3,shot,3,16:17,3377,2,4,,,65,151,,-2,252,48,9,FALSE,Quality on net,Tip
20252026,Regular,231,,Vancouver,9,Montréal,3,shot,3,16:49,3409,2,4,,,75,245,,-2,115,48,9,FALSE,Non quality on net,Wrist
20252026,Regular,231,,Vancouver,9,Montréal,3,shot,3,17:26,3446,2,4,,,172,147,,-2,89,48,9,FALSE,Non quality on net,Wrist
20252026,Regular,231,,Vancouver,9,Montréal,3,shot,3,17:52,3472,2,4,,,44,174,,-2,50,48,9,FALSE,Non quality on net,Wrist
20252026,Regular,231,,Vancouver,9,Montréal,3,shot,3,17:54,3474,2,4,,,48,178,,-2,252,48,9,FALSE,Non quality on net,Wrist
20252026,Regular,232,,New York,4,Toronto,6,shot,1,0:42,42,0,0,,,504,151,,0,100,228,6,FALSE,Quality on net,Backhand
20252026,Regular,232,,New York,4,Toronto,6,shot,1,2:14,134,0,0,,,466,51,,0,66,228,6,FALSE,Non quality on net,Wrist
20252026,Regular,232,,New York,4,Toronto,6,shot,1,2:32,152,0,0,,,516,239,,0,68,228,6,FALSE,Non quality on net,Wrist
20252026,Regular,232,,New York,4,Toronto,6,shot,1,4:33,273,0,0,,,99,207,,0,230,85,4,FALSE,Quality on net,Snap
20252026,Regular,232,,New York,4,Toronto,6,shot,1,5:00,300,0,0,,,489,42,,0,317,228,6,FALSE,Non quality on net,Snap
20252026,Regular,232,,New York,4,Toronto,6,shot,1,5:01,301,0,0,,,524,65,,0,132,228,6,FALSE,Non quality on net,Wrist
20252026,Regular,232,,New York,4,Toronto,6,shot,1,8:11,491,0,0,,,140,63,,0,30,85,4,FALSE,Non quality on net,Wrist
20252026,Regular,232,,New York,4,Toronto,6,shot,1,9:19,559,0,0,,,528,163,,0,65,228,6,TRUE,Quality goal,Slap
20252026,Regular,232,,New York,4,Toronto,6,shot,1,10:37,637,0,1,,,499,209,,1,68,228,6,FALSE,Quality on net,Wrist
20252026,Regular,232,,New York,4,Toronto,6,shot,1,11:32,692,0,1,,,507,99,,1,66,228,6,FALSE,Quality on net,Wrist
20252026,Regular,232,,New York,4,Toronto,6,shot,1,12:15,735,0,1,,,42,185,,-1,205,85,4,FALSE,Non quality on net,Wrist
20252026,Regular,232,,New York,4,Toronto,6,shot,1,14:16,856,0,1,,,52,109,,-1,47,85,4,FALSE,Non quality on net,Backhand
20252026,Regular,232,,New York,4,Toronto,6,shot,1,15:31,931,0,1,,,211,154,,-1,245,85,4,FALSE,Non quality on net,Wrist
20252026,Regular,232,,New York,4,Toronto,6,shot,1,16:00,960,0,1,,,249,51,,1,313,228,6,FALSE,Non quality on net,Tip
20252026,Regular,232,,New York,4,Toronto,6,shot,1,17:35,1055,0,1,,,84,211,,-1,205,85,4,FALSE,Quality on net,Snap
20252026,Regular,232,,New York,4,Toronto,6,shot,1,17:37,1057,0,1,,,141,166,,-1,245,85,4,TRUE,Quality goal,Wrist
20252026,Regular,232,,New York,4,Toronto,6,shot,1,19:33,1173,1,1,,,493,61,,0,230,85,4,FALSE,Non quality on net,Slap
20252026,Regular,232,,New York,4,Toronto,6,shot,2,0:22,1222,1,1,,,508,148,,0,73,228,6,FALSE,Quality on net,Tip
20252026,Regular,232,,New York,4,Toronto,6,shot,2,0:47,1247,1,1,,,191,153,,0,9,85,4,FALSE,Non quality on net,Slap
20252026,Regular,232,,New York,4,Toronto,6,shot,2,1:21,1281,1,1,,,521,104,,0,76,228,6,TRUE,Quality goal,Snap
20252026,Regular,232,,New York,4,Toronto,6,shot,2,2:33,1353,1,2,,,94,107,,-1,9,85,4,FALSE,Quality on net,Wrist
20252026,Regular,232,,New York,4,Toronto,6,shot,2,2:49,1369,1,2,,,94,219,,-1,9,85,4,FALSE,Quality on net,Wrist
20252026,Regular,232,,New York,4,Toronto,6,shot,2,4:34,1474,1,2,,,447,106,,1,74,228,6,FALSE,Non quality on net,Wrist
20252026,Regular,232,,New York,4,Toronto,6,shot,2,6:17,1577,1,2,,,64,159,,-1,245,85,4,TRUE,Quality goal,Tip
20252026,Regular,232,,New York,4,Toronto,6,shot,2,6:58,1618,2,2,,,160,218,,0,204,85,4,FALSE,Non quality on net,Wrist
20252026,Regular,232,,New York,4,Toronto,6,shot,2,7:36,1656,2,2,,,517,120,,0,73,228,6,TRUE,Quality goal,Snap
20252026,Regular,232,,New York,4,Toronto,6,shot,2,8:07,1687,2,3,,,216,115,,1,132,228,6,FALSE,Non quality on net,Wrist
20252026,Regular,232,,New York,4,Toronto,6,shot,2,9:48,1788,2,3,,,455,62,,1,76,228,6,FALSE,Non quality on net,Slap
20252026,Regular,232,,New York,4,Toronto,6,shot,2,10:27,1827,2,3,,,448,247,,1,200,228,6,FALSE,Non quality on net,Wrist
20252026,Regular,232,,New York,4,Toronto,6,shot,2,10:28,1828,2,3,,,519,63,,1,63,228,6,FALSE,Non quality on net,Snap
20252026,Regular,232,,New York,4,Toronto,6,shot,2,11:00,1860,2,3,,,50,117,,-1,285,85,4,FALSE,Non quality on net,Default
20252026,Regular,232,,New York,4,Toronto,6,shot,2,12:53,1973,2,3,,,131,171,,-1,285,85,4,FALSE,Quality on net,Wrist
20252026,Regular,232,,New York,4,Toronto,6,shot,2,13:21,2001,2,3,,,355,269,,-1,285,85,4,FALSE,Non quality on net,Wrist
20252026,Regular,232,,New York,4,Toronto,6,shot,2,13:30,2010,2,3,,,188,31,,-1,207,85,4,FALSE,Non quality on net,Slap
20252026,Regular,232,,New York,4,Toronto,6,shot,2,13:58,2038,2,3,,,98,133,,-1,245,85,4,FALSE,Quality on net,Wrist
20252026,Regular,232,,New York,4,Toronto,6,shot,2,15:44,2144,2,3,,,500,141,,1,244,228,6,FALSE,Quality on net,Wrist
20252026,Regular,232,,New York,4,Toronto,6,shot,2,16:14,2174,2,3,,,39,78,,-1,249,85,4,FALSE,Non quality on net,Default
20252026,Regular,232,,New York,4,Toronto,6,shot,2,16:28,2188,2,3,,,141,52,,-1,205,85,4,FALSE,Non quality on net,Wrist
20252026,Regular,232,,New York,4,Toronto,6,shot,2,18:35,2315,2,3,,,144,195,,-1,249,85,4,FALSE,Non quality on net,Wrist
20252026,Regular,232,,New York,4,Toronto,6,shot,2,18:51,2331,2,3,,,465,215,,1,313,228,6,FALSE,Quality on net,Wrist
20252026,Regular,232,,New York,4,Toronto,6,shot,2,19:42,2382,2,3,,,557,171,,1,244,228,6,FALSE,Non quality on net,Wrist
20252026,Regular,232,,New York,4,Toronto,6,shot,3,0:30,2430,2,3,,,167,157,,-1,205,85,4,FALSE,Non quality on net,Wrist
20252026,Regular,232,,New York,4,Toronto,6,shot,3,0:54,2454,2,3,,,87,182,,-1,280,85,4,FALSE,Quality on net,Wrist
20252026,Regular,232,,New York,4,Toronto,6,shot,3,2:41,2561,2,3,,,64,152,,-1,47,85,4,FALSE,Quality on net,Wrist
20252026,Regular,232,,New York,4,Toronto,6,shot,3,3:23,2603,2,3,,,343,265,,-1,60,85,4,FALSE,Non quality on net,Snap
20252026,Regular,232,,New York,4,Toronto,6,shot,3,3:49,2629,2,3,,,451,111,,1,66,228,6,FALSE,Non quality on net,Wrist
20252026,Regular,232,,New York,4,Toronto,6,shot,3,4:42,2682,2,3,,,438,239,,1,56,228,6,FALSE,Non quality on net,Wrist
20252026,Regular,232,,New York,4,Toronto,6,shot,3,5:26,2726,2,3,,,258,51,,-1,230,85,4,FALSE,Non quality on net,Wrist
20252026,Regular,232,,New York,4,Toronto,6,shot,3,6:48,2808,2,3,,,78,123,,-1,207,85,4,FALSE,Quality on net,Wrist
20252026,Regular,232,,New York,4,Toronto,6,shot,3,7:27,2847,2,3,,,542,89,,1,63,228,6,FALSE,Non quality on net,Wrist
20252026,Regular,232,,New York,4,Toronto,6,shot,3,7:29,2849,2,3,,,558,125,,1,100,228,6,FALSE,Non quality on net,Wrist
20252026,Regular,232,,New York,4,Toronto,6,shot,3,8:37,2917,2,3,,,169,60,,-1,40,85,4,FALSE,Non quality on net,Wrist
20252026,Regular,232,,New York,4,Toronto,6,shot,3,10:17,3017,2,3,,,39,101,,-1,9,85,4,FALSE,Non quality on net,Wrist
20252026,Regular,232,,New York,4,Toronto,6,shot,3,10:25,3025,2,3,,,51,125,,-1,9,85,4,FALSE,Quality on net,Wrist
20252026,Regular,232,,New York,4,Toronto,6,shot,3,12:02,3122,2,3,,,99,90,,-1,87,85,4,FALSE,Quality on net,Wrist
20252026,Regular,232,,New York,4,Toronto,6,shot,3,12:08,3128,2,3,,,544,157,,1,76,228,6,FALSE,Quality on net,Tip
20252026,Regular,232,,New York,4,Toronto,6,shot,3,12:37,3157,2,3,,,514,159,,1,73,228,6,FALSE,Quality on net,Wrist
20252026,Regular,232,,New York,4,Toronto,6,shot,3,14:06,3246,2,3,,,40,66,,-1,206,85,4,FALSE,Non quality on net,Backhand
20252026,Regular,232,,New York,4,Toronto,6,shot,3,15:27,3327,2,3,,,95,233,,-1,280,85,4,FALSE,Non quality on net,Wrist
20252026,Regular,232,,New York,4,Toronto,6,shot,3,16:20,3380,2,3,,,218,21,,-1,40,85,4,FALSE,Non quality on net,Wrist
20252026,Regular,232,,New York,4,Toronto,6,shot,3,17:53,3473,2,3,,,192,67,,-1,40,85,4,FALSE,Non quality on net,Wrist
20252026,Regular,232,,New York,4,Toronto,6,shot,3,18:23,3503,2,3,,,463,99,,1,65,0,6,TRUE,Quality goal,Wrist
20252026,Regular,232,,New York,4,Toronto,6,shot,3,18:39,3519,2,4,,,80,197,,-2,9,85,4,FALSE,Quality on net,Snap
20252026,Regular,232,,New York,4,Toronto,6,shot,3,18:41,3521,2,4,,,95,158,,-2,9,85,4,FALSE,Quality on net,Backhand
20252026,Regular,232,,New York,4,Toronto,6,shot,3,18:44,3524,2,4,,,80,171,,-2,9,85,4,TRUE,Quality goal,Wrist
20252026,Regular,232,,New York,4,Toronto,6,shot,3,19:50,3590,3,4,,,72,146,,-1,245,85,4,FALSE,Quality on net,Default
20252026,Regular,232,,New York,4,Toronto,6,shot,3,19:57,3597,3,4,,,102,281,,-1,9,85,4,FALSE,Non quality on net,Backhand
20252026,Regular,233,,Minnesota,2,Ottawa,5,shot,1,1:42,102,0,0,,,51,189,,0,195,222,2,FALSE,Non quality on net,Wrist
20252026,Regular,233,,Minnesota,2,Ottawa,5,shot,1,3:52,232,0,0,,,453,202,,0,88,22,5,FALSE,Non quality on net,Snap
20252026,Regular,233,,Minnesota,2,Ottawa,5,shot,1,6:15,375,0,0,,,170,240,,0,247,222,2,FALSE,Non quality on net,Wrist
20252026,Regular,233,,Minnesota,2,Ottawa,5,shot,1,9:31,571,0,0,,,526,202,,0,223,22,5,TRUE,Non quality goal,Wrist
20252026,Regular,233,,Minnesota,2,Ottawa,5,shot,1,9:42,582,0,1,,,123,147,,-1,167,222,2,FALSE,Quality on net,Default
20252026,Regular,233,,Minnesota,2,Ottawa,5,shot,1,9:44,584,0,1,,,57,120,,-1,23,222,2,FALSE,Quality on net,Default
20252026,Regular,233,,Minnesota,2,Ottawa,5,shot,1,10:09,609,0,1,,,447,222,,1,72,22,5,FALSE,Non quality on net,Default
20252026,Regular,233,,Minnesota,2,Ottawa,5,shot,1,11:32,692,0,1,,,111,186,,-1,104,222,2,FALSE,Quality on net,Tip
20252026,Regular,233,,Minnesota,2,Ottawa,5,shot,1,12:26,746,0,1,,,369,98,,1,220,22,5,FALSE,Non quality on net,Default
20252026,Regular,233,,Minnesota,2,Ottawa,5,shot,1,15:56,956,0,1,,,179,45,,-1,21,222,2,FALSE,Non quality on net,Wrist
20252026,Regular,233,,Minnesota,2,Ottawa,5,shot,2,0:34,1234,0,1,,,538,119,,1,221,22,5,FALSE,Quality on net,Default
20252026,Regular,233,,Minnesota,2,Ottawa,5,shot,2,0:51,1251,0,1,,,402,273,,1,219,22,5,FALSE,Non quality on net,Snap
20252026,Regular,233,,Minnesota,2,Ottawa,5,shot,2,1:30,1290,0,1,,,561,123,,1,286,22,5,FALSE,Non quality on net,Wrist
20252026,Regular,233,,Minnesota,2,Ottawa,5,shot,2,2:11,1331,0,1,,,459,287,,-1,188,222,2,FALSE,Non quality on net,Snap
20252026,Regular,233,,Minnesota,2,Ottawa,5,shot,2,4:01,1441,0,1,,,75,138,,-1,236,222,2,FALSE,Quality on net,Wrist
20252026,Regular,233,,Minnesota,2,Ottawa,5,shot,2,4:44,1484,0,1,,,109,159,,-1,195,222,2,FALSE,Quality on net,Backhand
20252026,Regular,233,,Minnesota,2,Ottawa,5,shot,2,4:48,1488,0,1,,,71,171,,-1,20,222,2,FALSE,Quality on net,Snap
20252026,Regular,233,,Minnesota,2,Ottawa,5,shot,2,4:52,1492,0,1,,,159,88,,-1,190,222,2,FALSE,Non quality on net,Snap
20252026,Regular,233,,Minnesota,2,Ottawa,5,shot,2,5:23,1523,0,1,,,87,188,,-1,191,222,2,FALSE,Quality on net,Default
20252026,Regular,233,,Minnesota,2,Ottawa,5,shot,2,5:25,1525,0,1,,,59,115,,-1,190,222,2,FALSE,Quality on net,Default
20252026,Regular,233,,Minnesota,2,Ottawa,5,shot,2,5:26,1526,0,1,,,74,130,,-1,190,222,2,FALSE,Quality on net,Wrist
20252026,Regular,233,,Minnesota,2,Ottawa,5,shot,2,6:10,1570,0,1,,,82,180,,-1,247,222,2,FALSE,Quality on net,Snap
20252026,Regular,233,,Minnesota,2,Ottawa,5,shot,2,6:22,1582,0,1,,,454,45,,1,101,22,5,FALSE,Non quality on net,Snap
20252026,Regular,233,,Minnesota,2,Ottawa,5,shot,2,6:43,1603,0,1,,,115,293,,1,241,22,5,FALSE,Non quality on net,Default
20252026,Regular,233,,Minnesota,2,Ottawa,5,shot,2,7:14,1634,0,1,,,115,124,,-1,195,222,2,FALSE,Quality on net,Snap
20252026,Regular,233,,Minnesota,2,Ottawa,5,shot,2,9:00,1740,0,1,,,544,135,,1,220,22,5,FALSE,Quality on net,Snap
20252026,Regular,233,,Minnesota,2,Ottawa,5,shot,2,9:55,1795,0,1,,,47,184,,-1,25,222,2,FALSE,Non quality on net,Snap
20252026,Regular,233,,Minnesota,2,Ottawa,5,shot,2,9:57,1797,0,1,,,62,187,,-1,25,222,2,FALSE,Quality on net,Snap
20252026,Regular,233,,Minnesota,2,Ottawa,5,shot,2,10:01,1801,0,1,,,214,276,,-1,24,222,2,FALSE,Non quality on net,Wrist
20252026,Regular,233,,Minnesota,2,Ottawa,5,shot,2,10:44,1844,0,1,,,54,212,,-1,189,222,2,TRUE,Non quality goal,Default
20252026,Regular,233,,Minnesota,2,Ottawa,5,shot,2,11:02,1862,1,1,,,208,185,,0,191,222,2,FALSE,Non quality on net,Wrist
20252026,Regular,233,,Minnesota,2,Ottawa,5,shot,2,12:24,1944,1,1,,,495,72,,0,57,22,5,FALSE,Non quality on net,Slap
20252026,Regular,233,,Minnesota,2,Ottawa,5,shot,2,14:02,2042,1,1,,,43,93,,0,104,222,2,FALSE,Non quality on net,Backhand
20252026,Regular,233,,Minnesota,2,Ottawa,5,shot,2,14:11,2051,1,1,,,60,137,,0,191,222,2,FALSE,Quality on net,Backhand
20252026,Regular,233,,Minnesota,2,Ottawa,5,shot,2,14:41,2081,1,1,,,55,170,,0,191,222,2,FALSE,Quality on net,Backhand
20252026,Regular,233,,Minnesota,2,Ottawa,5,shot,2,15:29,2129,1,1,,,101,159,,0,236,222,2,FALSE,Quality on net,Default
20252026,Regular,233,,Minnesota,2,Ottawa,5,shot,2,16:02,2162,1,1,,,141,153,,0,23,222,2,FALSE,Quality on net,Snap
20252026,Regular,233,,Minnesota,2,Ottawa,5,shot,2,17:38,2258,1,1,,,185,243,,0,188,222,2,FALSE,Non quality on net,Default
20252026,Regular,233,,Minnesota,2,Ottawa,5,shot,2,18:29,2309,1,1,,,145,275,,0,104,222,2,FALSE,Non quality on net,Wrist
20252026,Regular,233,,Minnesota,2,Ottawa,5,shot,2,19:43,2383,1,1,,,457,23,,0,53,22,5,FALSE,Non quality on net,Default
20252026,Regular,233,,Minnesota,2,Ottawa,5,shot,2,19:48,2388,1,1,,,515,168,,0,72,22,5,FALSE,Quality on net,Default
20252026,Regular,233,,Minnesota,2,Ottawa,5,shot,2,19:56,2396,1,1,,,460,195,,0,58,22,5,TRUE,Quality goal,Default
20252026,Regular,233,,Minnesota,2,Ottawa,5,shot,3,0:33,2433,1,2,,,108,140,,-1,191,222,2,FALSE,Quality on net,Default
20252026,Regular,233,,Minnesota,2,Ottawa,5,shot,3,0:35,2435,1,2,,,51,126,,-1,20,222,2,FALSE,Quality on net,Default
20252026,Regular,233,,Minnesota,2,Ottawa,5,shot,3,2:07,2527,1,2,,,63,222,,-1,23,222,2,FALSE,Non quality on net,Wrist
20252026,Regular,233,,Minnesota,2,Ottawa,5,shot,3,3:04,2584,1,2,,,115,123,,1,223,22,5,FALSE,Quality on net,Wrist
20252026,Regular,233,,Minnesota,2,Ottawa,5,shot,3,3:24,2604,1,2,,,76,147,,-1,20,222,2,FALSE,Quality on net,Tip
20252026,Regular,233,,Minnesota,2,Ottawa,5,shot,3,3:40,2620,1,2,,,189,66,,-1,236,222,2,FALSE,Non quality on net,Wrist
20252026,Regular,233,,Minnesota,2,Ottawa,5,shot,3,3:56,2636,1,2,,,168,169,,-1,188,222,2,TRUE,Non quality goal,Default
20252026,Regular,233,,Minnesota,2,Ottawa,5,shot,3,4:29,2669,2,2,,,116,222,,0,269,222,2,FALSE,Quality on net,Wrist
20252026,Regular,233,,Minnesota,2,Ottawa,5,shot,3,5:22,2722,2,2,,,441,255,,0,220,22,5,FALSE,Non quality on net,Default
20252026,Regular,233,,Minnesota,2,Ottawa,5,shot,3,6:21,2781,2,2,,,153,271,,0,20,222,2,FALSE,Non quality on net,Default
20252026,Regular,233,,Minnesota,2,Ottawa,5,shot,3,6:40,2800,2,2,,,532,261,,0,219,22,5,FALSE,Non quality on net,Default
20252026,Regular,233,,Minnesota,2,Ottawa,5,shot,3,9:02,2942,2,2,,,411,111,,0,58,22,5,FALSE,Non quality on net,Wrist
20252026,Regular,233,,Minnesota,2,Ottawa,5,shot,3,9:34,2974,2,2,,,43,182,,0,191,222,2,FALSE,Non quality on net,Default
20252026,Regular,233,,Minnesota,2,Ottawa,5,shot,3,10:51,3051,2,2,,,442,136,,0,286,22,5,FALSE,Non quality on net,Wrist
20252026,Regular,233,,Minnesota,2,Ottawa,5,shot,3,11:05,3065,2,2,,,70,154,,0,20,222,2,FALSE,Quality on net,Backhand
20252026,Regular,233,,Minnesota,2,Ottawa,5,shot,3,12:45,3165,2,2,,,470,180,,0,58,22,5,FALSE,Quality on net,Default
20252026,Regular,233,,Minnesota,2,Ottawa,5,shot,3,16:38,3398,2,2,,,481,35,,0,242,22,5,FALSE,Non quality on net,Default
20252026,Regular,233,,Minnesota,2,Ottawa,5,shot,3,18:06,3486,2,2,,,93,93,,0,269,222,2,FALSE,Quality on net,Default
20252026,Regular,233,,Minnesota,2,Ottawa,5,shot,3,19:19,3559,2,2,,,39,84,,0,104,222,2,FALSE,Non quality on net,Default
20252026,Regular,233,,Minnesota,2,Ottawa,5,shot,3,19:30,3570,2,2,,,92,127,,0,25,222,2,FALSE,Quality on net,Default
20252026,Regular,233,,Minnesota,2,Ottawa,5,shot,4,0:36,3636,2,2,,,64,182,,0,24,222,2,FALSE,Quality on net,Default
20252026,Regular,233,,Minnesota,2,Ottawa,5,shot,4,1:28,3688,2,2,,,468,111,,0,286,22,5,FALSE,Quality on net,Default
20252026,Regular,233,,Minnesota,2,Ottawa,5,shot,4,1:41,3701,2,2,,,74,151,,0,25,222,2,FALSE,Quality on net,Default
20252026,Regular,233,,Minnesota,2,Ottawa,5,shot,4,2:19,3739,2,2,,,484,76,,0,58,22,5,FALSE,Quality on net,Default
20252026,Regular,233,,Minnesota,2,Ottawa,5,shot,4,2:35,3755,2,2,,,492,246,,0,223,22,5,FALSE,Non quality on net,Tip
20252026,Regular,233,,Minnesota,2,Ottawa,5,shot,4,3:55,3835,2,2,,,462,153,,0,241,22,5,TRUE,Quality goal,Default
20252026,Regular,234,,Seattle,8,Boston,1,shot,1,0:47,47,0,0,,,139,111,,0,210,41,8,FALSE,Quality on net,Wrist
20252026,Regular,234,,Seattle,8,Boston,1,shot,1,1:21,81,0,0,,,393,65,,0,12,155,1,FALSE,Non quality on net,Slap
20252026,Regular,234,,Seattle,8,Boston,1,shot,1,1:22,82,0,0,,,541,184,,0,15,155,1,FALSE,Quality on net,Wrist
20252026,Regular,234,,Seattle,8,Boston,1,shot,1,1:49,109,0,0,,,387,235,,0,182,155,1,FALSE,Non quality on net,Wrist
20252026,Regular,234,,Seattle,8,Boston,1,shot,1,1:57,117,0,0,,,413,39,,0,256,155,1,FALSE,Non quality on net,Wrist
20252026,Regular,234,,Seattle,8,Boston,1,shot,1,2:23,143,0,0,,,537,85,,0,12,155,1,FALSE,Non quality on net,Wrist
20252026,Regular,234,,Seattle,8,Boston,1,shot,1,3:16,196,0,0,,,521,264,,0,18,155,1,FALSE,Non quality on net,Wrist
20252026,Regular,234,,Seattle,8,Boston,1,shot,1,4:13,253,0,0,,,45,136,,0,181,41,8,FALSE,Quality on net,Wrist
20252026,Regular,234,,Seattle,8,Boston,1,shot,1,4:42,282,0,0,,,490,26,,0,243,155,1,FALSE,Non quality on net,Wrist
20252026,Regular,234,,Seattle,8,Boston,1,shot,1,4:44,284,0,0,,,504,149,,0,185,155,1,TRUE,Quality goal,Wrist
20252026,Regular,234,,Seattle,8,Boston,1,shot,1,7:17,437,0,1,,,449,76,,1,16,155,1,FALSE,Non quality on net,Slap
20252026,Regular,234,,Seattle,8,Boston,1,shot,1,8:13,493,0,1,,,138,81,,-1,142,41,8,FALSE,Quality on net,Wrist
20252026,Regular,234,,Seattle,8,Boston,1,shot,1,8:42,522,0,1,,,480,105,,1,149,155,1,FALSE,Quality on net,Wrist
20252026,Regular,234,,Seattle,8,Boston,1,shot,1,8:47,527,0,1,,,462,159,,1,149,155,1,FALSE,Quality on net,Snap
20252026,Regular,234,,Seattle,8,Boston,1,shot,1,11:07,667,0,1,,,190,251,,-1,203,41,8,FALSE,Non quality on net,Wrist
20252026,Regular,234,,Seattle,8,Boston,1,shot,1,12:17,737,0,1,,,454,243,,1,12,155,1,FALSE,Non quality on net,Slap
20252026,Regular,234,,Seattle,8,Boston,1,shot,1,13:41,821,0,1,,,472,101,,1,256,155,1,FALSE,Quality on net,Wrist
20252026,Regular,234,,Seattle,8,Boston,1,shot,1,15:53,953,0,1,,,184,121,,-1,36,41,8,FALSE,Non quality on net,Wrist
20252026,Regular,234,,Seattle,8,Boston,1,shot,1,17:12,1032,0,1,,,149,236,,-1,210,41,8,FALSE,Non quality on net,Wrist
20252026,Regular,234,,Seattle,8,Boston,1,shot,1,17:15,1035,0,1,,,54,139,,-1,34,41,8,FALSE,Quality on net,Wrist
20252026,Regular,234,,Seattle,8,Boston,1,shot,1,19:20,1160,0,1,,,461,211,,1,16,155,1,FALSE,Quality on net,Backhand
20252026,Regular,234,,Seattle,8,Boston,1,shot,1,19:55,1195,0,1,,,488,177,,1,255,155,1,TRUE,Quality goal,Wrist
20252026,Regular,234,,Seattle,8,Boston,1,shot,2,1:20,1280,0,2,,,535,81,,2,243,155,1,FALSE,Non quality on net,Wrist
20252026,Regular,234,,Seattle,8,Boston,1,shot,2,1:39,1299,0,2,,,60,97,,-2,62,41,8,FALSE,Non quality on net,Backhand
20252026,Regular,234,,Seattle,8,Boston,1,shot,2,2:06,1326,0,2,,,189,73,,-2,181,41,8,FALSE,Non quality on net,Wrist
20252026,Regular,234,,Seattle,8,Boston,1,shot,2,2:30,1350,0,2,,,66,181,,-2,49,41,8,FALSE,Quality on net,Wrist
20252026,Regular,234,,Seattle,8,Boston,1,shot,2,2:45,1365,0,2,,,137,43,,-2,196,41,8,FALSE,Non quality on net,Slap
20252026,Regular,234,,Seattle,8,Boston,1,shot,2,4:25,1465,0,2,,,526,151,,2,149,155,1,FALSE,Quality on net,Snap
20252026,Regular,234,,Seattle,8,Boston,1,shot,2,4:26,1466,0,2,,,522,156,,2,149,155,1,FALSE,Quality on net,Wrist
20252026,Regular,234,,Seattle,8,Boston,1,shot,2,4:28,1468,0,2,,,545,130,,2,183,155,1,FALSE,Quality on net,Wrist
20252026,Regular,234,,Seattle,8,Boston,1,shot,2,4:57,1497,0,2,,,500,126,,2,149,155,1,FALSE,Quality on net,Backhand
20252026,Regular,234,,Seattle,8,Boston,1,shot,2,8:41,1721,0,2,,,458,152,,2,232,155,1,FALSE,Quality on net,Wrist
20252026,Regular,234,,Seattle,8,Boston,1,shot,2,9:36,1776,0,2,,,537,163,,2,256,155,1,FALSE,Quality on net,Snap
20252026,Regular,234,,Seattle,8,Boston,1,shot,2,9:47,1787,0,2,,,555,127,,2,256,155,1,FALSE,Non quality on net,Wrist
20252026,Regular,234,,Seattle,8,Boston,1,shot,2,10:10,1810,0,2,,,557,170,,2,149,155,1,FALSE,Non quality on net,Wrist
20252026,Regular,234,,Seattle,8,Boston,1,shot,2,10:42,1842,0,2,,,458,219,,2,16,155,1,FALSE,Quality on net,Wrist
20252026,Regular,234,,Seattle,8,Boston,1,shot,2,13:58,2038,0,2,,,202,21,,-2,196,41,8,FALSE,Non quality on net,Wrist
20252026,Regular,234,,Seattle,8,Boston,1,shot,2,14:26,2066,0,2,,,145,153,,-2,34,41,8,FALSE,Non quality on net,Wrist
20252026,Regular,234,,Seattle,8,Boston,1,shot,2,14:40,2080,0,2,,,476,133,,2,212,155,1,FALSE,Quality on net,Wrist
20252026,Regular,234,,Seattle,8,Boston,1,shot,2,15:17,2117,0,2,,,81,127,,-2,181,41,8,FALSE,Quality on net,Wrist
20252026,Regular,234,,Seattle,8,Boston,1,shot,2,15:27,2127,0,2,,,114,27,,-2,224,41,8,FALSE,Non quality on net,Wrist
20252026,Regular,234,,Seattle,8,Boston,1,shot,2,15:46,2146,0,2,,,143,215,,-2,36,41,8,FALSE,Quality on net,Wrist
20252026,Regular,234,,Seattle,8,Boston,1,shot,2,17:15,2235,0,2,,,543,125,,2,243,155,1,FALSE,Quality on net,Wrist
20252026,Regular,234,,Seattle,8,Boston,1,shot,2,17:17,2237,0,2,,,561,126,,2,256,155,1,FALSE,Non quality on net,Backhand
20252026,Regular,234,,Seattle,8,Boston,1,shot,2,18:25,2305,0,2,,,463,158,,2,183,155,1,FALSE,Quality on net,Wrist
20252026,Regular,234,,Seattle,8,Boston,1,shot,2,19:53,2393,0,2,,,447,49,,2,52,155,1,FALSE,Non quality on net,Wrist
20252026,Regular,234,,Seattle,8,Boston,1,shot,2,19:57,2397,0,2,,,492,147,,2,212,155,1,FALSE,Quality on net,Snap
20252026,Regular,234,,Seattle,8,Boston,1,shot,3,0:46,2446,0,2,,,531,189,,2,17,155,1,FALSE,Quality on net,Wrist
20252026,Regular,234,,Seattle,8,Boston,1,shot,3,1:06,2466,0,2,,,394,99,,2,16,155,1,FALSE,Non quality on net,Wrist
20252026,Regular,234,,Seattle,8,Boston,1,shot,3,3:39,2619,0,2,,,426,75,,2,149,155,1,FALSE,Non quality on net,Slap
20252026,Regular,234,,Seattle,8,Boston,1,shot,3,3:54,2634,0,2,,,73,150,,-2,34,41,8,FALSE,Quality on net,Backhand
20252026,Regular,234,,Seattle,8,Boston,1,shot,3,4:41,2681,0,2,,,550,128,,2,212,155,1,FALSE,Quality on net,Backhand
20252026,Regular,234,,Seattle,8,Boston,1,shot,3,6:31,2791,0,2,,,53,149,,-2,34,41,8,FALSE,Quality on net,Tip
20252026,Regular,234,,Seattle,8,Boston,1,shot,3,6:36,2796,0,2,,,205,59,,-2,2,41,8,FALSE,Non quality on net,Slap
20252026,Regular,234,,Seattle,8,Boston,1,shot,3,7:30,2850,0,2,,,476,148,,2,15,155,1,FALSE,Quality on net,Wrist
20252026,Regular,234,,Seattle,8,Boston,1,shot,3,8:09,2889,0,2,,,45,140,,-2,181,41,8,FALSE,Quality on net,Wrist
20252026,Regular,234,,Seattle,8,Boston,1,shot,3,8:50,2930,0,2,,,543,144,,2,256,155,1,FALSE,Quality on net,Wrist
20252026,Regular,234,,Seattle,8,Boston,1,shot,3,9:44,2984,0,2,,,269,283,,-2,203,41,8,FALSE,Non quality on net,Wrist
20252026,Regular,234,,Seattle,8,Boston,1,shot,3,12:44,3164,0,2,,,487,189,,2,12,155,1,TRUE,Quality goal,Wrist
20252026,Regular,234,,Seattle,8,Boston,1,shot,3,14:22,3262,0,3,,,146,245,,-3,138,41,8,FALSE,Non quality on net,Wrist
20252026,Regular,234,,Seattle,8,Boston,1,shot,3,17:47,3467,0,3,,,154,214,,-3,210,41,8,FALSE,Non quality on net,Wrist
20252026,Regular,234,,Seattle,8,Boston,1,shot,3,17:50,3470,0,3,,,60,111,,-3,181,41,8,FALSE,Non quality on net,Backhand
20252026,Regular,234,,Seattle,8,Boston,1,shot,3,18:36,3516,0,3,,,139,190,,-3,203,41,8,FALSE,Quality on net,Wrist
20252026,Regular,234,,Seattle,8,Boston,1,shot,3,18:39,3519,0,3,,,41,177,,-3,13,41,8,FALSE,Non quality on net,Backhand
20252026,Regular,234,,Seattle,8,Boston,1,shot,3,19:34,3574,0,3,,,551,181,,-3,36,41,8,TRUE,Non quality goal,Tip
20252026,Regular,235,,Toronto,6,Ottawa,5,shot,1,0:18,18,0,0,,,69,92,,0,73,222,6,FALSE,Non quality on net,Default
20252026,Regular,235,,Toronto,6,Ottawa,5,shot,1,0:25,25,0,0,,,522,141,,0,72,211,5,FALSE,Quality on net,Default
20252026,Regular,235,,Toronto,6,Ottawa,5,shot,1,1:12,72,0,0,,,79,98,,0,65,222,6,FALSE,Quality on net,Default
20252026,Regular,235,,Toronto,6,Ottawa,5,shot,1,1:36,96,0,0,,,40,143,,0,66,222,6,FALSE,Quality on net,Default
20252026,Regular,235,,Toronto,6,Ottawa,5,shot,1,1:38,98,0,0,,,74,144,,0,66,222,6,TRUE,Quality goal,Tip
20252026,Regular,235,,Toronto,6,Ottawa,5,shot,1,1:51,111,1,0,,,129,251,,1,66,222,6,FALSE,Non quality on net,Default
20252026,Regular,235,,Toronto,6,Ottawa,5,shot,1,2:29,149,1,0,,,50,165,,1,100,222,6,FALSE,Quality on net,Default
20252026,Regular,235,,Toronto,6,Ottawa,5,shot,1,2:29,149,1,0,,,68,167,,1,100,222,6,FALSE,Quality on net,Default
20252026,Regular,235,,Toronto,6,Ottawa,5,shot,1,2:45,165,1,0,,,526,239,,-1,241,211,5,FALSE,Non quality on net,Default
20252026,Regular,235,,Toronto,6,Ottawa,5,shot,1,2:52,172,1,0,,,478,98,,-1,223,211,5,FALSE,Quality on net,Default
20252026,Regular,235,,Toronto,6,Ottawa,5,shot,1,4:58,298,1,0,,,129,141,,1,244,222,6,FALSE,Quality on net,Default
20252026,Regular,235,,Toronto,6,Ottawa,5,shot,1,5:17,317,1,0,,,495,131,,-1,58,211,5,FALSE,Quality on net,Default
20252026,Regular,235,,Toronto,6,Ottawa,5,shot,1,6:10,370,1,0,,,109,96,,1,73,222,6,FALSE,Quality on net,Default
20252026,Regular,235,,Toronto,6,Ottawa,5,shot,1,6:30,390,1,0,,,59,120,,1,65,222,6,FALSE,Quality on net,Default
20252026,Regular,235,,Toronto,6,Ottawa,5,shot,1,6:45,405,1,0,,,417,81,,-1,71,211,5,FALSE,Non quality on net,Default
20252026,Regular,235,,Toronto,6,Ottawa,5,shot,1,7:32,452,1,0,,,94,112,,1,63,222,6,TRUE,Quality goal,Default
20252026,Regular,235,,Toronto,6,Ottawa,5,shot,1,7:58,478,2,0,,,448,136,,-2,241,211,5,FALSE,Non quality on net,Default
20252026,Regular,235,,Toronto,6,Ottawa,5,shot,1,8:12,492,2,0,,,537,195,,-2,88,211,5,FALSE,Non quality on net,Default
20252026,Regular,235,,Toronto,6,Ottawa,5,shot,1,8:45,525,2,0,,,444,211,,-2,58,211,5,FALSE,Non quality on net,Default
20252026,Regular,235,,Toronto,6,Ottawa,5,shot,1,8:52,532,2,0,,,99,113,,2,76,222,6,FALSE,Quality on net,Default
20252026,Regular,235,,Toronto,6,Ottawa,5,shot,1,11:03,663,2,0,,,189,75,,2,63,222,6,FALSE,Non quality on net,Default
20252026,Regular,235,,Toronto,6,Ottawa,5,shot,1,11:18,678,2,0,,,109,159,,2,65,222,6,FALSE,Quality on net,Default
20252026,Regular,235,,Toronto,6,Ottawa,5,shot,1,13:08,788,2,0,,,471,127,,-2,239,211,5,FALSE,Quality on net,Default
20252026,Regular,235,,Toronto,6,Ottawa,5,shot,1,14:51,891,2,0,,,336,270,,-2,217,211,5,FALSE,Non quality on net,Default
20252026,Regular,235,,Toronto,6,Ottawa,5,shot,1,15:12,912,2,0,,,507,137,,-2,241,211,5,FALSE,Quality on net,Default
20252026,Regular,235,,Toronto,6,Ottawa,5,shot,1,16:15,975,2,0,,,512,153,,-2,286,211,5,FALSE,Quality on net,Default
20252026,Regular,235,,Toronto,6,Ottawa,5,shot,1,16:22,982,2,0,,,529,139,,-2,286,211,5,FALSE,Quality on net,Default
20252026,Regular,235,,Toronto,6,Ottawa,5,shot,1,17:13,1033,2,0,,,191,224,,2,56,222,6,FALSE,Non quality on net,Default
20252026,Regular,235,,Toronto,6,Ottawa,5,shot,1,17:22,1042,2,0,,,81,129,,2,56,222,6,FALSE,Quality on net,Default
20252026,Regular,235,,Toronto,6,Ottawa,5,shot,1,17:24,1044,2,0,,,105,166,,2,66,222,6,FALSE,Quality on net,Default
20252026,Regular,235,,Toronto,6,Ottawa,5,shot,1,17:26,1046,2,0,,,73,188,,2,244,222,6,FALSE,Quality on net,Default
20252026,Regular,235,,Toronto,6,Ottawa,5,shot,1,17:29,1049,2,0,,,101,125,,2,26,222,6,FALSE,Quality on net,Default
20252026,Regular,235,,Toronto,6,Ottawa,5,shot,1,18:04,1084,2,0,,,320,219,,-2,241,211,5,FALSE,Non quality on net,Default
20252026,Regular,235,,Toronto,6,Ottawa,5,shot,1,19:26,1166,2,0,,,516,87,,-2,57,211,5,FALSE,Non quality on net,Default
20252026,Regular,235,,Toronto,6,Ottawa,5,shot,2,2:25,1345,2,0,,,145,70,,2,313,222,6,FALSE,Non quality on net,Default
20252026,Regular,235,,Toronto,6,Ottawa,5,shot,2,2:39,1359,2,0,,,200,125,,2,63,222,6,FALSE,Non quality on net,Default
20252026,Regular,235,,Toronto,6,Ottawa,5,shot,2,3:52,1432,2,0,,,165,141,,2,65,222,6,FALSE,Non quality on net,Default
20252026,Regular,235,,Toronto,6,Ottawa,5,shot,2,3:57,1437,2,0,,,63,175,,2,317,222,6,FALSE,Quality on net,Default
20252026,Regular,235,,Toronto,6,Ottawa,5,shot,2,4:13,1453,2,0,,,121,97,,2,244,222,6,FALSE,Quality on net,Default
20252026,Regular,235,,Toronto,6,Ottawa,5,shot,2,5:33,1533,2,0,,,45,129,,2,313,222,6,FALSE,Non quality on net,Default
20252026,Regular,235,,Toronto,6,Ottawa,5,shot,2,6:08,1568,2,0,,,97,87,,2,44,222,6,TRUE,Quality goal,Wrist
20252026,Regular,235,,Toronto,6,Ottawa,5,shot,2,6:22,1582,3,0,,,477,210,,-3,72,211,5,TRUE,Quality goal,Wrist
20252026,Regular,235,,Toronto,6,Ottawa,5,shot,2,7:11,1631,3,1,,,111,99,,2,317,222,6,FALSE,Quality on net,Default
20252026,Regular,235,,Toronto,6,Ottawa,5,shot,2,8:24,1704,3,1,,,535,189,,-2,57,211,5,FALSE,Quality on net,Default
20252026,Regular,235,,Toronto,6,Ottawa,5,shot,2,8:34,1714,3,1,,,480,142,,-2,223,211,5,FALSE,Quality on net,Default
20252026,Regular,235,,Toronto,6,Ottawa,5,shot,2,12:47,1967,3,1,,,74,124,,2,63,222,6,FALSE,Quality on net,Default
20252026,Regular,235,,Toronto,6,Ottawa,5,shot,2,13:03,1983,3,1,,,71,53,,2,68,222,6,FALSE,Non quality on net,Default
20252026,Regular,235,,Toronto,6,Ottawa,5,shot,2,13:06,1986,3,1,,,83,167,,2,73,222,6,FALSE,Quality on net,Default
20252026,Regular,235,,Toronto,6,Ottawa,5,shot,2,13:07,1987,3,1,,,507,213,,-2,241,211,5,FALSE,Quality on net,Wrist
20252026,Regular,235,,Toronto,6,Ottawa,5,shot,2,13:09,1989,3,1,,,469,190,,-2,217,211,5,FALSE,Quality on net,Default
20252026,Regular,235,,Toronto,6,Ottawa,5,shot,2,13:51,2031,3,1,,,548,174,,-2,53,211,5,FALSE,Quality on net,Default
20252026,Regular,235,,Toronto,6,Ottawa,5,shot,2,13:54,2034,3,1,,,459,156,,-2,72,211,5,FALSE,Quality on net,Default
20252026,Regular,235,,Toronto,6,Ottawa,5,shot,2,14:12,2052,3,1,,,559,132,,-2,57,211,5,TRUE,Non quality goal,Wrist
20252026,Regular,235,,Toronto,6,Ottawa,5,shot,2,14:40,2080,3,2,,,492,259,,-1,220,211,5,FALSE,Non quality on net,Default
20252026,Regular,235,,Toronto,6,Ottawa,5,shot,2,15:10,2110,3,2,,,548,147,,-1,72,211,5,FALSE,Quality on net,Default
20252026,Regular,235,,Toronto,6,Ottawa,5,shot,2,15:25,2125,3,2,,,559,164,,-1,241,211,5,FALSE,Quality on net,Default
20252026,Regular,235,,Toronto,6,Ottawa,5,shot,2,15:52,2152,3,2,,,95,135,,1,100,222,6,FALSE,Quality on net,Default
20252026,Regular,235,,Toronto,6,Ottawa,5,shot,2,18:16,2296,3,2,,,459,113,,-1,38,211,5,FALSE,Quality on net,Default
20252026,Regular,235,,Toronto,6,Ottawa,5,shot,2,19:59,2399,3,2,,,188,213,,1,65,222,6,FALSE,Non quality on net,Default
20252026,Regular,235,,Toronto,6,Ottawa,5,shot,3,0:52,2452,3,2,,,431,88,,-1,219,211,5,FALSE,Non quality on net,Wrist
20252026,Regular,235,,Toronto,6,Ottawa,5,shot,3,1:23,2483,3,2,,,471,189,,-1,242,211,5,FALSE,Quality on net,Wrist
20252026,Regular,235,,Toronto,6,Ottawa,5,shot,3,1:57,2517,3,2,,,74,63,,1,76,222,6,FALSE,Non quality on net,Wrist
20252026,Regular,235,,Toronto,6,Ottawa,5,shot,3,3:15,2595,3,2,,,399,53,,-1,71,211,5,FALSE,Non quality on net,Slap
20252026,Regular,235,,Toronto,6,Ottawa,5,shot,3,4:00,2640,3,2,,,404,196,,-1,242,211,5,FALSE,Non quality on net,Wrist
20252026,Regular,235,,Toronto,6,Ottawa,5,shot,3,4:36,2676,3,2,,,502,177,,-1,38,211,5,TRUE,Quality goal,Wrist
20252026,Regular,235,,Toronto,6,Ottawa,5,shot,3,6:48,2808,3,3,,,79,134,,0,100,222,6,FALSE,Quality on net,Snap
20252026,Regular,235,,Toronto,6,Ottawa,5,shot,3,10:05,3005,3,3,,,465,63,,0,223,211,5,FALSE,Non quality on net,Wrist
20252026,Regular,235,,Toronto,6,Ottawa,5,shot,3,10:58,3058,3,3,,,390,113,,0,242,211,5,FALSE,Non quality on net,Slap
20252026,Regular,235,,Toronto,6,Ottawa,5,shot,3,11:50,3110,3,3,,,519,206,,0,286,211,5,FALSE,Quality on net,Slap
20252026,Regular,235,,Toronto,6,Ottawa,5,shot,3,13:57,3237,3,3,,,55,125,,0,313,222,6,FALSE,Quality on net,Wrist
20252026,Regular,235,,Toronto,6,Ottawa,5,shot,3,15:23,3323,3,3,,,130,138,,0,100,222,6,FALSE,Quality on net,Wrist
20252026,Regular,235,,Toronto,6,Ottawa,5,shot,3,15:25,3325,3,3,,,61,148,,0,100,222,6,FALSE,Quality on net,Snap
20252026,Regular,235,,Toronto,6,Ottawa,5,shot,3,18:48,3528,3,3,,,479,255,,0,58,211,5,FALSE,Non quality on net,Snap
20252026,Regular,235,,Toronto,6,Ottawa,5,shot,4,1:24,3684,3,3,,,520,185,,0,72,211,5,TRUE,Quality goal,Wrist
20252026,Regular,236,,Seattle,8,Montréal,3,shot,1,0:07,7,0,0,,,177,67,,0,196,28,8,FALSE,Non quality on net,Wrist
20252026,Regular,236,,Seattle,8,Montréal,3,shot,1,0:54,54,0,0,,,484,261,,0,4,250,3,FALSE,Non quality on net,Wrist
20252026,Regular,236,,Seattle,8,Montréal,3,shot,1,1:06,66,0,0,,,429,30,,0,274,250,3,FALSE,Non quality on net,Wrist
20252026,Regular,236,,Seattle,8,Montréal,3,shot,1,1:58,118,0,0,,,407,106,,0,272,250,3,FALSE,Non quality on net,Wrist
20252026,Regular,236,,Seattle,8,Montréal,3,shot,1,2:41,161,0,0,,,59,148,,0,91,28,8,FALSE,Quality on net,Tip
20252026,Regular,236,,Seattle,8,Montréal,3,shot,1,3:57,237,0,0,,,560,183,,0,4,250,3,FALSE,Non quality on net,Backhand
20252026,Regular,236,,Seattle,8,Montréal,3,shot,1,5:35,335,0,0,,,47,121,,0,13,28,8,FALSE,Non quality on net,Wrist
20252026,Regular,236,,Seattle,8,Montréal,3,shot,1,6:32,392,0,0,,,106,236,,0,49,28,8,FALSE,Non quality on net,Wrist
20252026,Regular,236,,Seattle,8,Montréal,3,shot,1,8:35,515,0,0,,,105,105,,0,91,28,8,FALSE,Quality on net,Wrist
20252026,Regular,236,,Seattle,8,Montréal,3,shot,1,9:07,547,0,0,,,394,34,,0,253,250,3,FALSE,Non quality on net,Wrist
20252026,Regular,236,,Seattle,8,Montréal,3,shot,1,10:05,605,0,0,,,70,184,,0,36,28,8,FALSE,Quality on net,Wrist
20252026,Regular,236,,Seattle,8,Montréal,3,shot,1,12:33,753,0,0,,,135,151,,0,210,28,8,FALSE,Quality on net,Wrist
20252026,Regular,236,,Seattle,8,Montréal,3,shot,1,12:43,763,0,0,,,164,161,,0,196,28,8,FALSE,Non quality on net,Slap
20252026,Regular,236,,Seattle,8,Montréal,3,shot,1,14:38,878,0,0,,,544,194,,0,32,250,3,FALSE,Non quality on net,Wrist
20252026,Regular,236,,Seattle,8,Montréal,3,shot,1,15:05,905,0,0,,,144,237,,0,295,28,8,FALSE,Non quality on net,Wrist
20252026,Regular,236,,Seattle,8,Montréal,3,shot,1,17:02,1022,0,0,,,83,215,,0,181,28,8,FALSE,Non quality on net,Wrist
20252026,Regular,236,,Seattle,8,Montréal,3,shot,1,17:21,1041,0,0,,,149,276,,0,99,28,8,FALSE,Non quality on net,Snap
20252026,Regular,236,,Seattle,8,Montréal,3,shot,1,17:56,1076,0,0,,,552,133,,0,61,250,3,FALSE,Quality on net,Tip
20252026,Regular,236,,Seattle,8,Montréal,3,shot,1,18:57,1137,0,0,,,459,108,,0,42,250,3,TRUE,Quality goal,Snap
20252026,Regular,236,,Seattle,8,Montréal,3,shot,1,19:13,1153,0,1,,,207,158,,-1,210,28,8,FALSE,Non quality on net,Wrist
20252026,Regular,236,,Seattle,8,Montréal,3,shot,2,1:13,1273,0,1,,,529,141,,1,98,250,3,FALSE,Quality on net,Wrist
20252026,Regular,236,,Seattle,8,Montréal,3,shot,2,1:18,1278,0,1,,,553,126,,1,98,250,3,FALSE,Non quality on net,Backhand
20252026,Regular,236,,Seattle,8,Montréal,3,shot,2,1:39,1299,0,1,,,184,239,,-1,208,28,8,FALSE,Non quality on net,Wrist
20252026,Regular,236,,Seattle,8,Montréal,3,shot,2,3:32,1412,0,1,,,52,166,,-1,34,28,8,TRUE,Quality goal,Wrist
20252026,Regular,236,,Seattle,8,Montréal,3,shot,2,3:33,1413,1,1,,,97,112,,0,210,28,8,FALSE,Quality on net,Wrist
20252026,Regular,236,,Seattle,8,Montréal,3,shot,2,4:17,1457,1,1,,,534,134,,0,4,250,3,FALSE,Quality on net,Wrist
20252026,Regular,236,,Seattle,8,Montréal,3,shot,2,4:17,1457,1,1,,,544,123,,0,4,250,3,FALSE,Quality on net,Wrist
20252026,Regular,236,,Seattle,8,Montréal,3,shot,2,4:47,1487,1,1,,,200,255,,0,203,28,8,FALSE,Non quality on net,Wrist
20252026,Regular,236,,Seattle,8,Montréal,3,shot,2,7:15,1635,1,1,,,170,271,,0,99,28,8,FALSE,Non quality on net,Wrist
20252026,Regular,236,,Seattle,8,Montréal,3,shot,2,7:27,1647,1,1,,,415,46,,0,39,250,3,FALSE,Non quality on net,Snap
20252026,Regular,236,,Seattle,8,Montréal,3,shot,2,9:12,1752,1,1,,,80,153,,0,13,28,8,FALSE,Quality on net,Slap
20252026,Regular,236,,Seattle,8,Montréal,3,shot,2,9:21,1761,1,1,,,141,194,,0,34,28,8,FALSE,Quality on net,Wrist
20252026,Regular,236,,Seattle,8,Montréal,3,shot,2,10:44,1844,1,1,,,165,213,,0,203,28,8,FALSE,Non quality on net,Snap
20252026,Regular,236,,Seattle,8,Montréal,3,shot,2,11:56,1916,1,1,,,477,200,,0,32,250,3,FALSE,Quality on net,Wrist
20252026,Regular,236,,Seattle,8,Montréal,3,shot,2,12:10,1930,1,1,,,512,246,,0,83,250,3,FALSE,Non quality on net,Snap
20252026,Regular,236,,Seattle,8,Montréal,3,shot,2,15:08,2108,1,1,,,504,182,,0,98,250,3,FALSE,Quality on net,Wrist
20252026,Regular,236,,Seattle,8,Montréal,3,shot,2,16:03,2163,1,1,,,390,143,,0,83,250,3,FALSE,Non quality on net,Wrist
20252026,Regular,236,,Seattle,8,Montréal,3,shot,2,16:06,2166,1,1,,,541,152,,0,274,250,3,FALSE,Quality on net,Wrist
20252026,Regular,236,,Seattle,8,Montréal,3,shot,2,16:31,2191,1,1,,,557,84,,0,84,250,3,FALSE,Non quality on net,Wrist
20252026,Regular,236,,Seattle,8,Montréal,3,shot,2,16:45,2205,1,1,,,423,208,,0,84,250,3,FALSE,Non quality on net,Slap
20252026,Regular,236,,Seattle,8,Montréal,3,shot,2,17:44,2264,1,1,,,515,132,,0,39,250,3,FALSE,Quality on net,Tip
20252026,Regular,236,,Seattle,8,Montréal,3,shot,2,18:30,2310,1,1,,,523,89,,0,32,250,3,FALSE,Non quality on net,Wrist
20252026,Regular,236,,Seattle,8,Montréal,3,shot,2,18:46,2326,1,1,,,511,135,,0,32,250,3,FALSE,Quality on net,Tip
20252026,Regular,236,,Seattle,8,Montréal,3,shot,3,0:39,2439,1,1,,,524,97,,0,31,250,3,FALSE,Quality on net,Wrist
20252026,Regular,236,,Seattle,8,Montréal,3,shot,3,0:59,2459,1,1,,,546,135,,0,98,250,3,FALSE,Quality on net,Wrist
20252026,Regular,236,,Seattle,8,Montréal,3,shot,3,3:23,2603,1,1,,,81,121,,0,210,28,8,TRUE,Quality goal,Snap
20252026,Regular,236,,Seattle,8,Montréal,3,shot,3,4:31,2671,2,1,,,54,131,,1,224,28,8,FALSE,Quality on net,Wrist
20252026,Regular,236,,Seattle,8,Montréal,3,shot,3,9:56,2996,2,1,,,531,179,,-1,84,250,3,FALSE,Quality on net,Wrist
20252026,Regular,236,,Seattle,8,Montréal,3,shot,3,11:09,3069,2,1,,,209,273,,-1,51,250,3,FALSE,Non quality on net,Wrist
20252026,Regular,236,,Seattle,8,Montréal,3,shot,3,11:53,3113,2,1,,,553,36,,-1,98,250,3,FALSE,Non quality on net,Wrist
20252026,Regular,236,,Seattle,8,Montréal,3,shot,3,12:34,3154,2,1,,,532,170,,-1,4,250,3,FALSE,Quality on net,Backhand
20252026,Regular,236,,Seattle,8,Montréal,3,shot,3,12:41,3161,2,1,,,518,189,,-1,32,250,3,FALSE,Quality on net,Wrist
20252026,Regular,236,,Seattle,8,Montréal,3,shot,3,12:47,3167,2,1,,,394,267,,-1,84,250,3,FALSE,Non quality on net,Wrist
20252026,Regular,236,,Seattle,8,Montréal,3,shot,3,12:59,3179,2,1,,,148,255,,1,34,28,8,FALSE,Non quality on net,Wrist
20252026,Regular,236,,Seattle,8,Montréal,3,shot,3,14:31,3271,2,1,,,492,110,,-1,31,250,3,FALSE,Quality on net,Snap
20252026,Regular,236,,Seattle,8,Montréal,3,shot,3,14:34,3274,2,1,,,565,130,,-1,42,250,3,FALSE,Non quality on net,Wrist
20252026,Regular,236,,Seattle,8,Montréal,3,shot,3,14:37,3277,2,1,,,427,117,,-1,31,250,3,FALSE,Non quality on net,Wrist
20252026,Regular,236,,Seattle,8,Montréal,3,shot,3,17:26,3446,2,1,,,465,235,,-1,31,250,3,FALSE,Non quality on net,Wrist
20252026,Regular,236,,Seattle,8,Montréal,3,shot,3,17:32,3452,2,1,,,400,241,,-1,83,250,3,FALSE,Non quality on net,Wrist
20252026,Regular,236,,Seattle,8,Montréal,3,shot,3,17:55,3475,2,1,,,434,38,,-1,32,250,3,FALSE,Non quality on net,Slap
20252026,Regular,236,,Seattle,8,Montréal,3,shot,3,18:38,3518,2,1,,,484,93,,-1,42,250,3,FALSE,Quality on net,Slap
20252026,Regular,237,,Ottawa,5,Boston,1,shot,1,1:06,66,0,0,,,20,123,,0,53,6,5,FALSE,Non quality on net,Default
20252026,Regular,237,,Ottawa,5,Boston,1,shot,1,1:58,118,0,0,,,436,151,,0,243,222,1,FALSE,Non quality on net,Default
20252026,Regular,237,,Ottawa,5,Boston,1,shot,1,2:01,121,0,0,,,536,185,,0,255,222,1,FALSE,Quality on net,Default
20252026,Regular,237,,Ottawa,5,Boston,1,shot,1,3:03,183,0,0,,,498,218,,0,246,222,1,FALSE,Quality on net,Default
20252026,Regular,237,,Ottawa,5,Boston,1,shot,1,3:11,191,0,0,,,135,33,,0,220,6,5,FALSE,Non quality on net,Default
20252026,Regular,237,,Ottawa,5,Boston,1,shot,1,5:04,304,0,0,,,529,279,,0,243,222,1,FALSE,Non quality on net,Default
20252026,Regular,237,,Ottawa,5,Boston,1,shot,1,6:24,384,0,0,,,206,184,,0,242,6,5,FALSE,Non quality on net,Default
20252026,Regular,237,,Ottawa,5,Boston,1,shot,1,7:10,430,0,0,,,419,182,,0,246,222,1,FALSE,Non quality on net,Default
20252026,Regular,237,,Ottawa,5,Boston,1,shot,1,7:53,473,0,0,,,127,206,,0,241,6,5,FALSE,Quality on net,Default
20252026,Regular,237,,Ottawa,5,Boston,1,shot,1,8:14,494,0,0,,,430,180,,0,246,222,1,FALSE,Non quality on net,Default
20252026,Regular,237,,Ottawa,5,Boston,1,shot,1,8:32,512,0,0,,,555,171,,0,12,222,1,FALSE,Non quality on net,Default
20252026,Regular,237,,Ottawa,5,Boston,1,shot,1,8:32,512,0,0,,,542,144,,0,256,222,1,FALSE,Quality on net,Default
20252026,Regular,237,,Ottawa,5,Boston,1,shot,1,8:43,523,0,0,,,567,123,,0,78,222,1,FALSE,Non quality on net,Default
20252026,Regular,237,,Ottawa,5,Boston,1,shot,1,11:01,661,0,0,,,39,201,,0,221,6,5,FALSE,Non quality on net,Default
20252026,Regular,237,,Ottawa,5,Boston,1,shot,1,11:54,714,0,0,,,530,39,,0,1,222,1,FALSE,Non quality on net,Default
20252026,Regular,237,,Ottawa,5,Boston,1,shot,1,13:15,795,0,0,,,501,293,,0,246,222,1,FALSE,Non quality on net,Default
20252026,Regular,237,,Ottawa,5,Boston,1,shot,1,14:57,897,0,0,,,100,161,,0,221,6,5,FALSE,Quality on net,Default
20252026,Regular,237,,Ottawa,5,Boston,1,shot,1,15:42,942,0,0,,,61,153,,0,219,6,5,TRUE,Quality goal,Default
20252026,Regular,237,,Ottawa,5,Boston,1,shot,1,16:14,974,1,0,,,405,39,,-1,18,222,1,FALSE,Non quality on net,Default
20252026,Regular,237,,Ottawa,5,Boston,1,shot,1,17:29,1049,1,0,,,558,214,,-1,1,222,1,FALSE,Non quality on net,Default
20252026,Regular,237,,Ottawa,5,Boston,1,shot,1,17:48,1068,1,0,,,446,264,,-1,246,222,1,FALSE,Non quality on net,Default
20252026,Regular,237,,Ottawa,5,Boston,1,shot,1,19:12,1152,1,0,,,540,95,,-1,256,222,1,FALSE,Non quality on net,Default
20252026,Regular,237,,Ottawa,5,Boston,1,shot,1,19:42,1182,1,0,,,116,83,,1,289,6,5,FALSE,Quality on net,Default
20252026,Regular,237,,Ottawa,5,Boston,1,shot,2,0:45,1245,1,0,,,203,213,,1,219,6,5,FALSE,Non quality on net,Default
20252026,Regular,237,,Ottawa,5,Boston,1,shot,2,1:38,1298,1,0,,,467,75,,-1,78,222,1,FALSE,Quality on net,Default
20252026,Regular,237,,Ottawa,5,Boston,1,shot,2,2:32,1352,1,0,,,550,186,,-1,259,222,1,FALSE,Non quality on net,Default
20252026,Regular,237,,Ottawa,5,Boston,1,shot,2,3:23,1403,1,0,,,250,15,,1,101,6,5,FALSE,Non quality on net,Default
20252026,Regular,237,,Ottawa,5,Boston,1,shot,2,5:48,1548,1,0,,,542,89,,-1,243,222,1,FALSE,Non quality on net,Default
20252026,Regular,237,,Ottawa,5,Boston,1,shot,2,6:00,1560,1,0,,,117,134,,1,286,6,5,FALSE,Quality on net,Default
20252026,Regular,237,,Ottawa,5,Boston,1,shot,2,7:46,1666,1,0,,,539,158,,-1,18,222,1,FALSE,Quality on net,Default
20252026,Regular,237,,Ottawa,5,Boston,1,shot,2,8:26,1706,1,0,,,458,222,,-1,246,222,1,FALSE,Quality on net,Default
20252026,Regular,237,,Ottawa,5,Boston,1,shot,2,9:52,1792,1,0,,,273,67,,1,286,6,5,FALSE,Non quality on net,Default
20252026,Regular,237,,Ottawa,5,Boston,1,shot,2,12:02,1922,1,0,,,533,135,,-1,78,222,1,FALSE,Quality on net,Default
20252026,Regular,237,,Ottawa,5,Boston,1,shot,2,12:03,1923,1,0,,,525,147,,-1,256,222,1,TRUE,Quality goal,Default
20252026,Regular,237,,Ottawa,5,Boston,1,shot,2,12:55,1975,1,1,,,59,196,,0,223,6,5,FALSE,Non quality on net,Default
20252026,Regular,237,,Ottawa,5,Boston,1,shot,2,14:29,2069,1,1,,,485,131,,0,17,222,1,FALSE,Quality on net,Default
20252026,Regular,237,,Ottawa,5,Boston,1,shot,2,16:04,2164,1,1,,,93,151,,0,58,6,5,FALSE,Quality on net,Default
20252026,Regular,237,,Ottawa,5,Boston,1,shot,2,17:38,2258,1,1,,,552,80,,0,52,222,1,FALSE,Non quality on net,Default
20252026,Regular,237,,Ottawa,5,Boston,1,shot,2,18:00,2280,1,1,,,51,183,,0,221,6,5,FALSE,Non quality on net,Default
20252026,Regular,237,,Ottawa,5,Boston,1,shot,2,18:32,2312,1,1,,,390,224,,0,1,222,1,FALSE,Non quality on net,Default
20252026,Regular,237,,Ottawa,5,Boston,1,shot,2,19:29,2369,1,1,,,388,135,,0,12,222,1,FALSE,Non quality on net,Default
20252026,Regular,237,,Ottawa,5,Boston,1,shot,2,19:40,2380,1,1,,,513,186,,0,246,222,1,TRUE,Quality goal,Default
20252026,Regular,237,,Ottawa,5,Boston,1,shot,2,19:46,2386,1,2,,,62,44,,-1,241,6,5,FALSE,Non quality on net,Default
20252026,Regular,237,,Ottawa,5,Boston,1,shot,2,19:56,2396,1,2,,,79,96,,-1,241,6,5,FALSE,Quality on net,Default
20252026,Regular,237,,Ottawa,5,Boston,1,shot,3,0:30,2430,1,2,,,205,254,,-1,53,6,5,FALSE,Non quality on net,Default
20252026,Regular,237,,Ottawa,5,Boston,1,shot,3,1:22,2482,1,2,,,535,184,,1,243,222,1,FALSE,Quality on net,Default
20252026,Regular,237,,Ottawa,5,Boston,1,shot,3,4:37,2677,1,2,,,461,95,,1,17,222,1,FALSE,Quality on net,Default
20252026,Regular,237,,Ottawa,5,Boston,1,shot,3,5:32,2732,1,2,,,20,207,,1,246,222,1,FALSE,Non quality on net,Default
20252026,Regular,237,,Ottawa,5,Boston,1,shot,3,10:15,3015,1,2,,,117,149,,-1,58,6,5,FALSE,Quality on net,Default
20252026,Regular,237,,Ottawa,5,Boston,1,shot,3,10:26,3026,1,2,,,167,81,,-1,72,6,5,FALSE,Non quality on net,Default
20252026,Regular,237,,Ottawa,5,Boston,1,shot,3,11:10,3070,1,2,,,431,52,,1,12,222,1,FALSE,Non quality on net,Default
20252026,Regular,237,,Ottawa,5,Boston,1,shot,3,12:13,3133,1,2,,,207,86,,-1,88,6,5,FALSE,Non quality on net,Default
20252026,Regular,237,,Ottawa,5,Boston,1,shot,3,12:36,3156,1,2,,,128,67,,-1,286,6,5,FALSE,Non quality on net,Default
20252026,Regular,237,,Ottawa,5,Boston,1,shot,3,13:03,3183,1,2,,,204,105,,-1,242,6,5,FALSE,Non quality on net,Default
20252026,Regular,237,,Ottawa,5,Boston,1,shot,3,15:04,3304,1,2,,,66,181,,-1,241,6,5,FALSE,Quality on net,Default
20252026,Regular,237,,Ottawa,5,Boston,1,shot,3,16:01,3361,1,2,,,159,75,,-1,101,6,5,FALSE,Non quality on net,Default
20252026,Regular,237,,Ottawa,5,Boston,1,shot,3,17:02,3422,1,2,,,557,163,,-1,240,6,5,TRUE,Quality goal,Default
20252026,Regular,237,,Ottawa,5,Boston,1,shot,4,0:26,3626,2,2,,,59,73,,0,53,6,5,FALSE,Non quality on net,Default
20252026,Regular,237,,Ottawa,5,Boston,1,shot,4,0:51,3651,2,2,,,62,183,,0,58,6,5,FALSE,Quality on net,Default
20252026,Regular,237,,Ottawa,5,Boston,1,shot,4,1:29,3689,2,2,,,45,91,,0,58,6,5,FALSE,Non quality on net,Default
20252026,Regular,237,,Ottawa,5,Boston,1,shot,4,2:09,3729,2,2,,,459,57,,0,78,222,1,FALSE,Non quality on net,Default
20252026,Regular,237,,Ottawa,5,Boston,1,shot,4,3:29,3809,2,2,,,542,172,,0,17,222,1,FALSE,Quality on net,Default
20252026,Regular,237,,Ottawa,5,Boston,1,shot,4,3:29,3809,2,2,,,509,161,,0,52,222,1,FALSE,Quality on net,Default
20252026,Regular,237,,Ottawa,5,Boston,1,shot,4,3:45,3825,2,2,,,467,156,,0,246,222,1,FALSE,Quality on net,Default
20252026,Regular,237,,Ottawa,5,Boston,1,shot,4,4:03,3843,2,2,,,47,72,,0,72,6,5,FALSE,Non quality on net,Default
20252026,Regular,237,,Ottawa,5,Boston,1,shot,4,4:17,3857,2,2,,,546,108,,0,15,222,1,FALSE,Non quality on net,Default
20252026,Regular,237,,Ottawa,5,Boston,1,shot,4,4:54,3894,2,2,,,58,169,,0,241,6,5,FALSE,Quality on net,Default
20252026,Regular,237,,Ottawa,5,Boston,1,shot,4,4:57,3897,2,2,,,100,217,,0,71,6,5,FALSE,Quality on net,Default
20252026,Regular,238,,Montréal,3,Toronto,6,shot,1,0:25,25,0,0,,,529,95,,0,63,28,6,FALSE,Non quality on net,Wrist
20252026,Regular,238,,Montréal,3,Toronto,6,shot,1,3:07,187,0,0,,,523,265,,0,63,28,6,FALSE,Non quality on net,Wrist
20252026,Regular,238,,Montréal,3,Toronto,6,shot,1,3:16,196,0,0,,,136,150,,0,253,85,3,FALSE,Quality on net,Wrist
20252026,Regular,238,,Montréal,3,Toronto,6,shot,1,3:47,227,0,0,,,154,225,,0,272,85,3,FALSE,Non quality on net,Wrist
20252026,Regular,238,,Montréal,3,Toronto,6,shot,1,5:35,335,0,0,,,141,175,,0,98,85,3,FALSE,Quality on net,Wrist
20252026,Regular,238,,Montréal,3,Toronto,6,shot,1,6:07,367,0,0,,,146,245,,0,42,85,3,FALSE,Non quality on net,Wrist
20252026,Regular,238,,Montréal,3,Toronto,6,shot,1,7:32,452,0,0,,,212,103,,0,83,85,3,FALSE,Non quality on net,Wrist
20252026,Regular,238,,Montréal,3,Toronto,6,shot,1,8:56,536,0,0,,,117,21,,0,128,85,3,FALSE,Non quality on net,Wrist
20252026,Regular,238,,Montréal,3,Toronto,6,shot,1,9:07,547,0,0,,,393,65,,0,116,28,6,FALSE,Non quality on net,Wrist
20252026,Regular,238,,Montréal,3,Toronto,6,shot,1,10:47,647,0,0,,,525,290,,0,65,28,6,FALSE,Non quality on net,Wrist
20252026,Regular,238,,Montréal,3,Toronto,6,shot,1,11:10,670,0,0,,,52,137,,0,274,85,3,FALSE,Quality on net,Tip
20252026,Regular,238,,Montréal,3,Toronto,6,shot,1,12:00,720,0,0,,,500,231,,0,100,28,6,FALSE,Non quality on net,Wrist
20252026,Regular,238,,Montréal,3,Toronto,6,shot,1,13:33,813,0,0,,,507,251,,0,26,28,6,FALSE,Non quality on net,Wrist
20252026,Regular,238,,Montréal,3,Toronto,6,shot,1,13:55,835,0,0,,,556,169,,0,66,28,6,FALSE,Non quality on net,Wrist
20252026,Regular,238,,Montréal,3,Toronto,6,shot,1,17:58,1078,0,0,,,512,127,,0,65,28,6,FALSE,Quality on net,Backhand
20252026,Regular,238,,Montréal,3,Toronto,6,shot,1,18:03,1083,0,0,,,558,118,,0,76,28,6,FALSE,Non quality on net,Wrist
20252026,Regular,238,,Montréal,3,Toronto,6,shot,1,18:14,1094,0,0,,,537,159,,0,65,28,6,FALSE,Quality on net,Tip
20252026,Regular,238,,Montréal,3,Toronto,6,shot,1,18:15,1095,0,0,,,537,143,,0,65,28,6,TRUE,Quality goal,Backhand
20252026,Regular,238,,Montréal,3,Toronto,6,shot,1,19:52,1192,0,1,,,549,113,,1,26,28,6,FALSE,Non quality on net,Backhand
20252026,Regular,238,,Montréal,3,Toronto,6,shot,2,0:33,1233,0,1,,,63,146,,-1,42,85,3,FALSE,Quality on net,Wrist
20252026,Regular,238,,Montréal,3,Toronto,6,shot,2,0:36,1236,0,1,,,69,111,,-1,32,85,3,FALSE,Quality on net,Snap
20252026,Regular,238,,Montréal,3,Toronto,6,shot,2,3:06,1386,0,1,,,500,95,,1,313,28,6,FALSE,Quality on net,Wrist
20252026,Regular,238,,Montréal,3,Toronto,6,shot,2,3:33,1413,0,1,,,42,182,,-1,98,85,3,FALSE,Non quality on net,Wrist
20252026,Regular,238,,Montréal,3,Toronto,6,shot,2,3:36,1416,0,1,,,200,216,,-1,79,85,3,FALSE,Non quality on net,Slap
20252026,Regular,238,,Montréal,3,Toronto,6,shot,2,5:20,1520,0,1,,,100,153,,-1,42,85,3,TRUE,Quality goal,Tip
20252026,Regular,238,,Montréal,3,Toronto,6,shot,2,6:29,1589,1,1,,,387,182,,0,44,28,6,FALSE,Non quality on net,Wrist
20252026,Regular,238,,Montréal,3,Toronto,6,shot,2,6:42,1602,1,1,,,462,63,,0,63,28,6,FALSE,Non quality on net,Wrist
20252026,Regular,238,,Montréal,3,Toronto,6,shot,2,7:23,1643,1,1,,,451,52,,0,76,28,6,FALSE,Non quality on net,Wrist
20252026,Regular,238,,Montréal,3,Toronto,6,shot,2,7:42,1662,1,1,,,567,58,,0,31,85,3,FALSE,Non quality on net,Wrist
20252026,Regular,238,,Montréal,3,Toronto,6,shot,2,8:45,1725,1,1,,,101,279,,0,274,85,3,FALSE,Non quality on net,Wrist
20252026,Regular,238,,Montréal,3,Toronto,6,shot,2,10:00,1800,1,1,,,89,85,,0,128,85,3,FALSE,Quality on net,Wrist
20252026,Regular,238,,Montréal,3,Toronto,6,shot,2,10:37,1837,1,1,,,35,89,,0,42,85,3,FALSE,Non quality on net,Wrist
20252026,Regular,238,,Montréal,3,Toronto,6,shot,2,11:05,1865,1,1,,,456,141,,0,317,28,6,FALSE,Non quality on net,Snap
20252026,Regular,238,,Montréal,3,Toronto,6,shot,2,11:58,1918,1,1,,,84,126,,0,51,85,3,FALSE,Quality on net,Backhand
20252026,Regular,238,,Montréal,3,Toronto,6,shot,2,12:03,1923,1,1,,,182,154,,0,5,85,3,FALSE,Non quality on net,Wrist
20252026,Regular,238,,Montréal,3,Toronto,6,shot,2,15:16,2116,1,1,,,506,86,,0,63,28,6,TRUE,Quality goal,Wrist
20252026,Regular,238,,Montréal,3,Toronto,6,shot,2,16:53,2213,1,2,,,319,149,,1,56,28,6,FALSE,Non quality on net,Wrist
20252026,Regular,238,,Montréal,3,Toronto,6,shot,2,18:30,2310,1,2,,,202,45,,-1,84,85,3,FALSE,Non quality on net,Wrist
20252026,Regular,238,,Montréal,3,Toronto,6,shot,2,19:37,2377,1,2,,,80,170,,-1,4,85,3,FALSE,Quality on net,Wrist
20252026,Regular,238,,Montréal,3,Toronto,6,shot,2,19:43,2383,1,2,,,153,153,,-1,42,85,3,FALSE,Non quality on net,Wrist
20252026,Regular,238,,Montréal,3,Toronto,6,shot,3,1:05,2465,1,2,,,118,231,,-1,32,85,3,FALSE,Non quality on net,Snap
20252026,Regular,238,,Montréal,3,Toronto,6,shot,3,1:49,2509,1,2,,,133,168,,1,26,28,6,FALSE,Quality on net,Wrist
20252026,Regular,238,,Montréal,3,Toronto,6,shot,3,4:10,2650,1,2,,,59,165,,-1,84,85,3,FALSE,Quality on net,Wrist
20252026,Regular,238,,Montréal,3,Toronto,6,shot,3,5:10,2710,1,2,,,513,199,,1,63,28,6,FALSE,Quality on net,Backhand
20252026,Regular,238,,Montréal,3,Toronto,6,shot,3,8:32,2912,1,2,,,459,249,,1,44,28,6,FALSE,Non quality on net,Wrist
20252026,Regular,238,,Montréal,3,Toronto,6,shot,3,9:22,2962,1,2,,,516,288,,-1,5,85,3,FALSE,Non quality on net,Wrist
20252026,Regular,238,,Montréal,3,Toronto,6,shot,3,9:41,2981,1,2,,,513,218,,1,63,28,6,FALSE,Non quality on net,Snap
20252026,Regular,238,,Montréal,3,Toronto,6,shot,3,11:31,3091,1,2,,,556,182,,1,244,28,6,FALSE,Non quality on net,Wrist
20252026,Regular,238,,Montréal,3,Toronto,6,shot,3,12:41,3161,1,2,,,187,169,,-1,157,85,3,FALSE,Non quality on net,Wrist
20252026,Regular,238,,Montréal,3,Toronto,6,shot,3,12:42,3162,1,2,,,55,165,,-1,84,85,3,FALSE,Quality on net,Wrist
20252026,Regular,238,,Montréal,3,Toronto,6,shot,3,14:20,3260,1,2,,,213,166,,-1,5,85,3,FALSE,Non quality on net,Wrist
20252026,Regular,238,,Montréal,3,Toronto,6,shot,3,14:36,3276,1,2,,,105,85,,-1,31,85,3,FALSE,Quality on net,Wrist
20252026,Regular,238,,Montréal,3,Toronto,6,shot,3,14:49,3289,1,2,,,78,34,,-1,83,85,3,FALSE,Non quality on net,Snap
20252026,Regular,238,,Montréal,3,Toronto,6,shot,3,17:00,3420,1,2,,,534,131,,1,100,28,6,FALSE,Quality on net,Backhand
20252026,Regular,238,,Montréal,3,Toronto,6,shot,3,18:47,3527,1,2,,,147,249,,-1,61,85,3,FALSE,Non quality on net,Snap
20252026,Regular,239,,Vancouver,9,Minnesota,2,shot,1,0:31,31,0,0,,,522,112,,0,195,59,2,FALSE,Quality on net,Wrist
20252026,Regular,239,,Vancouver,9,Minnesota,2,shot,1,1:00,60,0,0,,,515,208,,0,195,59,2,FALSE,Quality on net,Snap
20252026,Regular,239,,Vancouver,9,Minnesota,2,shot,1,1:18,78,0,0,,,470,174,,0,247,59,2,TRUE,Quality goal,Snap
20252026,Regular,239,,Vancouver,9,Minnesota,2,shot,1,1:48,108,0,1,,,79,166,,-1,89,123,9,FALSE,Quality on net,Wrist
20252026,Regular,239,,Vancouver,9,Minnesota,2,shot,1,3:14,194,0,1,,,71,181,,-1,209,123,9,TRUE,Quality goal,Backhand
20252026,Regular,239,,Vancouver,9,Minnesota,2,shot,1,3:20,200,1,1,,,188,66,,0,50,123,9,FALSE,Non quality on net,Wrist
20252026,Regular,239,,Vancouver,9,Minnesota,2,shot,1,4:28,268,1,1,,,401,169,,0,188,59,2,FALSE,Non quality on net,Default
20252026,Regular,239,,Vancouver,9,Minnesota,2,shot,1,4:43,283,1,1,,,537,145,,0,21,59,2,FALSE,Quality on net,Wrist
20252026,Regular,239,,Vancouver,9,Minnesota,2,shot,1,5:26,326,1,1,,,463,213,,0,188,59,2,FALSE,Quality on net,Slap
20252026,Regular,239,,Vancouver,9,Minnesota,2,shot,1,6:31,391,1,1,,,99,106,,0,209,123,9,FALSE,Quality on net,Default
20252026,Regular,239,,Vancouver,9,Minnesota,2,shot,1,7:40,460,1,1,,,444,72,,0,25,59,2,FALSE,Non quality on net,Default
20252026,Regular,239,,Vancouver,9,Minnesota,2,shot,1,8:12,492,1,1,,,460,128,,0,195,59,2,FALSE,Quality on net,Default
20252026,Regular,239,,Vancouver,9,Minnesota,2,shot,1,8:15,495,1,1,,,408,77,,0,25,59,2,FALSE,Non quality on net,Wrist
20252026,Regular,239,,Vancouver,9,Minnesota,2,shot,1,8:16,496,1,1,,,531,149,,0,195,59,2,FALSE,Quality on net,Wrist
20252026,Regular,239,,Vancouver,9,Minnesota,2,shot,1,8:18,498,1,1,,,541,150,,0,195,59,2,FALSE,Quality on net,Wrist
20252026,Regular,239,,Vancouver,9,Minnesota,2,shot,1,8:53,533,1,1,,,119,140,,0,118,123,9,FALSE,Quality on net,Wrist
20252026,Regular,239,,Vancouver,9,Minnesota,2,shot,1,9:34,574,1,1,,,450,171,,0,190,59,2,FALSE,Non quality on net,Wrist
20252026,Regular,239,,Vancouver,9,Minnesota,2,shot,1,9:56,596,1,1,,,73,51,,0,115,123,9,FALSE,Non quality on net,Wrist
20252026,Regular,239,,Vancouver,9,Minnesota,2,shot,1,11:35,695,1,1,,,51,123,,0,198,123,9,FALSE,Non quality on net,Snap
20252026,Regular,239,,Vancouver,9,Minnesota,2,shot,1,11:49,709,1,1,,,566,49,,0,169,123,9,FALSE,Non quality on net,Wrist
20252026,Regular,239,,Vancouver,9,Minnesota,2,shot,1,12:12,732,1,1,,,71,233,,0,89,123,9,FALSE,Non quality on net,Wrist
20252026,Regular,239,,Vancouver,9,Minnesota,2,shot,1,12:18,738,1,1,,,62,144,,0,252,123,9,FALSE,Quality on net,Wrist
20252026,Regular,239,,Vancouver,9,Minnesota,2,shot,1,13:19,799,1,1,,,58,220,,0,306,123,9,FALSE,Non quality on net,Wrist
20252026,Regular,239,,Vancouver,9,Minnesota,2,shot,1,13:21,801,1,1,,,60,154,,0,192,123,9,FALSE,Quality on net,Backhand
20252026,Regular,239,,Vancouver,9,Minnesota,2,shot,1,14:36,876,1,1,,,173,139,,0,169,123,9,FALSE,Non quality on net,Slap
20252026,Regular,239,,Vancouver,9,Minnesota,2,shot,1,15:00,900,1,1,,,179,41,,0,180,123,9,FALSE,Non quality on net,Slap
20252026,Regular,239,,Vancouver,9,Minnesota,2,shot,1,18:59,1139,1,1,,,478,66,,0,20,59,2,FALSE,Non quality on net,Slap
20252026,Regular,239,,Vancouver,9,Minnesota,2,shot,1,19:13,1153,1,1,,,429,201,,0,25,59,2,FALSE,Non quality on net,Wrist
20252026,Regular,239,,Vancouver,9,Minnesota,2,shot,1,19:22,1162,1,1,,,104,178,,0,114,123,9,FALSE,Quality on net,Wrist
20252026,Regular,239,,Vancouver,9,Minnesota,2,shot,2,0:54,1254,1,1,,,549,83,,0,11,123,9,FALSE,Non quality on net,Default
20252026,Regular,239,,Vancouver,9,Minnesota,2,shot,2,5:18,1518,1,1,,,167,171,,0,89,123,9,FALSE,Non quality on net,Snap
20252026,Regular,239,,Vancouver,9,Minnesota,2,shot,2,5:40,1540,1,1,,,99,233,,0,114,123,9,FALSE,Non quality on net,Wrist
20252026,Regular,239,,Vancouver,9,Minnesota,2,shot,2,5:47,1547,1,1,,,84,73,,0,198,123,9,FALSE,Non quality on net,Wrist
20252026,Regular,239,,Vancouver,9,Minnesota,2,shot,2,6:50,1610,1,1,,,163,103,,0,161,123,9,FALSE,Non quality on net,Wrist
20252026,Regular,239,,Vancouver,9,Minnesota,2,shot,2,7:34,1654,1,1,,,471,82,,0,191,59,2,FALSE,Quality on net,Wrist
20252026,Regular,239,,Vancouver,9,Minnesota,2,shot,2,8:00,1680,1,1,,,423,232,,0,264,59,2,FALSE,Non quality on net,Slap
20252026,Regular,239,,Vancouver,9,Minnesota,2,shot,2,9:21,1761,1,1,,,161,135,,0,89,123,9,FALSE,Non quality on net,Snap
20252026,Regular,239,,Vancouver,9,Minnesota,2,shot,2,11:00,1860,1,1,,,539,171,,0,189,59,2,FALSE,Quality on net,Backhand
20252026,Regular,239,,Vancouver,9,Minnesota,2,shot,2,12:54,1974,1,1,,,176,157,,0,252,123,9,FALSE,Non quality on net,Wrist
20252026,Regular,239,,Vancouver,9,Minnesota,2,shot,2,13:10,1990,1,1,,,188,91,,0,11,123,9,FALSE,Non quality on net,Wrist
20252026,Regular,239,,Vancouver,9,Minnesota,2,shot,2,14:33,2073,1,1,,,518,243,,0,188,59,2,FALSE,Non quality on net,Wrist
20252026,Regular,239,,Vancouver,9,Minnesota,2,shot,2,15:23,2123,1,1,,,512,167,,0,191,59,2,FALSE,Quality on net,Wrist
20252026,Regular,239,,Vancouver,9,Minnesota,2,shot,3,0:20,2420,1,1,,,423,253,,0,90,59,2,FALSE,Non quality on net,Default
20252026,Regular,239,,Vancouver,9,Minnesota,2,shot,3,2:08,2528,1,1,,,54,143,,0,114,123,9,FALSE,Quality on net,Wrist
20252026,Regular,239,,Vancouver,9,Minnesota,2,shot,3,2:26,2546,1,1,,,506,77,,0,263,59,2,FALSE,Non quality on net,Wrist
20252026,Regular,239,,Vancouver,9,Minnesota,2,shot,3,3:03,2583,1,1,,,566,173,,0,24,59,2,FALSE,Non quality on net,Wrist
20252026,Regular,239,,Vancouver,9,Minnesota,2,shot,3,3:21,2601,1,1,,,536,89,,0,104,59,2,FALSE,Non quality on net,Wrist
20252026,Regular,239,,Vancouver,9,Minnesota,2,shot,3,3:36,2616,1,1,,,80,175,,0,301,123,9,FALSE,Quality on net,Backhand
20252026,Regular,239,,Vancouver,9,Minnesota,2,shot,3,4:25,2665,1,1,,,410,228,,0,21,59,2,FALSE,Non quality on net,Snap
20252026,Regular,239,,Vancouver,9,Minnesota,2,shot,3,4:29,2669,1,1,,,543,171,,0,23,59,2,FALSE,Quality on net,Wrist
20252026,Regular,239,,Vancouver,9,Minnesota,2,shot,3,7:11,2831,1,1,,,80,176,,0,11,123,9,FALSE,Quality on net,Wrist
20252026,Regular,239,,Vancouver,9,Minnesota,2,shot,3,7:50,2870,1,1,,,60,187,,0,114,123,9,FALSE,Non quality on net,Backhand
20252026,Regular,239,,Vancouver,9,Minnesota,2,shot,3,10:01,3001,1,1,,,403,46,,0,24,59,2,FALSE,Non quality on net,Wrist
20252026,Regular,239,,Vancouver,9,Minnesota,2,shot,3,12:07,3127,1,1,,,429,69,,0,25,59,2,FALSE,Non quality on net,Slap
20252026,Regular,239,,Vancouver,9,Minnesota,2,shot,3,12:46,3166,1,1,,,488,210,,0,21,59,2,FALSE,Quality on net,Wrist
20252026,Regular,239,,Vancouver,9,Minnesota,2,shot,3,17:47,3467,1,1,,,513,241,,0,23,59,2,FALSE,Non quality on net,Wrist
20252026,Regular,239,,Vancouver,9,Minnesota,2,shot,3,18:50,3530,1,1,,,538,174,,0,195,59,2,FALSE,Quality on net,Tip
20252026,Regular,239,,Vancouver,9,Minnesota,2,shot,3,19:43,3583,1,1,,,465,181,,0,189,59,2,FALSE,Quality on net,Snap
20252026,Regular,239,,Vancouver,9,Minnesota,2,shot,3,19:57,3597,1,1,,,461,99,,0,247,59,2,FALSE,Quality on net,Wrist
20252026,Regular,239,,Vancouver,9,Minnesota,2,shot,4,0:48,3648,1,1,,,144,97,,0,89,123,9,FALSE,Non quality on net,Slap
20252026,Regular,239,,Vancouver,9,Minnesota,2,shot,4,1:17,3677,1,1,,,506,63,,0,236,59,2,FALSE,Non quality on net,Snap
20252026,Regular,239,,Vancouver,9,Minnesota,2,shot,4,2:14,3734,1,1,,,485,136,,0,25,59,2,FALSE,Quality on net,Wrist
20252026,Regular,239,,Vancouver,9,Minnesota,2,shot,4,2:57,3777,1,1,,,519,202,,0,21,59,2,TRUE,Quality goal,Wrist
20252026,Regular,240,,New York,4,Seattle,8,shot,1,0:08,8,0,0,,,266,84,,0,87,250,4,FALSE,Non quality on net,Default
20252026,Regular,240,,New York,4,Seattle,8,shot,1,1:08,68,0,0,,,466,209,,0,34,228,8,FALSE,Quality on net,Wrist
20252026,Regular,240,,New York,4,Seattle,8,shot,1,2:34,154,0,0,,,393,241,,0,249,250,4,FALSE,Non quality on net,Snap
20252026,Regular,240,,New York,4,Seattle,8,shot,1,3:03,183,0,0,,,469,121,,0,34,228,8,FALSE,Quality on net,Wrist
20252026,Regular,240,,New York,4,Seattle,8,shot,1,4:17,257,0,0,,,429,78,,0,47,250,4,FALSE,Non quality on net,Wrist
20252026,Regular,240,,New York,4,Seattle,8,shot,1,4:57,297,0,0,,,453,190,,0,196,228,8,FALSE,Non quality on net,Wrist
20252026,Regular,240,,New York,4,Seattle,8,shot,1,5:33,333,0,0,,,498,208,,0,224,228,8,TRUE,Quality goal,Snap
20252026,Regular,240,,New York,4,Seattle,8,shot,1,6:00,360,0,1,,,540,154,,-1,280,250,4,FALSE,Quality on net,Snap
20252026,Regular,240,,New York,4,Seattle,8,shot,1,6:57,417,0,1,,,387,204,,-1,249,250,4,FALSE,Non quality on net,Snap
20252026,Regular,240,,New York,4,Seattle,8,shot,1,7:10,430,0,1,,,517,140,,-1,147,250,4,FALSE,Quality on net,Wrist
20252026,Regular,240,,New York,4,Seattle,8,shot,1,8:50,530,0,1,,,459,52,,1,2,228,8,FALSE,Non quality on net,Wrist
20252026,Regular,240,,New York,4,Seattle,8,shot,1,9:13,553,0,1,,,513,48,,1,210,228,8,FALSE,Non quality on net,Slap
20252026,Regular,240,,New York,4,Seattle,8,shot,1,12:13,733,0,1,,,429,249,,-1,249,250,4,FALSE,Non quality on net,Slap
20252026,Regular,240,,New York,4,Seattle,8,shot,1,13:03,783,0,1,,,416,155,,-1,30,250,4,FALSE,Non quality on net,Tip
20252026,Regular,240,,New York,4,Seattle,8,shot,1,14:27,867,0,1,,,393,117,,-1,87,250,4,FALSE,Non quality on net,Default
20252026,Regular,240,,New York,4,Seattle,8,shot,1,14:36,876,0,1,,,448,152,,-1,30,250,4,FALSE,Non quality on net,Wrist
20252026,Regular,240,,New York,4,Seattle,8,shot,1,15:07,907,0,1,,,539,108,,-1,9,250,4,FALSE,Non quality on net,Backhand
20252026,Regular,240,,New York,4,Seattle,8,shot,1,15:17,917,0,1,,,539,143,,-1,30,250,4,FALSE,Quality on net,Wrist
20252026,Regular,240,,New York,4,Seattle,8,shot,1,15:22,922,0,1,,,530,143,,-1,30,250,4,FALSE,Quality on net,Snap
20252026,Regular,240,,New York,4,Seattle,8,shot,1,15:25,925,0,1,,,369,127,,1,295,228,8,FALSE,Non quality on net,Wrist
20252026,Regular,240,,New York,4,Seattle,8,shot,1,15:56,956,0,1,,,420,72,,-1,245,250,4,FALSE,Non quality on net,Wrist
20252026,Regular,240,,New York,4,Seattle,8,shot,1,16:07,967,0,1,,,416,201,,-1,205,250,4,FALSE,Non quality on net,Wrist
20252026,Regular,240,,New York,4,Seattle,8,shot,1,16:23,983,0,1,,,447,241,,-1,229,250,4,FALSE,Non quality on net,Wrist
20252026,Regular,240,,New York,4,Seattle,8,shot,1,16:26,986,0,1,,,522,219,,-1,205,250,4,FALSE,Non quality on net,Default
20252026,Regular,240,,New York,4,Seattle,8,shot,1,17:09,1029,0,1,,,531,163,,1,203,228,8,FALSE,Quality on net,Wrist
20252026,Regular,240,,New York,4,Seattle,8,shot,1,17:39,1059,0,1,,,482,79,,-1,229,250,4,FALSE,Quality on net,Snap
20252026,Regular,240,,New York,4,Seattle,8,shot,1,17:58,1078,0,1,,,510,99,,-1,229,250,4,FALSE,Quality on net,Slap
20252026,Regular,240,,New York,4,Seattle,8,shot,1,18:02,1082,0,1,,,543,147,,1,138,228,8,FALSE,Quality on net,Slap
20252026,Regular,240,,New York,4,Seattle,8,shot,1,18:23,1103,0,1,,,496,81,,-1,280,250,4,TRUE,Quality goal,Snap
20252026,Regular,240,,New York,4,Seattle,8,shot,1,19:26,1166,1,1,,,519,94,,0,142,228,8,FALSE,Quality on net,Slap
20252026,Regular,240,,New York,4,Seattle,8,shot,1,19:28,1168,1,1,,,537,159,,0,138,228,8,TRUE,Quality goal,Slap
20252026,Regular,240,,New York,4,Seattle,8,shot,1,19:58,1198,1,2,,,407,243,,-1,87,250,4,FALSE,Non quality on net,Wrist
20252026,Regular,240,,New York,4,Seattle,8,shot,2,0:15,1215,1,2,,,100,83,,-1,30,250,4,FALSE,Quality on net,Snap
20252026,Regular,240,,New York,4,Seattle,8,shot,2,6:04,1564,1,2,,,513,107,,1,13,228,8,FALSE,Quality on net,Snap
20252026,Regular,240,,New York,4,Seattle,8,shot,2,6:37,1597,1,2,,,468,100,,-1,229,250,4,FALSE,Quality on net,Snap
20252026,Regular,240,,New York,4,Seattle,8,shot,2,7:08,1628,1,2,,,87,205,,-1,45,250,4,FALSE,Quality on net,Default
20252026,Regular,240,,New York,4,Seattle,8,shot,2,8:37,1717,1,2,,,517,179,,1,34,228,8,FALSE,Quality on net,Backhand
20252026,Regular,240,,New York,4,Seattle,8,shot,2,9:10,1750,1,2,,,485,84,,1,203,228,8,FALSE,Quality on net,Wrist
20252026,Regular,240,,New York,4,Seattle,8,shot,2,9:56,1796,1,2,,,382,251,,1,208,228,8,FALSE,Non quality on net,Snap
20252026,Regular,240,,New York,4,Seattle,8,shot,2,10:23,1823,1,2,,,503,153,,1,138,228,8,FALSE,Quality on net,Tip
20252026,Regular,240,,New York,4,Seattle,8,shot,2,10:58,1858,1,2,,,482,69,,1,210,228,8,FALSE,Non quality on net,Wrist
20252026,Regular,240,,New York,4,Seattle,8,shot,2,12:53,1973,1,2,,,79,123,,-1,30,250,4,FALSE,Quality on net,Wrist
20252026,Regular,240,,New York,4,Seattle,8,shot,2,13:01,1981,1,2,,,81,196,,-1,280,250,4,TRUE,Quality goal,Snap
20252026,Regular,240,,New York,4,Seattle,8,shot,2,16:39,2199,2,2,,,92,186,,0,285,250,4,FALSE,Quality on net,Wrist
20252026,Regular,240,,New York,4,Seattle,8,shot,2,18:10,2290,2,2,,,125,87,,0,206,250,4,FALSE,Quality on net,Snap
20252026,Regular,240,,New York,4,Seattle,8,shot,2,18:31,2311,2,2,,,81,99,,0,245,250,4,FALSE,Quality on net,Wrist
20252026,Regular,240,,New York,4,Seattle,8,shot,2,18:57,2337,2,2,,,61,153,,0,205,250,4,FALSE,Quality on net,Backhand
20252026,Regular,240,,New York,4,Seattle,8,shot,2,19:22,2362,2,2,,,537,161,,0,210,228,8,FALSE,Quality on net,Wrist
20252026,Regular,240,,New York,4,Seattle,8,shot,2,19:24,2364,2,2,,,545,144,,0,196,228,8,FALSE,Quality on net,Wrist
20252026,Regular,240,,New York,4,Seattle,8,shot,2,19:32,2372,2,2,,,535,156,,0,13,228,8,FALSE,Quality on net,Snap
20252026,Regular,240,,New York,4,Seattle,8,shot,2,19:33,2373,2,2,,,534,105,,0,196,228,8,FALSE,Non quality on net,Snap
20252026,Regular,240,,New York,4,Seattle,8,shot,2,19:58,2398,2,2,,,387,78,,0,208,228,8,FALSE,Non quality on net,Wrist
20252026,Regular,240,,New York,4,Seattle,8,shot,3,0:44,2444,2,2,,,108,104,,0,9,250,4,FALSE,Quality on net,Wrist
20252026,Regular,240,,New York,4,Seattle,8,shot,3,1:47,2507,2,2,,,91,166,,0,49,228,8,TRUE,Quality goal,Snap
20252026,Regular,240,,New York,4,Seattle,8,shot,3,2:41,2561,2,3,,,61,179,,-1,147,250,4,FALSE,Quality on net,Snap
20252026,Regular,240,,New York,4,Seattle,8,shot,3,3:36,2616,2,3,,,162,157,,1,13,228,8,FALSE,Non quality on net,Snap
20252026,Regular,240,,New York,4,Seattle,8,shot,3,5:21,2721,2,3,,,93,160,,1,196,228,8,FALSE,Quality on net,Wrist
20252026,Regular,240,,New York,4,Seattle,8,shot,3,8:13,2893,2,3,,,207,267,,1,210,228,8,FALSE,Non quality on net,Wrist
20252026,Regular,240,,New York,4,Seattle,8,shot,3,9:33,2973,2,3,,,97,171,,-1,285,250,4,TRUE,Quality goal,Default
20252026,Regular,240,,New York,4,Seattle,8,shot,3,9:59,2999,3,3,,,218,130,,0,47,250,4,FALSE,Non quality on net,Wrist
20252026,Regular,240,,New York,4,Seattle,8,shot,3,10:14,3014,3,3,,,139,158,,0,245,250,4,FALSE,Quality on net,Wrist
20252026,Regular,240,,New York,4,Seattle,8,shot,3,11:13,3073,3,3,,,109,75,,0,13,228,8,FALSE,Quality on net,Wrist
20252026,Regular,240,,New York,4,Seattle,8,shot,3,12:19,3139,3,3,,,48,147,,0,245,250,4,FALSE,Quality on net,Tip
20252026,Regular,240,,New York,4,Seattle,8,shot,3,12:58,3178,3,3,,,63,188,,0,249,250,4,FALSE,Quality on net,Backhand
20252026,Regular,240,,New York,4,Seattle,8,shot,3,13:14,3194,3,3,,,129,198,,0,285,250,4,FALSE,Quality on net,Wrist
20252026,Regular,240,,New York,4,Seattle,8,shot,3,13:44,3224,3,3,,,81,141,,0,34,228,8,FALSE,Quality on net,Backhand
20252026,Regular,240,,New York,4,Seattle,8,shot,3,16:04,3364,3,3,,,81,168,,0,205,250,4,FALSE,Quality on net,Wrist
20252026,Regular,240,,New York,4,Seattle,8,shot,3,16:38,3398,3,3,,,189,99,,0,87,250,4,FALSE,Non quality on net,Wrist
20252026,Regular,240,,New York,4,Seattle,8,shot,3,16:40,3400,3,3,,,87,196,,0,280,250,4,TRUE,Quality goal,Default
20252026,Regular,240,,New York,4,Seattle,8,shot,3,17:42,3462,4,3,,,217,245,,-1,208,228,8,FALSE,Non quality on net,Wrist
20252026,Regular,240,,New York,4,Seattle,8,shot,3,18:48,3528,4,3,,,204,271,,-1,203,228,8,FALSE,Non quality on net,Wrist
20252026,Regular,240,,New York,4,Seattle,8,shot,3,19:20,3560,4,3,,,144,95,,-1,181,228,8,FALSE,Quality on net,Wrist
20252026,Regular,240,,New York,4,Seattle,8,shot,3,19:30,3570,4,3,,,498,214,,-1,210,228,8,FALSE,Quality on net,Wrist
20252026,Regular,240,,New York,4,Seattle,8,shot,3,19:57,3597,4,3,,,36,186,,-1,196,228,8,FALSE,Non quality on net,Wrist
20252026,Regular,241,,Toronto,6,Minnesota,2,shot,1,3:06,186,0,0,,,405,84,,0,188,85,2,FALSE,Non quality on net,Wrist
20252026,Regular,241,,Toronto,6,Minnesota,2,shot,1,4:07,247,0,0,,,419,119,,0,24,85,2,FALSE,Non quality on net,Snap
20252026,Regular,241,,Toronto,6,Minnesota,2,shot,1,4:55,295,0,0,,,75,167,,0,63,22,6,TRUE,Quality goal,Backhand
20252026,Regular,241,,Toronto,6,Minnesota,2,shot,1,5:41,341,1,0,,,134,107,,1,66,22,6,FALSE,Quality on net,Wrist
20252026,Regular,241,,Toronto,6,Minnesota,2,shot,1,6:24,384,1,0,,,549,179,,-1,104,85,2,FALSE,Non quality on net,Snap
20252026,Regular,241,,Toronto,6,Minnesota,2,shot,1,6:25,385,1,0,,,546,163,,-1,195,85,2,FALSE,Quality on net,Snap
20252026,Regular,241,,Toronto,6,Minnesota,2,shot,1,6:26,386,1,0,,,405,37,,-1,188,85,2,FALSE,Non quality on net,Slap
20252026,Regular,241,,Toronto,6,Minnesota,2,shot,1,6:30,390,1,0,,,559,166,,-1,191,85,2,TRUE,Quality goal,Snap
20252026,Regular,241,,Toronto,6,Minnesota,2,shot,1,6:34,394,1,1,,,468,133,,0,236,85,2,FALSE,Quality on net,Wrist
20252026,Regular,241,,Toronto,6,Minnesota,2,shot,1,7:05,425,1,1,,,47,133,,0,73,22,6,FALSE,Quality on net,Snap
20252026,Regular,241,,Toronto,6,Minnesota,2,shot,1,8:40,520,1,1,,,539,166,,0,20,85,2,FALSE,Quality on net,Snap
20252026,Regular,241,,Toronto,6,Minnesota,2,shot,1,11:06,666,1,1,,,554,166,,0,189,85,2,FALSE,Quality on net,Snap
20252026,Regular,241,,Toronto,6,Minnesota,2,shot,1,11:41,701,1,1,,,87,224,,0,44,22,6,FALSE,Non quality on net,Snap
20252026,Regular,241,,Toronto,6,Minnesota,2,shot,1,12:21,741,1,1,,,92,195,,0,44,22,6,FALSE,Quality on net,Wrist
20252026,Regular,241,,Toronto,6,Minnesota,2,shot,1,12:42,762,1,1,,,495,125,,0,23,85,2,FALSE,Quality on net,Snap
20252026,Regular,241,,Toronto,6,Minnesota,2,shot,1,12:59,779,1,1,,,555,84,,0,189,85,2,TRUE,Non quality goal,Snap
20252026,Regular,241,,Toronto,6,Minnesota,2,shot,1,14:01,841,1,2,,,492,170,,1,263,85,2,FALSE,Quality on net,Snap
20252026,Regular,241,,Toronto,6,Minnesota,2,shot,1,16:36,996,1,2,,,171,193,,-1,68,22,6,FALSE,Non quality on net,Slap
20252026,Regular,241,,Toronto,6,Minnesota,2,shot,1,16:54,1014,1,2,,,100,105,,-1,56,22,6,FALSE,Quality on net,Snap
20252026,Regular,241,,Toronto,6,Minnesota,2,shot,1,18:52,1132,1,2,,,108,279,,-1,132,22,6,FALSE,Non quality on net,Wrist
20252026,Regular,241,,Toronto,6,Minnesota,2,shot,1,19:30,1170,1,2,,,59,154,,-1,100,22,6,FALSE,Quality on net,Snap
20252026,Regular,241,,Toronto,6,Minnesota,2,shot,2,1:56,1316,1,2,,,54,133,,-1,244,22,6,FALSE,Quality on net,Snap
20252026,Regular,241,,Toronto,6,Minnesota,2,shot,2,2:25,1345,1,2,,,92,152,,-1,316,22,6,FALSE,Quality on net,Wrist
20252026,Regular,241,,Toronto,6,Minnesota,2,shot,2,3:20,1400,1,2,,,129,132,,-1,76,22,6,FALSE,Quality on net,Snap
20252026,Regular,241,,Toronto,6,Minnesota,2,shot,2,4:12,1452,1,2,,,142,165,,-1,100,22,6,FALSE,Quality on net,Wrist
20252026,Regular,241,,Toronto,6,Minnesota,2,shot,2,4:50,1490,1,2,,,108,63,,-1,26,22,6,FALSE,Non quality on net,Snap
20252026,Regular,241,,Toronto,6,Minnesota,2,shot,2,5:21,1521,1,2,,,121,248,,-1,313,22,6,FALSE,Non quality on net,Wrist
20252026,Regular,241,,Toronto,6,Minnesota,2,shot,2,7:43,1663,1,2,,,461,188,,1,190,85,2,FALSE,Quality on net,Wrist
20252026,Regular,241,,Toronto,6,Minnesota,2,shot,2,8:26,1706,1,2,,,497,138,,1,189,85,2,FALSE,Quality on net,Snap
20252026,Regular,241,,Toronto,6,Minnesota,2,shot,2,11:58,1918,1,2,,,465,115,,1,25,85,2,TRUE,Quality goal,Slap
20252026,Regular,241,,Toronto,6,Minnesota,2,shot,2,13:32,2012,1,3,,,108,105,,-2,86,22,6,FALSE,Quality on net,Wrist
20252026,Regular,241,,Toronto,6,Minnesota,2,shot,2,14:00,2040,1,3,,,196,189,,-2,132,22,6,FALSE,Non quality on net,Wrist
20252026,Regular,241,,Toronto,6,Minnesota,2,shot,2,15:06,2106,1,3,,,73,183,,-2,65,22,6,FALSE,Quality on net,Snap
20252026,Regular,241,,Toronto,6,Minnesota,2,shot,2,18:34,2314,1,3,,,518,107,,2,21,85,2,FALSE,Quality on net,Snap
20252026,Regular,241,,Toronto,6,Minnesota,2,shot,2,19:40,2380,1,3,,,486,128,,2,195,85,2,FALSE,Quality on net,Wrist
20252026,Regular,241,,Toronto,6,Minnesota,2,shot,2,19:54,2394,1,3,,,549,161,,2,20,85,2,TRUE,Quality goal,Backhand
20252026,Regular,241,,Toronto,6,Minnesota,2,shot,3,0:25,2425,1,4,,,51,275,,-3,63,22,6,FALSE,Non quality on net,Wrist
20252026,Regular,241,,Toronto,6,Minnesota,2,shot,3,0:48,2448,1,4,,,97,231,,-3,317,22,6,FALSE,Non quality on net,Wrist
20252026,Regular,241,,Toronto,6,Minnesota,2,shot,3,5:20,2720,1,4,,,55,70,,-3,100,22,6,FALSE,Non quality on net,Snap
20252026,Regular,241,,Toronto,6,Minnesota,2,shot,3,5:54,2754,1,4,,,527,209,,3,24,211,2,FALSE,Non quality on net,Backhand
20252026,Regular,241,,Toronto,6,Minnesota,2,shot,3,8:09,2889,1,4,,,531,146,,3,247,211,2,FALSE,Quality on net,Backhand
20252026,Regular,241,,Toronto,6,Minnesota,2,shot,3,8:42,2922,1,4,,,122,163,,-3,56,22,6,FALSE,Quality on net,Wrist
20252026,Regular,241,,Toronto,6,Minnesota,2,shot,3,8:56,2936,1,4,,,464,91,,3,21,211,2,FALSE,Quality on net,Wrist
20252026,Regular,241,,Toronto,6,Minnesota,2,shot,3,9:54,2994,1,4,,,183,65,,-3,67,22,6,FALSE,Non quality on net,Wrist
20252026,Regular,241,,Toronto,6,Minnesota,2,shot,3,10:23,3023,1,4,,,73,195,,-3,66,22,6,FALSE,Quality on net,Wrist
20252026,Regular,241,,Toronto,6,Minnesota,2,shot,3,10:33,3033,1,4,,,42,127,,-3,66,22,6,FALSE,Non quality on net,Wrist
20252026,Regular,241,,Toronto,6,Minnesota,2,shot,3,10:44,3044,1,4,,,54,153,,-3,313,22,6,FALSE,Quality on net,Snap
20252026,Regular,241,,Toronto,6,Minnesota,2,shot,3,11:39,3099,1,4,,,510,117,,3,247,211,2,FALSE,Quality on net,Wrist
20252026,Regular,241,,Toronto,6,Minnesota,2,shot,3,11:51,3111,1,4,,,559,107,,3,247,211,2,FALSE,Non quality on net,Snap
20252026,Regular,241,,Toronto,6,Minnesota,2,shot,3,12:21,3141,1,4,,,196,63,,-3,67,22,6,FALSE,Non quality on net,Wrist
20252026,Regular,241,,Toronto,6,Minnesota,2,shot,3,12:58,3178,1,4,,,92,195,,-3,65,22,6,FALSE,Quality on net,Wrist
20252026,Regular,241,,Toronto,6,Minnesota,2,shot,3,14:16,3256,1,4,,,119,264,,-3,56,22,6,FALSE,Non quality on net,Wrist
20252026,Regular,241,,Toronto,6,Minnesota,2,shot,3,14:25,3265,1,4,,,163,237,,-3,63,22,6,FALSE,Non quality on net,Snap
20252026,Regular,241,,Toronto,6,Minnesota,2,shot,3,15:44,3344,1,4,,,71,94,,-3,63,22,6,FALSE,Non quality on net,Snap
20252026,Regular,241,,Toronto,6,Minnesota,2,shot,3,15:52,3352,1,4,,,58,128,,-3,63,22,6,FALSE,Quality on net,Snap
20252026,Regular,241,,Toronto,6,Minnesota,2,shot,3,16:43,3403,1,4,,,541,118,,3,20,0,2,TRUE,Quality goal,Wrist
20252026,Regular,241,,Toronto,6,Minnesota,2,shot,3,18:13,3493,1,5,,,502,87,,4,20,211,2,FALSE,Quality on net,Wrist
20252026,Regular,241,,Toronto,6,Minnesota,2,shot,3,18:31,3511,1,5,,,492,167,,4,195,211,2,FALSE,Quality on net,Snap
20252026,Regular,242,,New York,4,Vancouver,9,shot,1,1:21,81,0,0,,,62,161,,0,245,59,4,TRUE,Quality goal,Wrist
20252026,Regular,242,,New York,4,Vancouver,9,shot,1,2:18,138,1,0,,,463,183,,-1,252,228,9,FALSE,Quality on net,Wrist
20252026,Regular,242,,New York,4,Vancouver,9,shot,1,2:47,167,1,0,,,480,240,,-1,89,228,9,FALSE,Non quality on net,Default
20252026,Regular,242,,New York,4,Vancouver,9,shot,1,4:04,244,1,0,,,93,212,,1,60,59,4,FALSE,Quality on net,Wrist
20252026,Regular,242,,New York,4,Vancouver,9,shot,1,4:20,260,1,0,,,161,43,,1,229,59,4,FALSE,Non quality on net,Wrist
20252026,Regular,242,,New York,4,Vancouver,9,shot,1,4:49,289,1,0,,,506,151,,-1,198,228,9,FALSE,Quality on net,Default
20252026,Regular,242,,New York,4,Vancouver,9,shot,1,5:30,330,1,0,,,176,25,,1,249,59,4,FALSE,Non quality on net,Wrist
20252026,Regular,242,,New York,4,Vancouver,9,shot,1,5:53,353,1,0,,,87,60,,1,249,59,4,FALSE,Non quality on net,Snap
20252026,Regular,242,,New York,4,Vancouver,9,shot,1,6:21,381,1,0,,,57,135,,1,9,59,4,FALSE,Quality on net,Backhand
20252026,Regular,242,,New York,4,Vancouver,9,shot,1,7:48,468,1,0,,,559,92,,-1,198,228,9,FALSE,Non quality on net,Default
20252026,Regular,242,,New York,4,Vancouver,9,shot,1,8:53,533,1,0,,,440,160,,-1,115,228,9,FALSE,Non quality on net,Wrist
20252026,Regular,242,,New York,4,Vancouver,9,shot,1,11:42,702,1,0,,,411,275,,-1,11,228,9,FALSE,Non quality on net,Default
20252026,Regular,242,,New York,4,Vancouver,9,shot,1,13:05,785,1,0,,,93,125,,1,245,59,4,FALSE,Quality on net,Wrist
20252026,Regular,242,,New York,4,Vancouver,9,shot,1,13:25,805,1,0,,,126,142,,1,229,59,4,FALSE,Quality on net,Wrist
20252026,Regular,242,,New York,4,Vancouver,9,shot,1,13:38,818,1,0,,,145,95,,1,245,59,4,FALSE,Non quality on net,Wrist
20252026,Regular,242,,New York,4,Vancouver,9,shot,1,14:43,883,1,0,,,459,99,,-1,198,228,9,FALSE,Quality on net,Wrist
20252026,Regular,242,,New York,4,Vancouver,9,shot,1,17:29,1049,1,0,,,69,169,,1,147,59,4,FALSE,Quality on net,Default
20252026,Regular,242,,New York,4,Vancouver,9,shot,1,19:30,1170,1,0,,,516,67,,-1,198,228,9,FALSE,Non quality on net,Default
20252026,Regular,242,,New York,4,Vancouver,9,shot,1,19:50,1190,1,0,,,476,226,,-1,227,228,9,FALSE,Quality on net,Default
20252026,Regular,242,,New York,4,Vancouver,9,shot,2,1:15,1275,1,0,,,144,110,,1,87,59,4,FALSE,Non quality on net,Default
20252026,Regular,242,,New York,4,Vancouver,9,shot,2,3:55,1435,1,0,,,564,37,,-1,115,228,9,FALSE,Non quality on net,Wrist
20252026,Regular,242,,New York,4,Vancouver,9,shot,2,4:52,1492,1,0,,,515,165,,-1,192,228,9,FALSE,Quality on net,Wrist
20252026,Regular,242,,New York,4,Vancouver,9,shot,2,6:34,1594,1,0,,,533,143,,-1,248,228,9,FALSE,Quality on net,Backhand
20252026,Regular,242,,New York,4,Vancouver,9,shot,2,6:40,1600,1,0,,,503,221,,-1,11,228,9,FALSE,Quality on net,Snap
20252026,Regular,242,,New York,4,Vancouver,9,shot,2,6:48,1608,1,0,,,123,169,,1,9,59,4,FALSE,Quality on net,Default
20252026,Regular,242,,New York,4,Vancouver,9,shot,2,7:05,1625,1,0,,,197,153,,1,229,59,4,FALSE,Non quality on net,Default
20252026,Regular,242,,New York,4,Vancouver,9,shot,2,7:17,1637,1,0,,,550,143,,-1,129,228,9,FALSE,Quality on net,Tip
20252026,Regular,242,,New York,4,Vancouver,9,shot,2,8:28,1708,1,0,,,81,45,,1,87,59,4,FALSE,Non quality on net,Default
20252026,Regular,242,,New York,4,Vancouver,9,shot,2,9:02,1742,1,0,,,166,169,,1,285,59,4,FALSE,Non quality on net,Default
20252026,Regular,242,,New York,4,Vancouver,9,shot,2,9:58,1798,1,0,,,539,174,,-1,161,228,9,FALSE,Quality on net,Tip
20252026,Regular,242,,New York,4,Vancouver,9,shot,2,10:03,1803,1,0,,,534,108,,-1,248,228,9,FALSE,Quality on net,Tip
20252026,Regular,242,,New York,4,Vancouver,9,shot,2,10:55,1855,1,0,,,521,76,,-1,89,228,9,FALSE,Non quality on net,Wrist
20252026,Regular,242,,New York,4,Vancouver,9,shot,2,12:39,1959,1,0,,,148,199,,1,47,59,4,FALSE,Non quality on net,Default
20252026,Regular,242,,New York,4,Vancouver,9,shot,2,12:41,1961,1,0,,,117,182,,1,277,59,4,FALSE,Quality on net,Default
20252026,Regular,242,,New York,4,Vancouver,9,shot,2,13:50,2030,1,0,,,202,68,,1,230,59,4,FALSE,Non quality on net,Wrist
20252026,Regular,242,,New York,4,Vancouver,9,shot,2,16:03,2163,1,0,,,74,192,,1,47,59,4,FALSE,Quality on net,Default
20252026,Regular,242,,New York,4,Vancouver,9,shot,2,17:47,2267,1,0,,,383,279,,-1,301,228,9,FALSE,Non quality on net,Wrist
20252026,Regular,242,,New York,4,Vancouver,9,shot,2,17:47,2267,1,0,,,526,197,,-1,114,228,9,FALSE,Quality on net,Wrist
20252026,Regular,242,,New York,4,Vancouver,9,shot,2,18:34,2314,1,0,,,167,207,,1,245,59,4,FALSE,Non quality on net,Backhand
20252026,Regular,242,,New York,4,Vancouver,9,shot,2,19:10,2350,1,0,,,542,197,,-1,227,228,9,FALSE,Non quality on net,Backhand
20252026,Regular,242,,New York,4,Vancouver,9,shot,2,19:56,2396,1,0,,,57,126,,1,9,59,4,FALSE,Quality on net,Backhand
20252026,Regular,242,,New York,4,Vancouver,9,shot,3,0:35,2435,1,0,,,531,164,,-1,252,228,9,FALSE,Quality on net,Default
20252026,Regular,242,,New York,4,Vancouver,9,shot,3,2:15,2535,1,0,,,58,98,,1,249,59,4,FALSE,Non quality on net,Wrist
20252026,Regular,242,,New York,4,Vancouver,9,shot,3,4:39,2679,1,0,,,52,159,,1,147,59,4,TRUE,Quality goal,Default
20252026,Regular,242,,New York,4,Vancouver,9,shot,3,6:17,2777,2,0,,,54,214,,2,285,59,4,FALSE,Non quality on net,Wrist
20252026,Regular,242,,New York,4,Vancouver,9,shot,3,6:23,2783,2,0,,,58,168,,2,40,59,4,FALSE,Quality on net,Wrist
20252026,Regular,242,,New York,4,Vancouver,9,shot,3,11:11,3071,2,0,,,93,133,,2,9,59,4,FALSE,Quality on net,Wrist
20252026,Regular,242,,New York,4,Vancouver,9,shot,3,14:00,3240,2,0,,,456,164,,-2,227,228,9,FALSE,Non quality on net,Wrist
20252026,Regular,242,,New York,4,Vancouver,9,shot,3,14:01,3241,2,0,,,489,165,,-2,114,228,9,FALSE,Quality on net,Backhand
20252026,Regular,242,,New York,4,Vancouver,9,shot,3,15:36,3336,2,0,,,536,277,,-2,11,228,9,FALSE,Non quality on net,Wrist
20252026,Regular,242,,New York,4,Vancouver,9,shot,3,16:08,3368,2,0,,,403,93,,-2,11,228,9,FALSE,Non quality on net,Slap
20252026,Regular,242,,New York,4,Vancouver,9,shot,3,17:19,3439,2,0,,,420,166,,-2,50,228,9,FALSE,Non quality on net,Wrist
20252026,Regular,242,,New York,4,Vancouver,9,shot,3,20:00,3600,2,0,,,513,219,,-2,114,228,9,FALSE,Non quality on net,Default
20252026,Regular,243,1-2-2026,New York,4,Montréal,3,shot,1,1:22,82,0,0,,,429,23,,0,4,228,3,FALSE,Non quality on net,Wrist
20252026,Regular,243,1-2-2026,New York,4,Montréal,3,shot,1,1:32,92,0,0,,,77,129,,0,205,48,4,FALSE,Quality on net,Tip
20252026,Regular,243,1-2-2026,New York,4,Montréal,3,shot,1,1:49,109,0,0,,,518,220,,0,128,228,3,FALSE,Non quality on net,Snap
20252026,Regular,243,1-2-2026,New York,4,Montréal,3,shot,1,2:15,135,0,0,,,428,147,,0,83,228,3,FALSE,Non quality on net,Wrist
20252026,Regular,243,1-2-2026,New York,4,Montréal,3,shot,1,3:47,227,0,0,,,537,147,,0,32,228,3,TRUE,Quality goal,Wrist
20252026,Regular,243,1-2-2026,New York,4,Montréal,3,shot,1,5:10,310,0,1,,,199,61,,-1,147,48,4,FALSE,Non quality on net,Wrist
20252026,Regular,243,1-2-2026,New York,4,Montréal,3,shot,1,5:46,346,0,1,,,129,240,,-1,249,48,4,FALSE,Non quality on net,Wrist
20252026,Regular,243,1-2-2026,New York,4,Montréal,3,shot,1,9:33,573,0,1,,,506,159,,1,31,228,3,FALSE,Quality on net,Tip
20252026,Regular,243,1-2-2026,New York,4,Montréal,3,shot,1,12:14,734,0,1,,,423,115,,1,98,228,3,FALSE,Non quality on net,Wrist
20252026,Regular,243,1-2-2026,New York,4,Montréal,3,shot,1,13:37,817,0,1,,,505,207,,1,32,228,3,FALSE,Quality on net,Snap
20252026,Regular,243,1-2-2026,New York,4,Montréal,3,shot,1,14:21,861,0,1,,,57,183,,-1,245,48,4,FALSE,Quality on net,Tip
20252026,Regular,243,1-2-2026,New York,4,Montréal,3,shot,1,16:16,976,0,1,,,62,148,,-1,277,48,4,TRUE,Quality goal,Default
20252026,Regular,243,1-2-2026,New York,4,Montréal,3,shot,1,17:19,1039,1,1,,,395,69,,0,253,228,3,FALSE,Non quality on net,Wrist
20252026,Regular,243,1-2-2026,New York,4,Montréal,3,shot,1,19:15,1155,1,1,,,158,229,,0,60,48,4,FALSE,Non quality on net,Snap
20252026,Regular,243,1-2-2026,New York,4,Montréal,3,shot,1,19:55,1195,1,1,,,142,233,,0,205,48,4,FALSE,Non quality on net,Wrist
20252026,Regular,243,1-2-2026,New York,4,Montréal,3,shot,2,0:08,1208,1,1,,,513,167,,0,272,228,3,FALSE,Quality on net,Backhand
20252026,Regular,243,1-2-2026,New York,4,Montréal,3,shot,2,0:49,1249,1,1,,,152,37,,0,9,48,4,FALSE,Non quality on net,Wrist
20252026,Regular,243,1-2-2026,New York,4,Montréal,3,shot,2,2:37,1357,1,1,,,103,208,,0,280,48,4,FALSE,Quality on net,Wrist
20252026,Regular,243,1-2-2026,New York,4,Montréal,3,shot,2,2:52,1372,1,1,,,189,135,,0,87,48,4,FALSE,Non quality on net,Default
20252026,Regular,243,1-2-2026,New York,4,Montréal,3,shot,2,3:01,1381,1,1,,,76,162,,0,245,48,4,FALSE,Quality on net,Default
20252026,Regular,243,1-2-2026,New York,4,Montréal,3,shot,2,3:05,1385,1,1,,,151,117,,0,249,48,4,FALSE,Non quality on net,Wrist
20252026,Regular,243,1-2-2026,New York,4,Montréal,3,shot,2,3:23,1403,1,1,,,501,27,,0,42,228,3,FALSE,Non quality on net,Default
20252026,Regular,243,1-2-2026,New York,4,Montréal,3,shot,2,3:31,1411,1,1,,,564,176,,0,31,228,3,FALSE,Non quality on net,Default
20252026,Regular,243,1-2-2026,New York,4,Montréal,3,shot,2,3:46,1426,1,1,,,128,136,,0,30,48,4,TRUE,Quality goal,Wrist
20252026,Regular,243,1-2-2026,New York,4,Montréal,3,shot,2,4:58,1498,2,1,,,551,117,,-1,61,228,3,FALSE,Non quality on net,Backhand
20252026,Regular,243,1-2-2026,New York,4,Montréal,3,shot,2,6:37,1597,2,1,,,527,229,,-1,31,228,3,TRUE,Non quality goal,Slap
20252026,Regular,243,1-2-2026,New York,4,Montréal,3,shot,2,7:05,1625,2,2,,,493,230,,0,61,228,3,FALSE,Non quality on net,Backhand
20252026,Regular,243,1-2-2026,New York,4,Montréal,3,shot,2,7:32,1652,2,2,,,108,162,,0,87,48,4,FALSE,Quality on net,Default
20252026,Regular,243,1-2-2026,New York,4,Montréal,3,shot,2,7:59,1679,2,2,,,524,169,,0,32,228,3,FALSE,Quality on net,Snap
20252026,Regular,243,1-2-2026,New York,4,Montréal,3,shot,2,9:23,1763,2,2,,,111,93,,0,245,48,4,FALSE,Quality on net,Backhand
20252026,Regular,243,1-2-2026,New York,4,Montréal,3,shot,2,9:28,1768,2,2,,,149,80,,0,245,48,4,FALSE,Non quality on net,Wrist
20252026,Regular,243,1-2-2026,New York,4,Montréal,3,shot,2,10:25,1825,2,2,,,542,141,,0,128,228,3,FALSE,Quality on net,Wrist
20252026,Regular,243,1-2-2026,New York,4,Montréal,3,shot,2,10:35,1835,2,2,,,487,33,,0,5,228,3,FALSE,Non quality on net,Wrist
20252026,Regular,243,1-2-2026,New York,4,Montréal,3,shot,2,10:48,1848,2,2,,,543,155,,0,4,228,3,FALSE,Quality on net,Snap
20252026,Regular,243,1-2-2026,New York,4,Montréal,3,shot,2,10:49,1849,2,2,,,542,153,,0,4,228,3,FALSE,Quality on net,Snap
20252026,Regular,243,1-2-2026,New York,4,Montréal,3,shot,2,12:51,1971,2,2,,,453,152,,0,42,228,3,FALSE,Non quality on net,Snap
20252026,Regular,243,1-2-2026,New York,4,Montréal,3,shot,2,13:24,2004,2,2,,,103,104,,0,245,48,4,TRUE,Quality goal,Slap
20252026,Regular,243,1-2-2026,New York,4,Montréal,3,shot,2,16:03,2163,3,2,,,118,278,,1,285,48,4,FALSE,Non quality on net,Wrist
20252026,Regular,243,1-2-2026,New York,4,Montréal,3,shot,2,18:19,2299,3,2,,,386,20,,-1,253,228,3,FALSE,Non quality on net,Wrist
20252026,Regular,243,1-2-2026,New York,4,Montréal,3,shot,2,18:28,2308,3,2,,,559,119,,-1,32,228,3,FALSE,Non quality on net,Snap
20252026,Regular,243,1-2-2026,New York,4,Montréal,3,shot,2,18:33,2313,3,2,,,441,39,,-1,79,228,3,FALSE,Non quality on net,Wrist
20252026,Regular,243,1-2-2026,New York,4,Montréal,3,shot,2,18:38,2318,3,2,,,419,78,,-1,79,228,3,FALSE,Non quality on net,Wrist
20252026,Regular,243,1-2-2026,New York,4,Montréal,3,shot,2,19:26,2366,3,2,,,503,107,,-1,32,228,3,FALSE,Quality on net,Backhand
20252026,Regular,243,1-2-2026,New York,4,Montréal,3,shot,3,0:15,2415,3,2,,,529,167,,-1,32,228,3,FALSE,Quality on net,Backhand
20252026,Regular,243,1-2-2026,New York,4,Montréal,3,shot,3,0:30,2430,3,2,,,133,77,,1,9,48,4,FALSE,Quality on net,Wrist
20252026,Regular,243,1-2-2026,New York,4,Montréal,3,shot,3,1:34,2494,3,2,,,489,111,,-1,5,228,3,FALSE,Quality on net,Snap
20252026,Regular,243,1-2-2026,New York,4,Montréal,3,shot,3,2:05,2525,3,2,,,539,66,,-1,35,228,3,FALSE,Non quality on net,Wrist
20252026,Regular,243,1-2-2026,New York,4,Montréal,3,shot,3,2:30,2550,3,2,,,426,78,,-1,253,228,3,FALSE,Non quality on net,Slap
20252026,Regular,243,1-2-2026,New York,4,Montréal,3,shot,3,3:02,2582,3,2,,,528,73,,-1,42,228,3,FALSE,Non quality on net,Slap
20252026,Regular,243,1-2-2026,New York,4,Montréal,3,shot,3,6:05,2765,3,2,,,545,107,,-1,32,228,3,FALSE,Non quality on net,Backhand
20252026,Regular,243,1-2-2026,New York,4,Montréal,3,shot,3,6:24,2784,3,2,,,417,53,,-1,79,228,3,FALSE,Non quality on net,Slap
20252026,Regular,243,1-2-2026,New York,4,Montréal,3,shot,3,6:50,2810,3,2,,,483,159,,-1,42,228,3,FALSE,Quality on net,Slap
20252026,Regular,243,1-2-2026,New York,4,Montréal,3,shot,3,10:20,3020,3,2,,,110,195,,1,40,48,4,TRUE,Quality goal,Snap
20252026,Regular,243,1-2-2026,New York,4,Montréal,3,shot,3,11:22,3082,4,2,,,560,122,,-2,32,228,3,FALSE,Non quality on net,Wrist
20252026,Regular,243,1-2-2026,New York,4,Montréal,3,shot,3,11:24,3084,4,2,,,437,41,,-2,79,228,3,FALSE,Non quality on net,Wrist
20252026,Regular,243,1-2-2026,New York,4,Montréal,3,shot,3,11:53,3113,4,2,,,240,186,,2,40,48,4,FALSE,Non quality on net,Wrist
20252026,Regular,243,1-2-2026,New York,4,Montréal,3,shot,3,13:27,3207,4,2,,,508,147,,-2,61,228,3,FALSE,Quality on net,Snap
20252026,Regular,243,1-2-2026,New York,4,Montréal,3,shot,3,14:28,3268,4,2,,,397,36,,-2,79,228,3,FALSE,Non quality on net,Wrist
20252026,Regular,243,1-2-2026,New York,4,Montréal,3,shot,3,14:48,3288,4,2,,,432,21,,-2,42,228,3,FALSE,Non quality on net,Wrist
20252026,Regular,243,1-2-2026,New York,4,Montréal,3,shot,3,14:53,3293,4,2,,,483,88,,-2,61,228,3,FALSE,Quality on net,Snap
20252026,Regular,243,1-2-2026,New York,4,Montréal,3,shot,3,16:15,3375,4,2,,,431,267,,-2,51,228,3,FALSE,Non quality on net,Wrist
20252026,Regular,243,1-2-2026,New York,4,Montréal,3,shot,3,18:41,3521,4,2,,,523,139,,-2,4,228,3,FALSE,Quality on net,Default
20252026,Regular,243,1-2-2026,New York,4,Montréal,3,shot,3,18:41,3521,4,2,,,531,144,,-2,61,228,3,FALSE,Quality on net,Default
20252026,Regular,243,1-2-2026,New York,4,Montréal,3,shot,3,19:28,3568,4,2,,,502,135,,-2,83,228,3,FALSE,Quality on net,Snap
20252026,Regular,243,1-2-2026,New York,4,Montréal,3,shot,3,19:34,3574,4,2,,,418,169,,-2,253,228,3,FALSE,Non quality on net,Wrist
20252026,Regular,243,1-2-2026,New York,4,Montréal,3,shot,3,19:35,3575,4,2,,,517,173,,-2,274,228,3,TRUE,Quality goal,Tip
20252026,Regular,244,1-3-2026,Ottawa,5,Minnesota,2,shot,1,1:38,98,0,0,,,495,141,,0,191,222,2,FALSE,Quality on net,Tip
20252026,Regular,244,1-3-2026,Ottawa,5,Minnesota,2,shot,1,2:13,133,0,0,,,467,115,,0,102,222,2,FALSE,Quality on net,Default
20252026,Regular,244,1-3-2026,Ottawa,5,Minnesota,2,shot,1,2:35,155,0,0,,,536,206,,0,102,222,2,FALSE,Non quality on net,Default
20252026,Regular,244,1-3-2026,Ottawa,5,Minnesota,2,shot,1,4:01,241,0,0,,,53,121,,0,58,123,5,TRUE,Quality goal,Default
20252026,Regular,244,1-3-2026,Ottawa,5,Minnesota,2,shot,1,4:49,289,1,0,,,507,101,,-1,190,222,2,FALSE,Quality on net,Default
20252026,Regular,244,1-3-2026,Ottawa,5,Minnesota,2,shot,1,6:40,400,1,0,,,163,167,,1,57,123,5,FALSE,Non quality on net,Default
20252026,Regular,244,1-3-2026,Ottawa,5,Minnesota,2,shot,1,7:20,440,1,0,,,275,173,,1,223,123,5,FALSE,Non quality on net,Default
20252026,Regular,244,1-3-2026,Ottawa,5,Minnesota,2,shot,1,7:47,467,1,0,,,93,279,,1,220,123,5,FALSE,Non quality on net,Default
20252026,Regular,244,1-3-2026,Ottawa,5,Minnesota,2,shot,1,11:53,713,1,0,,,422,67,,-1,24,222,2,FALSE,Non quality on net,Default
20252026,Regular,244,1-3-2026,Ottawa,5,Minnesota,2,shot,1,11:58,718,1,0,,,412,279,,-1,236,222,2,FALSE,Non quality on net,Default
20252026,Regular,244,1-3-2026,Ottawa,5,Minnesota,2,shot,1,12:25,745,1,0,,,400,111,,-1,188,222,2,FALSE,Non quality on net,Default
20252026,Regular,244,1-3-2026,Ottawa,5,Minnesota,2,shot,1,14:41,881,1,0,,,112,39,,1,88,123,5,FALSE,Non quality on net,Default
20252026,Regular,244,1-3-2026,Ottawa,5,Minnesota,2,shot,1,15:27,927,1,0,,,545,240,,-1,21,222,2,FALSE,Non quality on net,Default
20252026,Regular,244,1-3-2026,Ottawa,5,Minnesota,2,shot,1,16:02,962,1,0,,,540,165,,-1,21,222,2,FALSE,Quality on net,Default
20252026,Regular,244,1-3-2026,Ottawa,5,Minnesota,2,shot,1,17:33,1053,1,0,,,512,51,,-1,20,222,2,FALSE,Non quality on net,Default
20252026,Regular,244,1-3-2026,Ottawa,5,Minnesota,2,shot,1,18:09,1089,1,0,,,68,114,,1,242,123,5,FALSE,Quality on net,Default
20252026,Regular,244,1-3-2026,Ottawa,5,Minnesota,2,shot,1,18:52,1132,1,0,,,426,281,,-1,190,222,2,FALSE,Non quality on net,Default
20252026,Regular,244,1-3-2026,Ottawa,5,Minnesota,2,shot,1,20:00,1200,1,0,,,447,245,,-1,21,222,2,FALSE,Non quality on net,Default
20252026,Regular,244,1-3-2026,Ottawa,5,Minnesota,2,shot,2,0:35,1235,1,0,,,436,74,,-1,188,222,2,FALSE,Non quality on net,Default
20252026,Regular,244,1-3-2026,Ottawa,5,Minnesota,2,shot,2,0:38,1238,1,0,,,553,131,,-1,23,222,2,TRUE,Quality goal,Default
20252026,Regular,244,1-3-2026,Ottawa,5,Minnesota,2,shot,2,3:33,1413,1,1,,,78,137,,0,221,123,5,FALSE,Quality on net,Default
20252026,Regular,244,1-3-2026,Ottawa,5,Minnesota,2,shot,2,3:56,1436,1,1,,,207,266,,0,223,123,5,FALSE,Non quality on net,Default
20252026,Regular,244,1-3-2026,Ottawa,5,Minnesota,2,shot,2,5:14,1514,1,1,,,513,200,,0,236,222,2,FALSE,Quality on net,Default
20252026,Regular,244,1-3-2026,Ottawa,5,Minnesota,2,shot,2,5:16,1516,1,1,,,113,75,,0,53,123,5,TRUE,Quality goal,Default
20252026,Regular,244,1-3-2026,Ottawa,5,Minnesota,2,shot,2,7:17,1637,2,1,,,208,135,,1,38,123,5,FALSE,Non quality on net,Default
20252026,Regular,244,1-3-2026,Ottawa,5,Minnesota,2,shot,2,8:54,1734,2,1,,,47,162,,1,241,123,5,TRUE,Quality goal,Default
20252026,Regular,244,1-3-2026,Ottawa,5,Minnesota,2,shot,2,11:59,1919,3,1,,,136,141,,2,88,123,5,TRUE,Quality goal,Default
20252026,Regular,244,1-3-2026,Ottawa,5,Minnesota,2,shot,2,13:20,2000,4,1,,,490,269,,-3,236,222,2,FALSE,Non quality on net,Default
20252026,Regular,244,1-3-2026,Ottawa,5,Minnesota,2,shot,2,13:31,2011,4,1,,,75,155,,3,72,123,5,FALSE,Quality on net,Default
20252026,Regular,244,1-3-2026,Ottawa,5,Minnesota,2,shot,2,14:25,2065,4,1,,,555,121,,-3,189,222,2,TRUE,Non quality goal,Default
20252026,Regular,244,1-3-2026,Ottawa,5,Minnesota,2,shot,2,18:30,2310,4,2,,,133,141,,2,241,123,5,FALSE,Quality on net,Default
20252026,Regular,244,1-3-2026,Ottawa,5,Minnesota,2,shot,3,0:15,2415,4,2,,,520,80,,-2,25,222,2,FALSE,Non quality on net,Default
20252026,Regular,244,1-3-2026,Ottawa,5,Minnesota,2,shot,3,0:16,2416,4,2,,,537,165,,-2,195,222,2,FALSE,Quality on net,Default
20252026,Regular,244,1-3-2026,Ottawa,5,Minnesota,2,shot,3,0:36,2436,4,2,,,64,147,,2,72,123,5,FALSE,Quality on net,Default
20252026,Regular,244,1-3-2026,Ottawa,5,Minnesota,2,shot,3,1:39,2499,4,2,,,543,168,,-2,20,222,2,FALSE,Quality on net,Tip
20252026,Regular,244,1-3-2026,Ottawa,5,Minnesota,2,shot,3,4:21,2661,4,2,,,65,44,,2,239,123,5,FALSE,Non quality on net,Default
20252026,Regular,244,1-3-2026,Ottawa,5,Minnesota,2,shot,3,5:19,2719,4,2,,,519,281,,-2,21,222,2,FALSE,Non quality on net,Default
20252026,Regular,244,1-3-2026,Ottawa,5,Minnesota,2,shot,3,6:15,2775,4,2,,,459,159,,-2,195,222,2,FALSE,Quality on net,Default
20252026,Regular,244,1-3-2026,Ottawa,5,Minnesota,2,shot,3,6:30,2790,4,2,,,87,144,,2,223,123,5,FALSE,Quality on net,Default
20252026,Regular,244,1-3-2026,Ottawa,5,Minnesota,2,shot,3,7:35,2855,4,2,,,55,117,,2,72,123,5,FALSE,Non quality on net,Default
20252026,Regular,244,1-3-2026,Ottawa,5,Minnesota,2,shot,3,9:50,2990,4,2,,,413,89,,-2,188,222,2,FALSE,Non quality on net,Default
20252026,Regular,244,1-3-2026,Ottawa,5,Minnesota,2,shot,3,11:36,3096,4,2,,,292,291,,2,72,123,5,FALSE,Non quality on net,Default
20252026,Regular,244,1-3-2026,Ottawa,5,Minnesota,2,shot,3,13:07,3187,4,2,,,201,135,,2,242,123,5,FALSE,Non quality on net,Default
20252026,Regular,244,1-3-2026,Ottawa,5,Minnesota,2,shot,3,15:18,3318,4,2,,,132,151,,2,223,123,5,FALSE,Quality on net,Default
20252026,Regular,244,1-3-2026,Ottawa,5,Minnesota,2,shot,3,16:11,3371,4,2,,,489,215,,-2,195,222,2,FALSE,Quality on net,Default
20252026,Regular,244,1-3-2026,Ottawa,5,Minnesota,2,shot,3,16:51,3411,4,2,,,544,131,,-2,24,222,2,FALSE,Quality on net,Default
20252026,Regular,244,1-3-2026,Ottawa,5,Minnesota,2,shot,3,17:16,3436,4,2,,,55,162,,2,58,0,5,TRUE,Quality goal,Default
20252026,Regular,244,1-3-2026,Ottawa,5,Minnesota,2,shot,3,19:52,3592,5,2,,,471,124,,-3,195,222,2,FALSE,Quality on net,Default
20252026,Regular,245,1-3-2026,Toronto,6,Seattle,8,shot,1,0:20,20,0,0,,,425,246,,0,196,211,8,FALSE,Non quality on net,Wrist
20252026,Regular,245,1-3-2026,Toronto,6,Seattle,8,shot,1,0:24,24,0,0,,,160,251,,0,63,155,6,FALSE,Non quality on net,Wrist
20252026,Regular,245,1-3-2026,Toronto,6,Seattle,8,shot,1,1:49,109,0,0,,,493,70,,0,49,211,8,FALSE,Non quality on net,Wrist
20252026,Regular,245,1-3-2026,Toronto,6,Seattle,8,shot,1,2:57,177,0,0,,,210,255,,0,44,155,6,FALSE,Non quality on net,Wrist
20252026,Regular,245,1-3-2026,Toronto,6,Seattle,8,shot,1,3:31,211,0,0,,,509,217,,0,34,211,8,FALSE,Quality on net,Wrist
20252026,Regular,245,1-3-2026,Toronto,6,Seattle,8,shot,1,4:18,258,0,0,,,417,270,,0,196,211,8,FALSE,Non quality on net,Wrist
20252026,Regular,245,1-3-2026,Toronto,6,Seattle,8,shot,1,5:09,309,0,0,,,529,153,,0,49,211,8,FALSE,Quality on net,Wrist
20252026,Regular,245,1-3-2026,Toronto,6,Seattle,8,shot,1,5:10,310,0,0,,,542,144,,0,49,211,8,TRUE,Quality goal,Wrist
20252026,Regular,245,1-3-2026,Toronto,6,Seattle,8,shot,1,6:40,400,0,1,,,319,270,,1,196,211,8,FALSE,Non quality on net,Wrist
20252026,Regular,245,1-3-2026,Toronto,6,Seattle,8,shot,1,8:04,484,0,1,,,57,224,,-1,66,155,6,FALSE,Non quality on net,Wrist
20252026,Regular,245,1-3-2026,Toronto,6,Seattle,8,shot,1,8:15,495,0,1,,,506,250,,1,142,211,8,FALSE,Non quality on net,Wrist
20252026,Regular,245,1-3-2026,Toronto,6,Seattle,8,shot,1,11:08,668,0,1,,,95,212,,-1,66,155,6,FALSE,Quality on net,Wrist
20252026,Regular,245,1-3-2026,Toronto,6,Seattle,8,shot,1,11:54,714,0,1,,,519,105,,1,13,211,8,FALSE,Quality on net,Wrist
20252026,Regular,245,1-3-2026,Toronto,6,Seattle,8,shot,1,13:09,789,0,1,,,483,258,,1,142,211,8,FALSE,Non quality on net,Wrist
20252026,Regular,245,1-3-2026,Toronto,6,Seattle,8,shot,1,14:25,865,0,1,,,432,85,,1,138,211,8,FALSE,Non quality on net,Wrist
20252026,Regular,245,1-3-2026,Toronto,6,Seattle,8,shot,1,17:49,1069,0,1,,,482,123,,1,13,211,8,FALSE,Quality on net,Wrist
20252026,Regular,245,1-3-2026,Toronto,6,Seattle,8,shot,1,18:04,1084,0,1,,,426,156,,1,294,211,8,FALSE,Non quality on net,Slap
20252026,Regular,245,1-3-2026,Toronto,6,Seattle,8,shot,1,18:20,1100,0,1,,,518,119,,1,208,211,8,FALSE,Quality on net,Wrist
20252026,Regular,245,1-3-2026,Toronto,6,Seattle,8,shot,1,19:45,1185,0,1,,,158,129,,-1,63,155,6,FALSE,Non quality on net,Wrist
20252026,Regular,245,1-3-2026,Toronto,6,Seattle,8,shot,1,19:59,1199,0,1,,,123,209,,-1,63,155,6,FALSE,Quality on net,Wrist
20252026,Regular,245,1-3-2026,Toronto,6,Seattle,8,shot,2,0:55,1255,0,1,,,73,117,,-1,100,155,6,TRUE,Quality goal,Wrist
20252026,Regular,245,1-3-2026,Toronto,6,Seattle,8,shot,2,2:31,1351,1,1,,,77,177,,0,66,155,6,FALSE,Quality on net,Wrist
20252026,Regular,245,1-3-2026,Toronto,6,Seattle,8,shot,2,3:23,1403,1,1,,,87,166,,0,65,155,6,FALSE,Quality on net,Wrist
20252026,Regular,245,1-3-2026,Toronto,6,Seattle,8,shot,2,3:28,1408,1,1,,,115,135,,0,100,155,6,FALSE,Quality on net,Wrist
20252026,Regular,245,1-3-2026,Toronto,6,Seattle,8,shot,2,4:26,1466,1,1,,,536,97,,0,138,211,8,FALSE,Non quality on net,Wrist
20252026,Regular,245,1-3-2026,Toronto,6,Seattle,8,shot,2,4:54,1494,1,1,,,81,78,,0,44,155,6,FALSE,Non quality on net,Wrist
20252026,Regular,245,1-3-2026,Toronto,6,Seattle,8,shot,2,6:06,1566,1,1,,,419,205,,0,203,211,8,FALSE,Non quality on net,Slap
20252026,Regular,245,1-3-2026,Toronto,6,Seattle,8,shot,2,7:11,1631,1,1,,,101,108,,0,317,155,6,FALSE,Quality on net,Snap
20252026,Regular,245,1-3-2026,Toronto,6,Seattle,8,shot,2,7:16,1636,1,1,,,94,153,,0,100,155,6,FALSE,Quality on net,Backhand
20252026,Regular,245,1-3-2026,Toronto,6,Seattle,8,shot,2,7:49,1669,1,1,,,56,183,,0,56,155,6,FALSE,Non quality on net,Wrist
20252026,Regular,245,1-3-2026,Toronto,6,Seattle,8,shot,2,8:21,1701,1,1,,,488,115,,0,138,211,8,FALSE,Quality on net,Wrist
20252026,Regular,245,1-3-2026,Toronto,6,Seattle,8,shot,2,8:49,1729,1,1,,,453,57,,0,138,211,8,FALSE,Non quality on net,Wrist
20252026,Regular,245,1-3-2026,Toronto,6,Seattle,8,shot,2,9:25,1765,1,1,,,453,222,,0,196,211,8,FALSE,Non quality on net,Wrist
20252026,Regular,245,1-3-2026,Toronto,6,Seattle,8,shot,2,9:31,1771,1,1,,,432,97,,0,203,211,8,FALSE,Non quality on net,Wrist
20252026,Regular,245,1-3-2026,Toronto,6,Seattle,8,shot,2,11:18,1878,1,1,,,101,95,,0,317,155,6,FALSE,Quality on net,Wrist
20252026,Regular,245,1-3-2026,Toronto,6,Seattle,8,shot,2,12:12,1932,1,1,,,51,127,,0,65,155,6,FALSE,Quality on net,Wrist
20252026,Regular,245,1-3-2026,Toronto,6,Seattle,8,shot,2,12:17,1937,1,1,,,25,119,,0,65,155,6,FALSE,Non quality on net,Wrist
20252026,Regular,245,1-3-2026,Toronto,6,Seattle,8,shot,2,12:53,1973,1,1,,,474,73,,0,142,211,8,FALSE,Non quality on net,Slap
20252026,Regular,245,1-3-2026,Toronto,6,Seattle,8,shot,2,13:17,1997,1,1,,,96,239,,0,63,155,6,FALSE,Non quality on net,Wrist
20252026,Regular,245,1-3-2026,Toronto,6,Seattle,8,shot,2,13:31,2011,1,1,,,171,78,,0,67,155,6,FALSE,Non quality on net,Default
20252026,Regular,245,1-3-2026,Toronto,6,Seattle,8,shot,2,14:27,2067,1,1,,,131,240,,0,313,155,6,FALSE,Non quality on net,Wrist
20252026,Regular,245,1-3-2026,Toronto,6,Seattle,8,shot,2,17:29,2249,1,1,,,478,177,,0,224,211,8,FALSE,Quality on net,Wrist
20252026,Regular,245,1-3-2026,Toronto,6,Seattle,8,shot,3,1:36,2496,1,1,,,522,195,,0,181,211,8,FALSE,Quality on net,Wrist
20252026,Regular,245,1-3-2026,Toronto,6,Seattle,8,shot,3,1:51,2511,1,1,,,51,127,,0,73,155,6,FALSE,Quality on net,Wrist
20252026,Regular,245,1-3-2026,Toronto,6,Seattle,8,shot,3,3:26,2606,1,1,,,477,204,,0,13,211,8,FALSE,Quality on net,Slap
20252026,Regular,245,1-3-2026,Toronto,6,Seattle,8,shot,3,4:31,2671,1,1,,,499,69,,0,13,211,8,FALSE,Non quality on net,Snap
20252026,Regular,245,1-3-2026,Toronto,6,Seattle,8,shot,3,4:35,2675,1,1,,,403,174,,0,210,211,8,FALSE,Non quality on net,Wrist
20252026,Regular,245,1-3-2026,Toronto,6,Seattle,8,shot,3,5:01,2701,1,1,,,426,138,,0,36,211,8,FALSE,Non quality on net,Snap
20252026,Regular,245,1-3-2026,Toronto,6,Seattle,8,shot,3,6:14,2774,1,1,,,536,41,,0,138,211,8,FALSE,Non quality on net,Snap
20252026,Regular,245,1-3-2026,Toronto,6,Seattle,8,shot,3,7:44,2864,1,1,,,537,158,,0,36,211,8,FALSE,Quality on net,Wrist
20252026,Regular,245,1-3-2026,Toronto,6,Seattle,8,shot,3,7:49,2869,1,1,,,538,130,,0,181,211,8,FALSE,Quality on net,Wrist
20252026,Regular,245,1-3-2026,Toronto,6,Seattle,8,shot,3,9:03,2943,1,1,,,119,25,,0,68,155,6,FALSE,Non quality on net,Snap
20252026,Regular,245,1-3-2026,Toronto,6,Seattle,8,shot,3,9:06,2946,1,1,,,90,288,,0,56,155,6,FALSE,Non quality on net,Wrist
20252026,Regular,245,1-3-2026,Toronto,6,Seattle,8,shot,3,9:54,2994,1,1,,,196,145,,0,76,155,6,FALSE,Non quality on net,Snap
20252026,Regular,245,1-3-2026,Toronto,6,Seattle,8,shot,3,9:55,2995,1,1,,,54,173,,0,63,155,6,TRUE,Quality goal,Wrist
20252026,Regular,245,1-3-2026,Toronto,6,Seattle,8,shot,3,13:01,3181,2,1,,,392,226,,-1,196,211,8,FALSE,Non quality on net,Snap
20252026,Regular,245,1-3-2026,Toronto,6,Seattle,8,shot,3,14:36,3276,2,1,,,319,135,,1,44,155,6,FALSE,Non quality on net,Wrist
20252026,Regular,245,1-3-2026,Toronto,6,Seattle,8,shot,3,15:38,3338,2,1,,,521,256,,-1,210,211,8,FALSE,Non quality on net,Wrist
20252026,Regular,245,1-3-2026,Toronto,6,Seattle,8,shot,3,15:39,3339,2,1,,,545,157,,-1,34,211,8,TRUE,Quality goal,Wrist
20252026,Regular,245,1-3-2026,Toronto,6,Seattle,8,shot,3,16:18,3378,2,2,,,456,100,,0,99,211,8,FALSE,Quality on net,Wrist
20252026,Regular,245,1-3-2026,Toronto,6,Seattle,8,shot,3,16:53,3413,2,2,,,58,71,,0,76,155,6,FALSE,Non quality on net,Wrist
20252026,Regular,245,1-3-2026,Toronto,6,Seattle,8,shot,3,17:19,3439,2,2,,,466,57,,0,210,211,8,FALSE,Non quality on net,Wrist
20252026,Regular,245,1-3-2026,Toronto,6,Seattle,8,shot,3,19:07,3547,2,2,,,98,80,,0,317,155,6,FALSE,Quality on net,Snap
20252026,Regular,245,1-3-2026,Toronto,6,Seattle,8,shot,4,1:35,3695,2,2,,,543,183,,0,181,211,8,FALSE,Quality on net,Snap
20252026,Regular,245,1-3-2026,Toronto,6,Seattle,8,shot,4,1:48,3708,2,2,,,559,185,,0,181,211,8,FALSE,Non quality on net,Wrist
20252026,Regular,245,1-3-2026,Toronto,6,Seattle,8,shot,4,3:45,3825,2,2,,,516,200,,0,13,211,8,FALSE,Quality on net,Slap
20252026,Regular,245,1-3-2026,Toronto,6,Seattle,8,shot,4,4:45,3885,2,2,,,536,130,,0,138,211,8,FALSE,Quality on net,Snap
20252026,Regular,246,1-3-2026,Boston,1,Vancouver,9,shot,1,0:59,59,0,0,,,104,97,,0,15,59,1,FALSE,Quality on net,Tip
20252026,Regular,246,1-3-2026,Boston,1,Vancouver,9,shot,1,1:23,83,0,0,,,121,69,,0,15,59,1,FALSE,Non quality on net,Wrist
20252026,Regular,246,1-3-2026,Boston,1,Vancouver,9,shot,1,1:36,96,0,0,,,65,149,,0,78,59,1,FALSE,Quality on net,Tip
20252026,Regular,246,1-3-2026,Boston,1,Vancouver,9,shot,1,3:39,219,0,0,,,161,255,,0,52,59,1,FALSE,Non quality on net,Wrist
20252026,Regular,246,1-3-2026,Boston,1,Vancouver,9,shot,1,3:40,220,0,0,,,84,133,,0,17,59,1,FALSE,Quality on net,Wrist
20252026,Regular,246,1-3-2026,Boston,1,Vancouver,9,shot,1,4:22,262,0,0,,,92,170,,0,256,59,1,TRUE,Quality goal,Wrist
20252026,Regular,246,1-3-2026,Boston,1,Vancouver,9,shot,1,4:45,285,1,0,,,507,138,,-1,89,6,9,TRUE,Quality goal,Wrist
20252026,Regular,246,1-3-2026,Boston,1,Vancouver,9,shot,1,7:03,423,1,1,,,555,137,,0,227,6,9,FALSE,Quality on net,Wrist
20252026,Regular,246,1-3-2026,Boston,1,Vancouver,9,shot,1,7:38,458,1,1,,,88,166,,0,78,59,1,TRUE,Quality goal,Wrist
20252026,Regular,246,1-3-2026,Boston,1,Vancouver,9,shot,1,8:39,519,2,1,,,96,95,,1,183,59,1,FALSE,Quality on net,Wrist
20252026,Regular,246,1-3-2026,Boston,1,Vancouver,9,shot,1,9:03,543,2,1,,,527,195,,-1,209,6,9,FALSE,Quality on net,Wrist
20252026,Regular,246,1-3-2026,Boston,1,Vancouver,9,shot,1,9:41,581,2,1,,,71,148,,1,243,59,1,FALSE,Quality on net,Tip
20252026,Regular,246,1-3-2026,Boston,1,Vancouver,9,shot,1,9:51,591,2,1,,,95,123,,1,256,59,1,FALSE,Quality on net,Wrist
20252026,Regular,246,1-3-2026,Boston,1,Vancouver,9,shot,1,12:56,776,2,1,,,111,100,,1,15,59,1,FALSE,Quality on net,Wrist
20252026,Regular,246,1-3-2026,Boston,1,Vancouver,9,shot,1,12:58,778,2,1,,,57,191,,1,15,59,1,FALSE,Non quality on net,Backhand
20252026,Regular,246,1-3-2026,Boston,1,Vancouver,9,shot,1,13:39,819,2,1,,,82,82,,1,12,59,1,FALSE,Non quality on net,Slap
20252026,Regular,246,1-3-2026,Boston,1,Vancouver,9,shot,1,15:55,955,2,1,,,417,227,,-1,11,6,9,FALSE,Non quality on net,Wrist
20252026,Regular,246,1-3-2026,Boston,1,Vancouver,9,shot,1,17:32,1052,2,1,,,64,202,,1,256,59,1,FALSE,Non quality on net,Wrist
20252026,Regular,246,1-3-2026,Boston,1,Vancouver,9,shot,1,17:36,1056,2,1,,,141,224,,1,256,59,1,FALSE,Quality on net,Wrist
20252026,Regular,246,1-3-2026,Boston,1,Vancouver,9,shot,1,17:50,1070,2,1,,,37,97,,1,243,59,1,FALSE,Non quality on net,Wrist
20252026,Regular,246,1-3-2026,Boston,1,Vancouver,9,shot,2,0:58,1258,2,1,,,92,74,,1,16,59,1,FALSE,Non quality on net,Wrist
20252026,Regular,246,1-3-2026,Boston,1,Vancouver,9,shot,2,1:31,1291,2,1,,,540,103,,-1,198,6,9,FALSE,Non quality on net,Wrist
20252026,Regular,246,1-3-2026,Boston,1,Vancouver,9,shot,2,4:07,1447,2,1,,,531,148,,-1,209,6,9,FALSE,Quality on net,Tip
20252026,Regular,246,1-3-2026,Boston,1,Vancouver,9,shot,2,8:06,1686,2,1,,,128,219,,1,12,59,1,FALSE,Quality on net,Slap
20252026,Regular,246,1-3-2026,Boston,1,Vancouver,9,shot,2,10:29,1829,2,1,,,318,27,,-1,252,6,9,FALSE,Non quality on net,Wrist
20252026,Regular,246,1-3-2026,Boston,1,Vancouver,9,shot,2,13:30,2010,2,1,,,111,205,,1,243,59,1,FALSE,Quality on net,Wrist
20252026,Regular,246,1-3-2026,Boston,1,Vancouver,9,shot,2,13:54,2034,2,1,,,142,61,,1,78,59,1,FALSE,Non quality on net,Wrist
20252026,Regular,246,1-3-2026,Boston,1,Vancouver,9,shot,2,15:09,2109,2,1,,,527,190,,-1,180,6,9,FALSE,Quality on net,Wrist
20252026,Regular,246,1-3-2026,Boston,1,Vancouver,9,shot,2,15:10,2110,2,1,,,525,141,,-1,161,6,9,FALSE,Quality on net,Wrist
20252026,Regular,246,1-3-2026,Boston,1,Vancouver,9,shot,2,15:45,2145,2,1,,,131,184,,1,78,59,1,FALSE,Quality on net,Wrist
20252026,Regular,246,1-3-2026,Boston,1,Vancouver,9,shot,2,19:03,2343,2,1,,,99,208,,1,17,59,1,FALSE,Quality on net,Snap
20252026,Regular,246,1-3-2026,Boston,1,Vancouver,9,shot,2,19:36,2376,2,1,,,81,184,,-1,198,6,9,FALSE,Quality on net,Wrist
20252026,Regular,246,1-3-2026,Boston,1,Vancouver,9,shot,3,0:19,2419,2,1,,,90,133,,1,16,59,1,TRUE,Quality goal,Snap
20252026,Regular,246,1-3-2026,Boston,1,Vancouver,9,shot,3,0:48,2448,3,1,,,114,218,,2,256,59,1,FALSE,Quality on net,Slap
20252026,Regular,246,1-3-2026,Boston,1,Vancouver,9,shot,3,1:12,2472,3,1,,,477,128,,-2,252,6,9,FALSE,Quality on net,Slap
20252026,Regular,246,1-3-2026,Boston,1,Vancouver,9,shot,3,1:59,2519,3,1,,,411,184,,-2,11,6,9,FALSE,Non quality on net,Wrist
20252026,Regular,246,1-3-2026,Boston,1,Vancouver,9,shot,3,3:25,2605,3,1,,,453,86,,-2,227,6,9,FALSE,Non quality on net,Wrist
20252026,Regular,246,1-3-2026,Boston,1,Vancouver,9,shot,3,4:06,2646,3,1,,,423,186,,-2,252,6,9,FALSE,Non quality on net,Wrist
20252026,Regular,246,1-3-2026,Boston,1,Vancouver,9,shot,3,4:20,2660,3,1,,,517,210,,-2,115,6,9,FALSE,Non quality on net,Wrist
20252026,Regular,246,1-3-2026,Boston,1,Vancouver,9,shot,3,4:21,2661,3,1,,,522,113,,-2,169,6,9,TRUE,Quality goal,Wrist
20252026,Regular,246,1-3-2026,Boston,1,Vancouver,9,shot,3,4:34,2674,3,2,,,533,154,,-1,89,6,9,FALSE,Quality on net,Tip
20252026,Regular,246,1-3-2026,Boston,1,Vancouver,9,shot,3,5:55,2755,3,2,,,69,155,,1,15,59,1,FALSE,Quality on net,Tip
20252026,Regular,246,1-3-2026,Boston,1,Vancouver,9,shot,3,8:01,2881,3,2,,,158,159,,-1,11,6,9,TRUE,Non quality goal,Default
20252026,Regular,246,1-3-2026,Boston,1,Vancouver,9,shot,3,11:31,3091,3,3,,,123,165,,0,209,6,9,TRUE,Quality goal,Default
20252026,Regular,246,1-3-2026,Boston,1,Vancouver,9,shot,3,12:16,3136,3,4,,,128,101,,-1,256,59,1,FALSE,Quality on net,Wrist
20252026,Regular,246,1-3-2026,Boston,1,Vancouver,9,shot,3,14:13,3253,3,4,,,435,216,,1,50,6,9,FALSE,Non quality on net,Slap
20252026,Regular,246,1-3-2026,Boston,1,Vancouver,9,shot,3,15:45,3345,3,4,,,89,232,,-1,16,59,1,FALSE,Non quality on net,Wrist
20252026,Regular,246,1-3-2026,Boston,1,Vancouver,9,shot,3,16:08,3368,3,4,,,553,170,,1,114,6,9,FALSE,Quality on net,Wrist
20252026,Regular,247,1-4-2026,Montréal,3,Minnesota,2,shot,1,2:23,143,0,0,,,147,118,,0,4,123,3,FALSE,Non quality on net,Wrist
20252026,Regular,247,1-4-2026,Montréal,3,Minnesota,2,shot,1,2:26,146,0,0,,,44,123,,0,157,123,3,FALSE,Non quality on net,Wrist
20252026,Regular,247,1-4-2026,Montréal,3,Minnesota,2,shot,1,2:58,178,0,0,,,178,111,,0,20,28,2,FALSE,Non quality on net,Wrist
20252026,Regular,247,1-4-2026,Montréal,3,Minnesota,2,shot,1,3:18,198,0,0,,,116,17,,0,32,123,3,FALSE,Non quality on net,Wrist
20252026,Regular,247,1-4-2026,Montréal,3,Minnesota,2,shot,1,8:15,495,0,0,,,391,72,,0,188,28,2,FALSE,Non quality on net,Wrist
20252026,Regular,247,1-4-2026,Montréal,3,Minnesota,2,shot,1,11:17,677,0,0,,,131,231,,0,79,123,3,FALSE,Non quality on net,Wrist
20252026,Regular,247,1-4-2026,Montréal,3,Minnesota,2,shot,1,13:43,823,0,0,,,106,225,,0,42,123,3,FALSE,Quality on net,Wrist
20252026,Regular,247,1-4-2026,Montréal,3,Minnesota,2,shot,1,16:01,961,0,0,,,534,210,,0,21,28,2,FALSE,Non quality on net,Tip
20252026,Regular,247,1-4-2026,Montréal,3,Minnesota,2,shot,1,16:14,974,0,0,,,522,109,,0,20,28,2,FALSE,Quality on net,Snap
20252026,Regular,247,1-4-2026,Montréal,3,Minnesota,2,shot,1,16:39,999,0,0,,,534,145,,0,195,28,2,FALSE,Quality on net,Wrist
20252026,Regular,247,1-4-2026,Montréal,3,Minnesota,2,shot,1,17:45,1065,0,0,,,400,158,,0,236,28,2,FALSE,Non quality on net,Wrist
20252026,Regular,247,1-4-2026,Montréal,3,Minnesota,2,shot,1,18:10,1090,0,0,,,501,155,,0,236,28,2,FALSE,Quality on net,Snap
20252026,Regular,247,1-4-2026,Montréal,3,Minnesota,2,shot,1,18:12,1092,0,0,,,524,141,,0,247,28,2,FALSE,Quality on net,Backhand
20252026,Regular,247,1-4-2026,Montréal,3,Minnesota,2,shot,1,18:24,1104,0,0,,,56,123,,0,4,123,3,FALSE,Quality on net,Backhand
20252026,Regular,247,1-4-2026,Montréal,3,Minnesota,2,shot,1,18:47,1127,0,0,,,36,125,,0,274,123,3,FALSE,Non quality on net,Backhand
20252026,Regular,247,1-4-2026,Montréal,3,Minnesota,2,shot,1,19:26,1166,0,0,,,497,96,,0,25,28,2,FALSE,Quality on net,Wrist
20252026,Regular,247,1-4-2026,Montréal,3,Minnesota,2,shot,2,0:27,1227,0,0,,,57,277,,0,31,123,3,FALSE,Non quality on net,Wrist
20252026,Regular,247,1-4-2026,Montréal,3,Minnesota,2,shot,2,1:09,1269,0,0,,,493,69,,0,188,28,2,TRUE,Non quality goal,Wrist
20252026,Regular,247,1-4-2026,Montréal,3,Minnesota,2,shot,2,4:00,1440,0,1,,,164,243,,-1,274,123,3,FALSE,Non quality on net,Wrist
20252026,Regular,247,1-4-2026,Montréal,3,Minnesota,2,shot,2,5:43,1543,0,1,,,115,145,,-1,157,123,3,FALSE,Quality on net,Snap
20252026,Regular,247,1-4-2026,Montréal,3,Minnesota,2,shot,2,6:21,1581,0,1,,,112,66,,-1,274,123,3,FALSE,Non quality on net,Wrist
20252026,Regular,247,1-4-2026,Montréal,3,Minnesota,2,shot,2,7:02,1622,0,1,,,92,75,,-1,32,123,3,FALSE,Non quality on net,Wrist
20252026,Regular,247,1-4-2026,Montréal,3,Minnesota,2,shot,2,7:49,1669,0,1,,,76,220,,-1,42,123,3,FALSE,Non quality on net,Wrist
20252026,Regular,247,1-4-2026,Montréal,3,Minnesota,2,shot,2,8:15,1695,0,1,,,113,101,,-1,253,123,3,FALSE,Quality on net,Wrist
20252026,Regular,247,1-4-2026,Montréal,3,Minnesota,2,shot,2,8:35,1715,0,1,,,133,255,,1,191,28,2,FALSE,Non quality on net,Default
20252026,Regular,247,1-4-2026,Montréal,3,Minnesota,2,shot,2,9:23,1763,0,1,,,205,136,,-1,79,123,3,FALSE,Non quality on net,Slap
20252026,Regular,247,1-4-2026,Montréal,3,Minnesota,2,shot,2,11:04,1864,0,1,,,87,170,,-1,32,123,3,FALSE,Quality on net,Tip
20252026,Regular,247,1-4-2026,Montréal,3,Minnesota,2,shot,2,11:34,1894,0,1,,,59,193,,-1,42,123,3,FALSE,Non quality on net,Backhand
20252026,Regular,247,1-4-2026,Montréal,3,Minnesota,2,shot,2,13:16,1996,0,1,,,518,69,,1,247,28,2,FALSE,Non quality on net,Snap
20252026,Regular,247,1-4-2026,Montréal,3,Minnesota,2,shot,2,14:40,2080,0,1,,,45,138,,-1,84,123,3,FALSE,Quality on net,Backhand
20252026,Regular,247,1-4-2026,Montréal,3,Minnesota,2,shot,2,14:52,2092,0,1,,,507,171,,1,104,28,2,FALSE,Quality on net,Tip
20252026,Regular,247,1-4-2026,Montréal,3,Minnesota,2,shot,2,17:40,2260,0,1,,,100,262,,-1,35,123,3,FALSE,Non quality on net,Wrist
20252026,Regular,247,1-4-2026,Montréal,3,Minnesota,2,shot,3,1:02,2462,0,1,,,397,279,,1,20,28,2,FALSE,Non quality on net,Backhand
20252026,Regular,247,1-4-2026,Montréal,3,Minnesota,2,shot,3,2:39,2559,0,1,,,477,228,,1,263,28,2,FALSE,Non quality on net,Wrist
20252026,Regular,247,1-4-2026,Montréal,3,Minnesota,2,shot,3,2:53,2573,0,1,,,205,229,,-1,39,123,3,FALSE,Non quality on net,Tip
20252026,Regular,247,1-4-2026,Montréal,3,Minnesota,2,shot,3,3:40,2620,0,1,,,39,122,,-1,128,123,3,FALSE,Non quality on net,Wrist
20252026,Regular,247,1-4-2026,Montréal,3,Minnesota,2,shot,3,3:42,2622,0,1,,,96,165,,-1,61,123,3,FALSE,Quality on net,Backhand
20252026,Regular,247,1-4-2026,Montréal,3,Minnesota,2,shot,3,4:33,2673,0,1,,,187,144,,-1,39,123,3,FALSE,Non quality on net,Wrist
20252026,Regular,247,1-4-2026,Montréal,3,Minnesota,2,shot,3,5:27,2727,0,1,,,501,21,,-1,32,123,3,FALSE,Non quality on net,Snap
20252026,Regular,247,1-4-2026,Montréal,3,Minnesota,2,shot,3,7:24,2844,0,1,,,408,33,,1,167,28,2,FALSE,Non quality on net,Wrist
20252026,Regular,247,1-4-2026,Montréal,3,Minnesota,2,shot,3,7:32,2852,0,1,,,282,10,,-1,51,123,3,FALSE,Non quality on net,Wrist
20252026,Regular,247,1-4-2026,Montréal,3,Minnesota,2,shot,3,8:05,2885,0,1,,,138,255,,-1,42,123,3,FALSE,Non quality on net,Wrist
20252026,Regular,247,1-4-2026,Montréal,3,Minnesota,2,shot,3,8:23,2903,0,1,,,64,122,,-1,31,123,3,TRUE,Quality goal,Backhand
20252026,Regular,247,1-4-2026,Montréal,3,Minnesota,2,shot,3,9:29,2969,1,1,,,468,208,,0,247,28,2,FALSE,Quality on net,Snap
20252026,Regular,247,1-4-2026,Montréal,3,Minnesota,2,shot,3,9:42,2982,1,1,,,203,187,,0,79,123,3,FALSE,Non quality on net,Wrist
20252026,Regular,247,1-4-2026,Montréal,3,Minnesota,2,shot,3,11:44,3104,1,1,,,459,218,,0,104,28,2,FALSE,Quality on net,Wrist
20252026,Regular,247,1-4-2026,Montréal,3,Minnesota,2,shot,3,12:39,3159,1,1,,,130,91,,0,32,123,3,FALSE,Quality on net,Snap
20252026,Regular,247,1-4-2026,Montréal,3,Minnesota,2,shot,3,13:22,3202,1,1,,,27,166,,0,32,123,3,FALSE,Non quality on net,Wrist
20252026,Regular,247,1-4-2026,Montréal,3,Minnesota,2,shot,3,13:48,3228,1,1,,,61,180,,0,157,123,3,FALSE,Quality on net,Snap
20252026,Regular,247,1-4-2026,Montréal,3,Minnesota,2,shot,3,15:20,3320,1,1,,,158,175,,0,4,123,3,FALSE,Non quality on net,Snap
20252026,Regular,247,1-4-2026,Montréal,3,Minnesota,2,shot,3,15:26,3326,1,1,,,125,171,,0,98,123,3,FALSE,Quality on net,Snap
20252026,Regular,247,1-4-2026,Montréal,3,Minnesota,2,shot,3,15:50,3350,1,1,,,544,159,,0,189,28,2,FALSE,Quality on net,Tip
20252026,Regular,247,1-4-2026,Montréal,3,Minnesota,2,shot,3,16:02,3362,1,1,,,394,183,,0,167,28,2,FALSE,Non quality on net,Wrist
20252026,Regular,247,1-4-2026,Montréal,3,Minnesota,2,shot,3,18:10,3490,1,1,,,512,154,,0,20,28,2,TRUE,Quality goal,Snap
20252026,Regular,247,1-4-2026,Montréal,3,Minnesota,2,shot,3,19:31,3571,1,2,,,35,189,,-1,42,123,3,TRUE,Non quality goal,Tip
20252026,Regular,247,1-4-2026,Montréal,3,Minnesota,2,shot,4,0:53,3653,2,2,,,105,207,,0,32,123,3,FALSE,Quality on net,Snap
20252026,Regular,247,1-4-2026,Montréal,3,Minnesota,2,shot,4,1:48,3708,2,2,,,108,69,,0,98,123,3,FALSE,Non quality on net,Snap
20252026,Regular,247,1-4-2026,Montréal,3,Minnesota,2,shot,4,2:12,3732,2,2,,,86,273,,0,253,123,3,FALSE,Non quality on net,Wrist
20252026,Regular,247,1-4-2026,Montréal,3,Minnesota,2,shot,4,3:22,3802,2,2,,,63,105,,0,31,123,3,TRUE,Non quality goal,Backhand
20252026,Regular,248,1-6-2026,Toronto,6,New York,4,shot,1,0:26,26,0,0,,,407,57,,0,249,85,4,FALSE,Non quality on net,Wrist
20252026,Regular,248,1-6-2026,Toronto,6,New York,4,shot,1,0:50,50,0,0,,,461,112,,0,285,85,4,FALSE,Quality on net,Wrist
20252026,Regular,248,1-6-2026,Toronto,6,New York,4,shot,1,1:02,62,0,0,,,91,141,,0,100,228,6,FALSE,Quality on net,Wrist
20252026,Regular,248,1-6-2026,Toronto,6,New York,4,shot,1,3:00,180,0,0,,,169,242,,0,44,228,6,FALSE,Non quality on net,Wrist
20252026,Regular,248,1-6-2026,Toronto,6,New York,4,shot,1,3:12,192,0,0,,,190,255,,0,44,228,6,FALSE,Non quality on net,Wrist
20252026,Regular,248,1-6-2026,Toronto,6,New York,4,shot,1,3:17,197,0,0,,,199,216,,0,44,228,6,FALSE,Non quality on net,Wrist
20252026,Regular,248,1-6-2026,Toronto,6,New York,4,shot,1,4:34,274,0,0,,,204,78,,0,200,228,6,FALSE,Non quality on net,Wrist
20252026,Regular,248,1-6-2026,Toronto,6,New York,4,shot,1,4:35,275,0,0,,,64,113,,0,100,228,6,FALSE,Quality on net,Default
20252026,Regular,248,1-6-2026,Toronto,6,New York,4,shot,1,5:58,358,0,0,,,207,152,,0,200,228,6,FALSE,Non quality on net,Default
20252026,Regular,248,1-6-2026,Toronto,6,New York,4,shot,1,6:39,399,0,0,,,563,87,,0,45,85,4,FALSE,Non quality on net,Snap
20252026,Regular,248,1-6-2026,Toronto,6,New York,4,shot,1,7:53,473,0,0,,,51,203,,0,100,228,6,FALSE,Non quality on net,Backhand
20252026,Regular,248,1-6-2026,Toronto,6,New York,4,shot,1,8:47,527,0,0,,,433,98,,0,207,85,4,FALSE,Non quality on net,Wrist
20252026,Regular,248,1-6-2026,Toronto,6,New York,4,shot,1,9:30,570,0,0,,,539,197,,0,207,85,4,FALSE,Non quality on net,Wrist
20252026,Regular,248,1-6-2026,Toronto,6,New York,4,shot,1,10:53,653,0,0,,,525,87,,0,30,85,4,FALSE,Non quality on net,Snap
20252026,Regular,248,1-6-2026,Toronto,6,New York,4,shot,1,15:01,901,0,0,,,141,103,,0,76,228,6,FALSE,Quality on net,Snap
20252026,Regular,248,1-6-2026,Toronto,6,New York,4,shot,1,16:19,979,0,0,,,73,141,,0,244,228,6,FALSE,Quality on net,Snap
20252026,Regular,248,1-6-2026,Toronto,6,New York,4,shot,1,19:01,1141,0,0,,,363,102,,0,205,85,4,FALSE,Non quality on net,Default
20252026,Regular,248,1-6-2026,Toronto,6,New York,4,shot,1,19:07,1147,0,0,,,415,222,,0,245,85,4,FALSE,Non quality on net,Wrist
20252026,Regular,248,1-6-2026,Toronto,6,New York,4,shot,2,1:11,1271,0,0,,,201,273,,0,56,228,6,FALSE,Non quality on net,Default
20252026,Regular,248,1-6-2026,Toronto,6,New York,4,shot,2,2:42,1362,0,0,,,509,192,,0,280,85,4,FALSE,Quality on net,Wrist
20252026,Regular,248,1-6-2026,Toronto,6,New York,4,shot,2,2:50,1370,0,0,,,520,121,,0,245,85,4,TRUE,Quality goal,Tip
20252026,Regular,248,1-6-2026,Toronto,6,New York,4,shot,2,3:45,1425,0,1,,,398,228,,1,229,85,4,FALSE,Non quality on net,Wrist
20252026,Regular,248,1-6-2026,Toronto,6,New York,4,penaltyshot,2,3:53,1433,0,1,,,,,,1,245,85,4,FALSE,,
20252026,Regular,248,1-6-2026,Toronto,6,New York,4,shot,2,8:31,1711,0,1,,,477,98,,1,205,85,4,FALSE,Quality on net,Wrist
20252026,Regular,248,1-6-2026,Toronto,6,New York,4,shot,2,8:55,1735,0,1,,,158,61,,-1,67,228,6,FALSE,Non quality on net,Wrist
20252026,Regular,248,1-6-2026,Toronto,6,New York,4,shot,2,9:50,1790,0,1,,,186,231,,-1,68,228,6,FALSE,Non quality on net,Wrist
20252026,Regular,248,1-6-2026,Toronto,6,New York,4,shot,2,10:52,1852,0,1,,,513,64,,1,87,85,4,FALSE,Non quality on net,Wrist
20252026,Regular,248,1-6-2026,Toronto,6,New York,4,shot,2,13:34,2014,0,1,,,547,227,,-1,200,228,6,FALSE,Non quality on net,Wrist
20252026,Regular,248,1-6-2026,Toronto,6,New York,4,shot,2,14:41,2081,0,1,,,99,100,,-1,65,228,6,FALSE,Quality on net,Wrist
20252026,Regular,248,1-6-2026,Toronto,6,New York,4,shot,2,14:48,2088,0,1,,,71,93,,-1,63,228,6,FALSE,Non quality on net,Slap
20252026,Regular,248,1-6-2026,Toronto,6,New York,4,shot,2,16:38,2198,0,1,,,191,35,,-1,200,228,6,FALSE,Non quality on net,Wrist
20252026,Regular,248,1-6-2026,Toronto,6,New York,4,shot,2,16:43,2203,0,1,,,85,265,,-1,313,228,6,FALSE,Non quality on net,Default
20252026,Regular,248,1-6-2026,Toronto,6,New York,4,shot,2,19:15,2355,0,1,,,158,41,,-1,68,228,6,FALSE,Non quality on net,Tip
20252026,Regular,248,1-6-2026,Toronto,6,New York,4,shot,2,19:57,2397,0,1,,,409,198,,1,280,85,4,FALSE,Non quality on net,Wrist
20252026,Regular,248,1-6-2026,Toronto,6,New York,4,shot,3,1:07,2467,0,1,,,189,90,,-1,67,228,6,FALSE,Non quality on net,Wrist
20252026,Regular,248,1-6-2026,Toronto,6,New York,4,shot,3,1:28,2488,0,1,,,191,111,,-1,316,228,6,FALSE,Non quality on net,Wrist
20252026,Regular,248,1-6-2026,Toronto,6,New York,4,shot,3,3:04,2584,0,1,,,500,89,,1,204,85,4,FALSE,Quality on net,Snap
20252026,Regular,248,1-6-2026,Toronto,6,New York,4,shot,3,3:12,2592,0,1,,,477,111,,1,40,85,4,FALSE,Quality on net,Wrist
20252026,Regular,248,1-6-2026,Toronto,6,New York,4,shot,3,4:33,2673,0,1,,,61,182,,-1,100,228,6,FALSE,Quality on net,Wrist
20252026,Regular,248,1-6-2026,Toronto,6,New York,4,shot,3,5:28,2728,0,1,,,82,123,,-1,76,228,6,FALSE,Quality on net,Wrist
20252026,Regular,248,1-6-2026,Toronto,6,New York,4,shot,3,5:34,2734,0,1,,,100,207,,-1,86,228,6,FALSE,Quality on net,Wrist
20252026,Regular,248,1-6-2026,Toronto,6,New York,4,shot,3,5:54,2754,0,1,,,86,207,,-1,316,228,6,FALSE,Quality on net,Wrist
20252026,Regular,248,1-6-2026,Toronto,6,New York,4,shot,3,7:34,2854,0,1,,,417,68,,1,229,85,4,FALSE,Non quality on net,Slap
20252026,Regular,248,1-6-2026,Toronto,6,New York,4,shot,3,8:13,2893,0,1,,,516,159,,1,205,85,4,FALSE,Quality on net,Wrist
20252026,Regular,248,1-6-2026,Toronto,6,New York,4,shot,3,8:16,2896,0,1,,,537,184,,1,205,85,4,FALSE,Quality on net,Wrist
20252026,Regular,248,1-6-2026,Toronto,6,New York,4,shot,3,12:26,3146,0,1,,,553,214,,1,206,85,4,FALSE,Non quality on net,Snap
20252026,Regular,248,1-6-2026,Toronto,6,New York,4,shot,3,14:24,3264,0,1,,,139,55,,-1,68,228,6,FALSE,Non quality on net,Wrist
20252026,Regular,248,1-6-2026,Toronto,6,New York,4,shot,3,18:18,3498,0,1,,,81,91,,-1,73,228,6,FALSE,Non quality on net,Wrist
20252026,Regular,248,1-6-2026,Toronto,6,New York,4,shot,3,18:57,3537,0,1,,,164,260,,-1,67,228,6,FALSE,Non quality on net,Wrist
20252026,Regular,248,1-6-2026,Toronto,6,New York,4,shot,3,19:23,3563,0,1,,,146,283,,-1,63,228,6,FALSE,Non quality on net,Default
20252026,Regular,248,1-6-2026,Toronto,6,New York,4,shot,3,19:33,3573,0,1,,,195,231,,-1,63,228,6,FALSE,Non quality on net,Wrist
20252026,Regular,248,1-6-2026,Toronto,6,New York,4,shot,3,19:33,3573,0,1,,,58,203,,-1,311,228,6,FALSE,Non quality on net,Wrist
20252026,Regular,248,1-6-2026,Toronto,6,New York,4,shot,3,19:53,3593,0,1,,,223,273,,1,245,0,4,TRUE,Non quality goal,Default
20252026,Regular,249,1-9-2026,Ottawa,5,Vancouver,9,shot,1,1:29,89,0,0,,,543,159,,0,89,222,9,FALSE,Quality on net,Default
20252026,Regular,249,1-9-2026,Ottawa,5,Vancouver,9,shot,1,1:44,104,0,0,,,441,205,,0,11,222,9,FALSE,Non quality on net,Default
20252026,Regular,249,1-9-2026,Ottawa,5,Vancouver,9,shot,1,10:11,611,0,0,,,51,150,,0,286,64,5,FALSE,Quality on net,Default
20252026,Regular,249,1-9-2026,Ottawa,5,Vancouver,9,shot,1,10:12,612,0,0,,,53,118,,0,223,64,5,TRUE,Non quality goal,Default
20252026,Regular,249,1-9-2026,Ottawa,5,Vancouver,9,shot,1,14:06,846,1,0,,,421,243,,-1,252,222,9,FALSE,Non quality on net,Default
20252026,Regular,249,1-9-2026,Ottawa,5,Vancouver,9,shot,1,14:20,860,1,0,,,460,219,,-1,11,222,9,FALSE,Quality on net,Default
20252026,Regular,249,1-9-2026,Ottawa,5,Vancouver,9,shot,1,16:31,991,1,0,,,561,127,,-1,114,222,9,FALSE,Non quality on net,Default
20252026,Regular,249,1-9-2026,Ottawa,5,Vancouver,9,shot,1,17:36,1056,1,0,,,499,208,,-1,50,222,9,FALSE,Quality on net,Default
20252026,Regular,249,1-9-2026,Ottawa,5,Vancouver,9,shot,1,18:09,1089,1,0,,,230,117,,1,38,64,5,FALSE,Non quality on net,Default
20252026,Regular,249,1-9-2026,Ottawa,5,Vancouver,9,shot,1,18:46,1126,1,0,,,52,154,,1,58,64,5,FALSE,Quality on net,Default
20252026,Regular,249,1-9-2026,Ottawa,5,Vancouver,9,shot,2,0:42,1242,1,0,,,461,17,,-1,129,222,9,FALSE,Non quality on net,Default
20252026,Regular,249,1-9-2026,Ottawa,5,Vancouver,9,shot,2,1:30,1290,1,0,,,45,135,,1,286,64,5,FALSE,Quality on net,Default
20252026,Regular,249,1-9-2026,Ottawa,5,Vancouver,9,shot,2,1:37,1297,1,0,,,196,43,,1,242,64,5,FALSE,Non quality on net,Default
20252026,Regular,249,1-9-2026,Ottawa,5,Vancouver,9,shot,2,3:01,1381,1,0,,,66,189,,1,38,64,5,FALSE,Quality on net,Default
20252026,Regular,249,1-9-2026,Ottawa,5,Vancouver,9,shot,2,4:18,1458,1,0,,,417,224,,-1,305,222,9,FALSE,Non quality on net,Default
20252026,Regular,249,1-9-2026,Ottawa,5,Vancouver,9,shot,2,6:21,1581,1,0,,,66,122,,1,57,64,5,FALSE,Quality on net,Default
20252026,Regular,249,1-9-2026,Ottawa,5,Vancouver,9,shot,2,6:28,1588,1,0,,,101,90,,1,240,64,5,FALSE,Quality on net,Default
20252026,Regular,249,1-9-2026,Ottawa,5,Vancouver,9,shot,2,8:53,1733,1,0,,,446,174,,-1,89,222,9,FALSE,Non quality on net,Default
20252026,Regular,249,1-9-2026,Ottawa,5,Vancouver,9,shot,2,9:46,1786,1,0,,,65,154,,1,286,64,5,FALSE,Quality on net,Default
20252026,Regular,249,1-9-2026,Ottawa,5,Vancouver,9,shot,2,10:08,1808,1,0,,,113,82,,1,223,64,5,FALSE,Quality on net,Default
20252026,Regular,249,1-9-2026,Ottawa,5,Vancouver,9,shot,2,11:09,1869,1,0,,,69,251,,1,58,64,5,FALSE,Non quality on net,Default
20252026,Regular,249,1-9-2026,Ottawa,5,Vancouver,9,shot,2,12:48,1968,1,0,,,481,109,,-1,115,222,9,FALSE,Quality on net,Default
20252026,Regular,249,1-9-2026,Ottawa,5,Vancouver,9,shot,2,14:00,2040,1,0,,,537,96,,-1,11,222,9,FALSE,Non quality on net,Default
20252026,Regular,249,1-9-2026,Ottawa,5,Vancouver,9,shot,2,14:33,2073,1,0,,,51,136,,1,220,64,5,FALSE,Quality on net,Default
20252026,Regular,249,1-9-2026,Ottawa,5,Vancouver,9,shot,2,14:50,2090,1,0,,,555,114,,-1,114,222,9,FALSE,Non quality on net,Default
20252026,Regular,249,1-9-2026,Ottawa,5,Vancouver,9,shot,2,14:54,2094,1,0,,,545,181,,-1,198,222,9,FALSE,Quality on net,Default
20252026,Regular,249,1-9-2026,Ottawa,5,Vancouver,9,shot,2,16:13,2173,1,0,,,447,77,,-1,169,222,9,FALSE,Non quality on net,Default
20252026,Regular,249,1-9-2026,Ottawa,5,Vancouver,9,shot,2,16:38,2198,1,0,,,386,194,,-1,11,222,9,FALSE,Non quality on net,Default
20252026,Regular,249,1-9-2026,Ottawa,5,Vancouver,9,shot,2,19:32,2372,1,0,,,96,173,,1,58,64,5,FALSE,Quality on net,Default
20252026,Regular,249,1-9-2026,Ottawa,5,Vancouver,9,shot,2,19:59,2399,1,0,,,126,84,,1,71,64,5,FALSE,Quality on net,Default
20252026,Regular,249,1-9-2026,Ottawa,5,Vancouver,9,shot,3,2:13,2533,1,0,,,69,237,,-1,129,222,9,FALSE,Non quality on net,Default
20252026,Regular,249,1-9-2026,Ottawa,5,Vancouver,9,shot,3,2:53,2573,1,0,,,52,115,,1,57,64,5,FALSE,Non quality on net,Default
20252026,Regular,249,1-9-2026,Ottawa,5,Vancouver,9,shot,3,2:54,2574,1,0,,,60,108,,1,57,64,5,FALSE,Non quality on net,Default
20252026,Regular,249,1-9-2026,Ottawa,5,Vancouver,9,shot,3,5:06,2706,1,0,,,81,123,,1,239,64,5,FALSE,Quality on net,Default
20252026,Regular,249,1-9-2026,Ottawa,5,Vancouver,9,shot,3,5:07,2707,1,0,,,43,129,,1,221,64,5,TRUE,Non quality goal,Default
20252026,Regular,249,1-9-2026,Ottawa,5,Vancouver,9,shot,3,6:22,2782,2,0,,,53,117,,2,53,64,5,FALSE,Non quality on net,Default
20252026,Regular,249,1-9-2026,Ottawa,5,Vancouver,9,shot,3,6:57,2817,2,0,,,540,131,,-2,209,222,9,FALSE,Quality on net,Default
20252026,Regular,249,1-9-2026,Ottawa,5,Vancouver,9,shot,3,8:58,2938,2,0,,,502,74,,-2,198,222,9,FALSE,Non quality on net,Default
20252026,Regular,249,1-9-2026,Ottawa,5,Vancouver,9,shot,3,9:19,2959,2,0,,,536,201,,-2,89,222,9,FALSE,Non quality on net,Default
20252026,Regular,249,1-9-2026,Ottawa,5,Vancouver,9,shot,3,11:13,3073,2,0,,,524,194,,-2,11,222,9,TRUE,Quality goal,Default
20252026,Regular,249,1-9-2026,Ottawa,5,Vancouver,9,shot,3,12:36,3156,2,1,,,165,67,,1,242,64,5,FALSE,Non quality on net,Default
20252026,Regular,249,1-9-2026,Ottawa,5,Vancouver,9,shot,3,14:31,3271,2,1,,,39,133,,1,223,64,5,FALSE,Non quality on net,Default
20252026,Regular,249,1-9-2026,Ottawa,5,Vancouver,9,shot,3,14:43,3283,2,1,,,513,78,,-1,161,222,9,FALSE,Non quality on net,Default
20252026,Regular,249,1-9-2026,Ottawa,5,Vancouver,9,shot,3,15:28,3328,2,1,,,66,60,,1,58,64,5,FALSE,Non quality on net,Default
20252026,Regular,249,1-9-2026,Ottawa,5,Vancouver,9,shot,3,16:39,3399,2,1,,,536,113,,-1,252,222,9,FALSE,Quality on net,Default
20252026,Regular,249,1-9-2026,Ottawa,5,Vancouver,9,shot,3,17:16,3436,2,1,,,46,131,,1,286,64,5,FALSE,Quality on net,Default
20252026,Regular,249,1-9-2026,Ottawa,5,Vancouver,9,shot,3,17:35,3455,2,1,,,75,87,,1,223,64,5,FALSE,Non quality on net,Default
20252026,Regular,249,1-9-2026,Ottawa,5,Vancouver,9,shot,3,17:58,3478,2,1,,,387,243,,-1,50,222,9,FALSE,Non quality on net,Default
20252026,Regular,249,1-9-2026,Ottawa,5,Vancouver,9,shot,3,18:24,3504,2,1,,,451,245,,-1,11,222,9,FALSE,Non quality on net,Default
20252026,Regular,249,1-9-2026,Ottawa,5,Vancouver,9,shot,3,18:35,3515,2,1,,,422,69,,1,58,0,5,TRUE,Non quality goal,Default
20252026,Regular,249,1-9-2026,Ottawa,5,Vancouver,9,shot,3,18:58,3538,3,1,,,491,73,,-2,252,222,9,TRUE,Quality goal,Default
20252026,Regular,249,1-9-2026,Ottawa,5,Vancouver,9,shot,3,19:36,3576,3,2,,,97,138,,1,72,0,5,TRUE,Quality goal,Default
20252026,Regular,250,1-7-2026,Boston,1,Seattle,8,shot,1,3:48,228,0,0,,,536,194,,0,210,6,8,FALSE,Non quality on net,Backhand
20252026,Regular,250,1-7-2026,Boston,1,Seattle,8,shot,1,3:58,238,0,0,,,414,257,,0,2,6,8,FALSE,Non quality on net,Snap
20252026,Regular,250,1-7-2026,Boston,1,Seattle,8,shot,1,4:50,290,0,0,,,133,237,,0,97,155,1,FALSE,Non quality on net,Snap
20252026,Regular,250,1-7-2026,Boston,1,Seattle,8,shot,1,4:55,295,0,0,,,174,79,,0,12,155,1,FALSE,Non quality on net,Slap
20252026,Regular,250,1-7-2026,Boston,1,Seattle,8,shot,1,5:05,305,0,0,,,491,209,,0,181,6,8,FALSE,Quality on net,Snap
20252026,Regular,250,1-7-2026,Boston,1,Seattle,8,shot,1,5:20,320,0,0,,,104,66,,0,12,155,1,FALSE,Non quality on net,Snap
20252026,Regular,250,1-7-2026,Boston,1,Seattle,8,shot,1,5:57,357,0,0,,,81,132,,0,15,155,1,FALSE,Quality on net,Snap
20252026,Regular,250,1-7-2026,Boston,1,Seattle,8,shot,1,7:50,470,0,0,,,100,209,,0,1,155,1,FALSE,Quality on net,Default
20252026,Regular,250,1-7-2026,Boston,1,Seattle,8,shot,1,8:28,508,0,0,,,442,265,,0,294,6,8,FALSE,Non quality on net,Default
20252026,Regular,250,1-7-2026,Boston,1,Seattle,8,shot,1,9:10,550,0,0,,,69,183,,0,246,155,1,FALSE,Quality on net,Default
20252026,Regular,250,1-7-2026,Boston,1,Seattle,8,shot,1,9:53,593,0,0,,,149,251,,0,78,155,1,FALSE,Non quality on net,Default
20252026,Regular,250,1-7-2026,Boston,1,Seattle,8,shot,1,10:14,614,0,0,,,62,219,,0,255,155,1,FALSE,Non quality on net,Default
20252026,Regular,250,1-7-2026,Boston,1,Seattle,8,shot,1,11:55,715,0,0,,,92,218,,0,259,155,1,FALSE,Quality on net,Default
20252026,Regular,250,1-7-2026,Boston,1,Seattle,8,shot,1,15:03,903,0,0,,,420,82,,0,208,6,8,FALSE,Non quality on net,Default
20252026,Regular,250,1-7-2026,Boston,1,Seattle,8,shot,1,16:00,960,0,0,,,459,124,,0,294,6,8,FALSE,Quality on net,Snap
20252026,Regular,250,1-7-2026,Boston,1,Seattle,8,shot,1,16:23,983,0,0,,,216,168,,0,52,155,1,FALSE,Non quality on net,Slap
20252026,Regular,250,1-7-2026,Boston,1,Seattle,8,shot,1,17:07,1027,0,0,,,513,136,,0,13,6,8,FALSE,Quality on net,Default
20252026,Regular,250,1-7-2026,Boston,1,Seattle,8,shot,1,17:23,1043,0,0,,,45,171,,0,16,155,1,TRUE,Non quality goal,Default
20252026,Regular,250,1-7-2026,Boston,1,Seattle,8,shot,1,18:23,1103,1,0,,,117,146,,1,183,155,1,FALSE,Quality on net,Backhand
20252026,Regular,250,1-7-2026,Boston,1,Seattle,8,shot,1,18:42,1122,1,0,,,437,46,,-1,138,6,8,FALSE,Non quality on net,Default
20252026,Regular,250,1-7-2026,Boston,1,Seattle,8,shot,1,19:54,1194,1,0,,,436,107,,-1,203,6,8,FALSE,Non quality on net,Default
20252026,Regular,250,1-7-2026,Boston,1,Seattle,8,shot,2,0:32,1232,1,0,,,128,58,,1,243,155,1,FALSE,Non quality on net,Default
20252026,Regular,250,1-7-2026,Boston,1,Seattle,8,shot,2,4:02,1442,1,0,,,459,182,,-1,34,6,8,FALSE,Quality on net,Snap
20252026,Regular,250,1-7-2026,Boston,1,Seattle,8,shot,2,5:05,1505,1,0,,,89,35,,1,16,155,1,FALSE,Non quality on net,Wrist
20252026,Regular,250,1-7-2026,Boston,1,Seattle,8,shot,2,7:33,1653,1,0,,,161,33,,1,246,155,1,FALSE,Non quality on net,Snap
20252026,Regular,250,1-7-2026,Boston,1,Seattle,8,shot,2,9:37,1777,1,0,,,483,196,,-1,142,6,8,FALSE,Quality on net,Default
20252026,Regular,250,1-7-2026,Boston,1,Seattle,8,shot,2,10:23,1823,1,0,,,74,105,,1,78,155,1,FALSE,Quality on net,Slap
20252026,Regular,250,1-7-2026,Boston,1,Seattle,8,shot,2,10:50,1850,1,0,,,195,164,,1,246,155,1,FALSE,Non quality on net,Snap
20252026,Regular,250,1-7-2026,Boston,1,Seattle,8,shot,2,11:09,1869,1,0,,,175,147,,1,246,155,1,FALSE,Non quality on net,Default
20252026,Regular,250,1-7-2026,Boston,1,Seattle,8,shot,2,17:33,2253,1,0,,,99,99,,1,246,155,1,FALSE,Quality on net,Snap
20252026,Regular,250,1-7-2026,Boston,1,Seattle,8,shot,2,19:14,2354,1,0,,,146,63,,1,16,155,1,FALSE,Non quality on net,Snap
20252026,Regular,250,1-7-2026,Boston,1,Seattle,8,shot,3,0:18,2418,1,0,,,111,62,,1,12,155,1,TRUE,Non quality goal,Slap
20252026,Regular,250,1-7-2026,Boston,1,Seattle,8,shot,3,7:14,2834,2,0,,,507,215,,-2,181,6,8,TRUE,Quality goal,Wrist
20252026,Regular,250,1-7-2026,Boston,1,Seattle,8,shot,3,8:49,2929,2,1,,,515,129,,-1,142,6,8,FALSE,Quality on net,Default
20252026,Regular,250,1-7-2026,Boston,1,Seattle,8,shot,3,11:12,3072,2,1,,,109,78,,1,12,155,1,FALSE,Quality on net,Slap
20252026,Regular,250,1-7-2026,Boston,1,Seattle,8,shot,3,11:21,3081,2,1,,,209,195,,1,246,155,1,FALSE,Non quality on net,Slap
20252026,Regular,250,1-7-2026,Boston,1,Seattle,8,shot,3,13:37,3217,2,1,,,397,60,,-1,2,6,8,FALSE,Non quality on net,Snap
20252026,Regular,250,1-7-2026,Boston,1,Seattle,8,shot,3,18:24,3504,2,1,,,540,185,,-1,36,6,8,FALSE,Quality on net,Wrist
20252026,Regular,251,1-11-2026,Boston,1,Ottawa,5,shot,1,1:57,117,0,0,,,464,267,,0,220,6,5,FALSE,Non quality on net,Default
20252026,Regular,251,1-11-2026,Boston,1,Ottawa,5,shot,1,2:57,177,0,0,,,516,47,,0,255,238,1,FALSE,Non quality on net,Default
20252026,Regular,251,1-11-2026,Boston,1,Ottawa,5,shot,1,3:01,181,0,0,,,59,150,,0,78,238,1,TRUE,Quality goal,Default
20252026,Regular,251,1-11-2026,Boston,1,Ottawa,5,shot,1,3:19,199,1,0,,,193,75,,1,17,238,1,FALSE,Non quality on net,Default
20252026,Regular,251,1-11-2026,Boston,1,Ottawa,5,shot,1,3:30,210,1,0,,,85,98,,1,243,238,1,FALSE,Quality on net,Default
20252026,Regular,251,1-11-2026,Boston,1,Ottawa,5,shot,1,4:55,295,1,0,,,341,232,,-1,223,6,5,FALSE,Non quality on net,Default
20252026,Regular,251,1-11-2026,Boston,1,Ottawa,5,shot,1,6:33,393,1,0,,,519,49,,-1,72,6,5,FALSE,Non quality on net,Default
20252026,Regular,251,1-11-2026,Boston,1,Ottawa,5,shot,1,10:24,624,1,0,,,545,39,,-1,57,6,5,FALSE,Non quality on net,Default
20252026,Regular,251,1-11-2026,Boston,1,Ottawa,5,shot,1,11:20,680,1,0,,,417,125,,-1,71,6,5,FALSE,Non quality on net,Default
20252026,Regular,251,1-11-2026,Boston,1,Ottawa,5,shot,1,12:32,752,1,0,,,152,136,,1,255,238,1,FALSE,Non quality on net,Default
20252026,Regular,251,1-11-2026,Boston,1,Ottawa,5,shot,1,12:48,768,1,0,,,168,213,,1,254,238,1,FALSE,Non quality on net,Default
20252026,Regular,251,1-11-2026,Boston,1,Ottawa,5,shot,1,14:40,880,1,0,,,68,142,,1,259,238,1,FALSE,Quality on net,Default
20252026,Regular,251,1-11-2026,Boston,1,Ottawa,5,shot,1,16:29,989,1,0,,,141,138,,1,15,238,1,FALSE,Quality on net,Default
20252026,Regular,251,1-11-2026,Boston,1,Ottawa,5,shot,1,16:57,1017,1,0,,,188,204,,1,12,238,1,FALSE,Non quality on net,Default
20252026,Regular,251,1-11-2026,Boston,1,Ottawa,5,shot,1,17:46,1066,1,0,,,496,271,,-1,241,6,5,FALSE,Non quality on net,Default
20252026,Regular,251,1-11-2026,Boston,1,Ottawa,5,shot,1,18:27,1107,1,0,,,388,14,,-1,223,6,5,FALSE,Non quality on net,Default
20252026,Regular,251,1-11-2026,Boston,1,Ottawa,5,shot,2,0:50,1250,1,0,,,537,136,,-1,286,6,5,FALSE,Quality on net,Default
20252026,Regular,251,1-11-2026,Boston,1,Ottawa,5,shot,2,4:17,1457,1,0,,,551,160,,-1,71,6,5,FALSE,Quality on net,Default
20252026,Regular,251,1-11-2026,Boston,1,Ottawa,5,shot,2,6:52,1612,1,0,,,519,160,,-1,220,6,5,FALSE,Quality on net,Default
20252026,Regular,251,1-11-2026,Boston,1,Ottawa,5,shot,2,6:58,1618,1,0,,,483,31,,-1,223,6,5,FALSE,Non quality on net,Default
20252026,Regular,251,1-11-2026,Boston,1,Ottawa,5,shot,2,9:28,1768,1,0,,,69,219,,1,243,238,1,FALSE,Non quality on net,Default
20252026,Regular,251,1-11-2026,Boston,1,Ottawa,5,shot,2,9:56,1796,1,0,,,93,69,,1,243,238,1,FALSE,Non quality on net,Default
20252026,Regular,251,1-11-2026,Boston,1,Ottawa,5,shot,2,11:53,1913,1,0,,,537,84,,-1,101,6,5,FALSE,Non quality on net,Default
20252026,Regular,251,1-11-2026,Boston,1,Ottawa,5,shot,2,15:41,2141,1,0,,,438,111,,-1,239,6,5,FALSE,Non quality on net,Default
20252026,Regular,251,1-11-2026,Boston,1,Ottawa,5,shot,2,16:17,2177,1,0,,,199,73,,1,17,238,1,FALSE,Non quality on net,Default
20252026,Regular,251,1-11-2026,Boston,1,Ottawa,5,shot,2,17:43,2263,1,0,,,183,259,,1,232,238,1,FALSE,Non quality on net,Default
20252026,Regular,251,1-11-2026,Boston,1,Ottawa,5,shot,2,18:22,2302,1,0,,,140,177,,1,78,238,1,FALSE,Quality on net,Default
20252026,Regular,251,1-11-2026,Boston,1,Ottawa,5,shot,2,18:34,2314,1,0,,,102,168,,1,15,238,1,FALSE,Quality on net,Default
20252026,Regular,251,1-11-2026,Boston,1,Ottawa,5,shot,2,18:44,2324,1,0,,,103,159,,1,15,238,1,FALSE,Quality on net,Default
20252026,Regular,251,1-11-2026,Boston,1,Ottawa,5,shot,2,18:45,2325,1,0,,,76,120,,1,259,238,1,FALSE,Quality on net,Default
20252026,Regular,251,1-11-2026,Boston,1,Ottawa,5,shot,2,18:53,2333,1,0,,,56,144,,1,15,238,1,FALSE,Quality on net,Default
20252026,Regular,251,1-11-2026,Boston,1,Ottawa,5,shot,3,0:47,2447,1,0,,,129,37,,1,246,238,1,FALSE,Non quality on net,Default
20252026,Regular,251,1-11-2026,Boston,1,Ottawa,5,shot,3,1:32,2492,1,0,,,70,225,,1,16,238,1,FALSE,Non quality on net,Default
20252026,Regular,251,1-11-2026,Boston,1,Ottawa,5,shot,3,1:42,2502,1,0,,,75,189,,1,97,238,1,FALSE,Quality on net,Default
20252026,Regular,251,1-11-2026,Boston,1,Ottawa,5,shot,3,1:47,2507,1,0,,,174,244,,1,232,238,1,FALSE,Non quality on net,Default
20252026,Regular,251,1-11-2026,Boston,1,Ottawa,5,shot,3,1:51,2511,1,0,,,185,188,,1,259,238,1,FALSE,Non quality on net,Default
20252026,Regular,251,1-11-2026,Boston,1,Ottawa,5,shot,3,2:43,2563,1,0,,,135,208,,1,243,238,1,FALSE,Quality on net,Default
20252026,Regular,251,1-11-2026,Boston,1,Ottawa,5,shot,3,4:30,2670,1,0,,,480,93,,-1,223,6,5,FALSE,Quality on net,Default
20252026,Regular,251,1-11-2026,Boston,1,Ottawa,5,shot,3,4:31,2671,1,0,,,535,143,,-1,241,6,5,FALSE,Quality on net,Default
20252026,Regular,251,1-11-2026,Boston,1,Ottawa,5,shot,3,6:48,2808,1,0,,,502,107,,-1,58,6,5,TRUE,Quality goal,Default
20252026,Regular,251,1-11-2026,Boston,1,Ottawa,5,shot,3,7:07,2827,1,1,,,501,133,,0,240,6,5,FALSE,Quality on net,Default
20252026,Regular,251,1-11-2026,Boston,1,Ottawa,5,shot,3,9:21,2961,1,1,,,147,232,,0,256,238,1,FALSE,Non quality on net,Default
20252026,Regular,251,1-11-2026,Boston,1,Ottawa,5,shot,3,9:34,2974,1,1,,,91,251,,0,256,238,1,FALSE,Non quality on net,Default
20252026,Regular,251,1-11-2026,Boston,1,Ottawa,5,shot,3,12:25,3145,1,1,,,220,118,,0,182,238,1,FALSE,Non quality on net,Default
20252026,Regular,251,1-11-2026,Boston,1,Ottawa,5,shot,3,16:00,3360,1,1,,,154,223,,0,12,238,1,FALSE,Non quality on net,Default
20252026,Regular,251,1-11-2026,Boston,1,Ottawa,5,shot,3,16:32,3392,1,1,,,199,24,,0,1,238,1,FALSE,Non quality on net,Default
20252026,Regular,251,1-11-2026,Boston,1,Ottawa,5,shot,3,17:51,3471,1,1,,,99,145,,0,15,238,1,FALSE,Quality on net,Default
20252026,Regular,251,1-11-2026,Boston,1,Ottawa,5,shot,4,1:13,3673,1,1,,,470,207,,0,53,6,5,FALSE,Quality on net,Default
20252026,Regular,251,1-11-2026,Boston,1,Ottawa,5,shot,4,1:27,3687,1,1,,,123,118,,0,78,238,1,FALSE,Quality on net,Default
20252026,Regular,251,1-11-2026,Boston,1,Ottawa,5,shot,4,4:59,3899,1,1,,,251,273,,0,12,238,1,FALSE,Non quality on net,Default
20252026,Regular,252,1-11-2026,Minnesota,2,Seattle,8,shot,1,0:07,7,0,0,,,59,135,,0,167,250,2,FALSE,Quality on net,Backhand
20252026,Regular,252,1-11-2026,Minnesota,2,Seattle,8,shot,1,1:12,72,0,0,,,183,160,,0,188,250,2,FALSE,Non quality on net,Wrist
20252026,Regular,252,1-11-2026,Minnesota,2,Seattle,8,shot,1,1:19,79,0,0,,,62,153,,0,247,250,2,FALSE,Quality on net,Backhand
20252026,Regular,252,1-11-2026,Minnesota,2,Seattle,8,shot,1,1:47,107,0,0,,,536,189,,0,49,123,8,FALSE,Quality on net,Snap
20252026,Regular,252,1-11-2026,Minnesota,2,Seattle,8,shot,1,3:36,216,0,0,,,127,104,,0,21,250,2,FALSE,Quality on net,Wrist
20252026,Regular,252,1-11-2026,Minnesota,2,Seattle,8,shot,1,4:18,258,0,0,,,42,119,,0,247,250,2,FALSE,Non quality on net,Wrist
20252026,Regular,252,1-11-2026,Minnesota,2,Seattle,8,shot,1,4:31,271,0,0,,,84,134,,0,21,250,2,FALSE,Quality on net,Wrist
20252026,Regular,252,1-11-2026,Minnesota,2,Seattle,8,shot,1,6:24,384,0,0,,,456,245,,0,138,123,8,FALSE,Non quality on net,Wrist
20252026,Regular,252,1-11-2026,Minnesota,2,Seattle,8,shot,1,7:58,478,0,0,,,45,129,,0,25,250,2,FALSE,Quality on net,Wrist
20252026,Regular,252,1-11-2026,Minnesota,2,Seattle,8,shot,1,9:01,541,0,0,,,388,286,,0,295,123,8,FALSE,Non quality on net,Wrist
20252026,Regular,252,1-11-2026,Minnesota,2,Seattle,8,shot,1,10:06,606,0,0,,,60,174,,0,247,250,2,FALSE,Quality on net,Wrist
20252026,Regular,252,1-11-2026,Minnesota,2,Seattle,8,shot,1,10:14,614,0,0,,,36,171,,0,23,250,2,FALSE,Non quality on net,Snap
20252026,Regular,252,1-11-2026,Minnesota,2,Seattle,8,shot,1,12:49,769,0,0,,,499,90,,0,181,123,8,FALSE,Quality on net,Wrist
20252026,Regular,252,1-11-2026,Minnesota,2,Seattle,8,shot,1,12:57,777,0,0,,,550,129,,0,13,123,8,FALSE,Quality on net,Wrist
20252026,Regular,252,1-11-2026,Minnesota,2,Seattle,8,shot,1,14:12,852,0,0,,,404,79,,0,20,250,2,FALSE,Non quality on net,Wrist
20252026,Regular,252,1-11-2026,Minnesota,2,Seattle,8,shot,1,15:01,901,0,0,,,465,55,,0,138,123,8,FALSE,Non quality on net,Wrist
20252026,Regular,252,1-11-2026,Minnesota,2,Seattle,8,shot,1,16:37,997,0,0,,,179,91,,0,236,250,2,FALSE,Non quality on net,Wrist
20252026,Regular,252,1-11-2026,Minnesota,2,Seattle,8,shot,1,17:07,1027,0,0,,,94,176,,0,188,250,2,FALSE,Quality on net,Wrist
20252026,Regular,252,1-11-2026,Minnesota,2,Seattle,8,shot,1,17:08,1028,0,0,,,71,152,,0,25,250,2,FALSE,Quality on net,Backhand
20252026,Regular,252,1-11-2026,Minnesota,2,Seattle,8,shot,1,17:42,1062,0,0,,,56,196,,0,191,250,2,TRUE,Non quality goal,Wrist
20252026,Regular,252,1-11-2026,Minnesota,2,Seattle,8,shot,1,18:07,1087,1,0,,,540,76,,-1,203,123,8,FALSE,Non quality on net,Wrist
20252026,Regular,252,1-11-2026,Minnesota,2,Seattle,8,shot,1,18:35,1115,1,0,,,426,88,,-1,203,123,8,FALSE,Non quality on net,Wrist
20252026,Regular,252,1-11-2026,Minnesota,2,Seattle,8,shot,1,19:22,1162,1,0,,,459,254,,-1,210,123,8,FALSE,Non quality on net,Wrist
20252026,Regular,252,1-11-2026,Minnesota,2,Seattle,8,shot,2,0:38,1238,1,0,,,69,138,,1,25,250,2,FALSE,Quality on net,Backhand
20252026,Regular,252,1-11-2026,Minnesota,2,Seattle,8,shot,2,0:40,1240,1,0,,,45,173,,1,25,250,2,TRUE,Non quality goal,Wrist
20252026,Regular,252,1-11-2026,Minnesota,2,Seattle,8,shot,2,2:30,1350,2,0,,,55,106,,2,104,250,2,FALSE,Non quality on net,Wrist
20252026,Regular,252,1-11-2026,Minnesota,2,Seattle,8,shot,2,2:56,1376,2,0,,,396,47,,-2,208,123,8,FALSE,Non quality on net,Wrist
20252026,Regular,252,1-11-2026,Minnesota,2,Seattle,8,shot,2,3:30,1410,2,0,,,94,153,,2,23,250,2,FALSE,Quality on net,Wrist
20252026,Regular,252,1-11-2026,Minnesota,2,Seattle,8,shot,2,4:41,1481,2,0,,,459,150,,-2,36,123,8,FALSE,Quality on net,Wrist
20252026,Regular,252,1-11-2026,Minnesota,2,Seattle,8,shot,2,4:53,1493,2,0,,,533,147,,-2,49,123,8,FALSE,Quality on net,Backhand
20252026,Regular,252,1-11-2026,Minnesota,2,Seattle,8,shot,2,4:59,1499,2,0,,,431,63,,-2,99,123,8,FALSE,Non quality on net,Wrist
20252026,Regular,252,1-11-2026,Minnesota,2,Seattle,8,shot,2,7:19,1639,2,0,,,476,167,,-2,13,123,8,FALSE,Quality on net,Wrist
20252026,Regular,252,1-11-2026,Minnesota,2,Seattle,8,shot,2,7:55,1675,2,0,,,524,112,,-2,36,123,8,FALSE,Quality on net,Wrist
20252026,Regular,252,1-11-2026,Minnesota,2,Seattle,8,shot,2,9:00,1740,2,0,,,64,131,,2,102,250,2,FALSE,Quality on net,Snap
20252026,Regular,252,1-11-2026,Minnesota,2,Seattle,8,shot,2,9:11,1751,2,0,,,84,167,,2,269,250,2,FALSE,Quality on net,Wrist
20252026,Regular,252,1-11-2026,Minnesota,2,Seattle,8,shot,2,11:29,1889,2,0,,,469,42,,-2,224,123,8,FALSE,Non quality on net,Wrist
20252026,Regular,252,1-11-2026,Minnesota,2,Seattle,8,shot,2,11:51,1911,2,0,,,81,193,,2,21,250,2,FALSE,Quality on net,Backhand
20252026,Regular,252,1-11-2026,Minnesota,2,Seattle,8,shot,2,13:26,2006,2,0,,,145,83,,2,25,250,2,TRUE,Non quality goal,Wrist
20252026,Regular,252,1-11-2026,Minnesota,2,Seattle,8,shot,2,14:21,2061,3,0,,,105,199,,3,247,250,2,FALSE,Quality on net,Wrist
20252026,Regular,252,1-11-2026,Minnesota,2,Seattle,8,shot,2,14:49,2089,3,0,,,65,275,,3,263,250,2,FALSE,Non quality on net,Wrist
20252026,Regular,252,1-11-2026,Minnesota,2,Seattle,8,shot,2,15:21,2121,3,0,,,89,148,,3,269,250,2,FALSE,Quality on net,Backhand
20252026,Regular,252,1-11-2026,Minnesota,2,Seattle,8,shot,2,16:27,2187,3,0,,,73,117,,3,264,250,2,FALSE,Quality on net,Tip
20252026,Regular,252,1-11-2026,Minnesota,2,Seattle,8,shot,2,17:23,2243,3,0,,,83,105,,3,189,250,2,FALSE,Quality on net,Backhand
20252026,Regular,252,1-11-2026,Minnesota,2,Seattle,8,shot,2,18:25,2305,3,0,,,495,155,,-3,36,123,8,TRUE,Quality goal,Wrist
20252026,Regular,252,1-11-2026,Minnesota,2,Seattle,8,shot,2,19:15,2355,3,1,,,545,177,,-2,210,123,8,FALSE,Quality on net,Wrist
20252026,Regular,252,1-11-2026,Minnesota,2,Seattle,8,shot,3,0:23,2423,3,1,,,99,213,,2,23,250,2,FALSE,Quality on net,Wrist
20252026,Regular,252,1-11-2026,Minnesota,2,Seattle,8,shot,3,0:38,2438,3,1,,,49,178,,2,25,250,2,FALSE,Non quality on net,Wrist
20252026,Regular,252,1-11-2026,Minnesota,2,Seattle,8,shot,3,0:47,2447,3,1,,,37,185,,-2,34,123,8,FALSE,Non quality on net,Wrist
20252026,Regular,252,1-11-2026,Minnesota,2,Seattle,8,shot,3,1:06,2466,3,1,,,559,129,,-2,224,123,8,FALSE,Non quality on net,Wrist
20252026,Regular,252,1-11-2026,Minnesota,2,Seattle,8,shot,3,1:17,2477,3,1,,,107,111,,2,21,250,2,TRUE,Quality goal,Wrist
20252026,Regular,252,1-11-2026,Minnesota,2,Seattle,8,shot,3,1:57,2517,4,1,,,58,136,,3,190,250,2,FALSE,Quality on net,Snap
20252026,Regular,252,1-11-2026,Minnesota,2,Seattle,8,shot,3,2:09,2529,4,1,,,512,189,,-3,62,123,8,FALSE,Quality on net,Wrist
20252026,Regular,252,1-11-2026,Minnesota,2,Seattle,8,shot,3,4:09,2649,4,1,,,94,159,,3,21,250,2,FALSE,Quality on net,Wrist
20252026,Regular,252,1-11-2026,Minnesota,2,Seattle,8,shot,3,4:29,2669,4,1,,,555,180,,-3,208,123,8,FALSE,Non quality on net,Tip
20252026,Regular,252,1-11-2026,Minnesota,2,Seattle,8,shot,3,4:29,2669,4,1,,,463,260,,-3,13,123,8,FALSE,Non quality on net,Wrist
20252026,Regular,252,1-11-2026,Minnesota,2,Seattle,8,shot,3,7:30,2850,4,1,,,470,106,,-3,224,123,8,FALSE,Quality on net,Wrist
20252026,Regular,252,1-11-2026,Minnesota,2,Seattle,8,shot,3,7:51,2871,4,1,,,64,155,,3,191,250,2,TRUE,Quality goal,Wrist
20252026,Regular,252,1-11-2026,Minnesota,2,Seattle,8,shot,3,8:50,2930,5,1,,,69,191,,4,20,250,2,FALSE,Quality on net,Wrist
20252026,Regular,252,1-11-2026,Minnesota,2,Seattle,8,shot,3,9:41,2981,5,1,,,189,91,,4,167,250,2,FALSE,Non quality on net,Wrist
20252026,Regular,252,1-11-2026,Minnesota,2,Seattle,8,shot,3,10:29,3029,5,1,,,88,209,,4,21,250,2,FALSE,Quality on net,Wrist
20252026,Regular,252,1-11-2026,Minnesota,2,Seattle,8,shot,3,10:51,3051,5,1,,,52,180,,4,25,250,2,FALSE,Non quality on net,Backhand
20252026,Regular,252,1-11-2026,Minnesota,2,Seattle,8,shot,3,11:19,3079,5,1,,,51,140,,4,25,250,2,FALSE,Quality on net,Tip
20252026,Regular,252,1-11-2026,Minnesota,2,Seattle,8,shot,3,11:19,3079,5,1,,,53,146,,4,25,250,2,FALSE,Quality on net,Wrist
20252026,Regular,252,1-11-2026,Minnesota,2,Seattle,8,shot,3,12:56,3176,5,1,,,545,124,,-4,224,123,8,TRUE,Quality goal,Wrist
20252026,Regular,252,1-11-2026,Minnesota,2,Seattle,8,shot,3,15:13,3313,5,2,,,533,140,,-3,196,123,8,FALSE,Quality on net,Backhand
20252026,Regular,252,1-11-2026,Minnesota,2,Seattle,8,shot,3,16:06,3366,5,2,,,69,202,,3,247,250,2,TRUE,Non quality goal,Wrist
20252026,Regular,252,1-11-2026,Minnesota,2,Seattle,8,shot,3,17:06,3426,6,2,,,122,194,,4,263,250,2,FALSE,Quality on net,Wrist
20252026,Regular,252,1-11-2026,Minnesota,2,Seattle,8,shot,3,17:43,3463,6,2,,,67,108,,4,104,250,2,FALSE,Quality on net,Wrist
20252026,Regular,252,1-11-2026,Minnesota,2,Seattle,8,shot,3,18:18,3498,6,2,,,183,146,,4,90,250,2,FALSE,Non quality on net,Wrist
20252026,Regular,252,1-11-2026,Minnesota,2,Seattle,8,shot,3,18:41,3521,6,2,,,147,93,,4,263,250,2,FALSE,Non quality on net,Wrist
20252026,Regular,252,1-11-2026,Minnesota,2,Seattle,8,shot,3,19:05,3545,6,2,,,113,104,,4,263,250,2,FALSE,Quality on net,Wrist
20252026,Regular,253,1-11-2026,Montréal,3,Vancouver,9,shot,1,0:46,46,0,0,,,404,93,,0,11,28,9,FALSE,Non quality on net,Wrist
20252026,Regular,253,1-11-2026,Montréal,3,Vancouver,9,shot,1,1:08,68,0,0,,,405,160,,0,11,28,9,FALSE,Non quality on net,Wrist
20252026,Regular,253,1-11-2026,Montréal,3,Vancouver,9,shot,1,1:37,97,0,0,,,552,171,,0,198,28,9,FALSE,Quality on net,Wrist
20252026,Regular,253,1-11-2026,Montréal,3,Vancouver,9,shot,1,2:20,140,0,0,,,501,237,,0,161,28,9,FALSE,Non quality on net,Slap
20252026,Regular,253,1-11-2026,Montréal,3,Vancouver,9,shot,1,4:28,268,0,0,,,210,80,,0,84,59,3,FALSE,Non quality on net,Wrist
20252026,Regular,253,1-11-2026,Montréal,3,Vancouver,9,shot,1,5:15,315,0,0,,,78,138,,0,98,59,3,FALSE,Quality on net,Snap
20252026,Regular,253,1-11-2026,Montréal,3,Vancouver,9,shot,1,6:40,400,0,0,,,38,173,,0,32,59,3,FALSE,Non quality on net,Snap
20252026,Regular,253,1-11-2026,Montréal,3,Vancouver,9,shot,1,8:17,497,0,0,,,325,290,,0,305,28,9,FALSE,Non quality on net,Wrist
20252026,Regular,253,1-11-2026,Montréal,3,Vancouver,9,shot,1,9:58,598,0,0,,,489,232,,0,252,28,9,FALSE,Non quality on net,Wrist
20252026,Regular,253,1-11-2026,Montréal,3,Vancouver,9,shot,1,9:59,599,0,0,,,536,167,,0,227,28,9,FALSE,Quality on net,Snap
20252026,Regular,253,1-11-2026,Montréal,3,Vancouver,9,shot,1,10:34,634,0,0,,,471,214,,0,11,28,9,FALSE,Quality on net,Wrist
20252026,Regular,253,1-11-2026,Montréal,3,Vancouver,9,shot,1,11:32,692,0,0,,,244,295,,0,31,59,3,FALSE,Non quality on net,Wrist
20252026,Regular,253,1-11-2026,Montréal,3,Vancouver,9,shot,1,12:49,769,0,0,,,52,133,,0,274,59,3,FALSE,Quality on net,Wrist
20252026,Regular,253,1-11-2026,Montréal,3,Vancouver,9,shot,1,13:21,801,0,0,,,92,227,,0,31,59,3,FALSE,Non quality on net,Snap
20252026,Regular,253,1-11-2026,Montréal,3,Vancouver,9,shot,1,15:10,910,0,0,,,44,133,,0,157,59,3,FALSE,Quality on net,Wrist
20252026,Regular,253,1-11-2026,Montréal,3,Vancouver,9,shot,1,15:12,912,0,0,,,49,135,,0,157,59,3,FALSE,Quality on net,Snap
20252026,Regular,253,1-11-2026,Montréal,3,Vancouver,9,shot,1,16:33,993,0,0,,,117,153,,0,199,59,3,FALSE,Quality on net,Wrist
20252026,Regular,253,1-11-2026,Montréal,3,Vancouver,9,shot,1,16:47,1007,0,0,,,78,250,,0,5,59,3,FALSE,Non quality on net,Wrist
20252026,Regular,253,1-11-2026,Montréal,3,Vancouver,9,shot,1,17:39,1059,0,0,,,90,116,,0,31,59,3,FALSE,Quality on net,Snap
20252026,Regular,253,1-11-2026,Montréal,3,Vancouver,9,shot,1,18:31,1111,0,0,,,440,123,,0,248,28,9,FALSE,Non quality on net,Snap
20252026,Regular,253,1-11-2026,Montréal,3,Vancouver,9,shot,1,19:00,1140,0,0,,,469,13,,0,305,28,9,FALSE,Non quality on net,Wrist
20252026,Regular,253,1-11-2026,Montréal,3,Vancouver,9,shot,1,19:16,1156,0,0,,,442,60,,0,169,28,9,FALSE,Non quality on net,Wrist
20252026,Regular,253,1-11-2026,Montréal,3,Vancouver,9,shot,2,3:43,1423,0,0,,,64,147,,0,4,59,3,FALSE,Quality on net,Snap
20252026,Regular,253,1-11-2026,Montréal,3,Vancouver,9,shot,2,4:07,1447,0,0,,,201,256,,0,79,59,3,FALSE,Non quality on net,Wrist
20252026,Regular,253,1-11-2026,Montréal,3,Vancouver,9,shot,2,6:12,1572,0,0,,,495,219,,0,89,28,9,FALSE,Quality on net,Wrist
20252026,Regular,253,1-11-2026,Montréal,3,Vancouver,9,shot,2,6:31,1591,0,0,,,430,267,,0,11,28,9,FALSE,Non quality on net,Snap
20252026,Regular,253,1-11-2026,Montréal,3,Vancouver,9,shot,2,7:12,1632,0,0,,,407,27,,0,192,28,9,FALSE,Non quality on net,Wrist
20252026,Regular,253,1-11-2026,Montréal,3,Vancouver,9,shot,2,9:04,1744,0,0,,,55,226,,0,39,59,3,FALSE,Non quality on net,Snap
20252026,Regular,253,1-11-2026,Montréal,3,Vancouver,9,shot,2,9:56,1796,0,0,,,107,70,,0,98,59,3,FALSE,Non quality on net,Snap
20252026,Regular,253,1-11-2026,Montréal,3,Vancouver,9,shot,2,9:57,1797,0,0,,,56,135,,0,201,59,3,FALSE,Quality on net,Snap
20252026,Regular,253,1-11-2026,Montréal,3,Vancouver,9,shot,2,9:58,1798,0,0,,,63,125,,0,98,59,3,FALSE,Quality on net,Snap
20252026,Regular,253,1-11-2026,Montréal,3,Vancouver,9,shot,2,10:38,1838,0,0,,,55,125,,0,4,59,3,FALSE,Quality on net,Wrist
20252026,Regular,253,1-11-2026,Montréal,3,Vancouver,9,shot,2,11:19,1879,0,0,,,79,192,,0,274,59,3,FALSE,Quality on net,Snap
20252026,Regular,253,1-11-2026,Montréal,3,Vancouver,9,shot,2,12:17,1937,0,0,,,212,260,,0,253,59,3,TRUE,Non quality goal,Snap
20252026,Regular,253,1-11-2026,Montréal,3,Vancouver,9,shot,2,13:03,1983,1,0,,,389,60,,-1,169,28,9,FALSE,Non quality on net,Wrist
20252026,Regular,253,1-11-2026,Montréal,3,Vancouver,9,shot,2,14:36,2076,1,0,,,391,201,,-1,11,28,9,FALSE,Non quality on net,Wrist
20252026,Regular,253,1-11-2026,Montréal,3,Vancouver,9,shot,2,14:44,2084,1,0,,,471,228,,-1,89,28,9,FALSE,Non quality on net,Slap
20252026,Regular,253,1-11-2026,Montréal,3,Vancouver,9,shot,2,16:30,2190,1,0,,,563,234,,-1,115,28,9,FALSE,Non quality on net,Wrist
20252026,Regular,253,1-11-2026,Montréal,3,Vancouver,9,shot,2,17:42,2262,1,0,,,501,63,,-1,198,28,9,FALSE,Non quality on net,Snap
20252026,Regular,253,1-11-2026,Montréal,3,Vancouver,9,shot,3,0:44,2444,1,0,,,393,158,,-1,50,28,9,FALSE,Non quality on net,Wrist
20252026,Regular,253,1-11-2026,Montréal,3,Vancouver,9,shot,3,4:53,2693,1,0,,,413,90,,-1,198,28,9,FALSE,Non quality on net,Wrist
20252026,Regular,253,1-11-2026,Montréal,3,Vancouver,9,shot,3,7:21,2841,1,0,,,549,248,,-1,11,28,9,FALSE,Non quality on net,Wrist
20252026,Regular,253,1-11-2026,Montréal,3,Vancouver,9,shot,3,7:56,2876,1,0,,,149,245,,1,4,59,3,FALSE,Non quality on net,Wrist
20252026,Regular,253,1-11-2026,Montréal,3,Vancouver,9,shot,3,9:57,2997,1,0,,,135,235,,1,5,59,3,FALSE,Non quality on net,Wrist
20252026,Regular,253,1-11-2026,Montréal,3,Vancouver,9,shot,3,10:35,3035,1,0,,,103,216,,1,199,59,3,FALSE,Quality on net,Wrist
20252026,Regular,253,1-11-2026,Montréal,3,Vancouver,9,shot,3,11:41,3101,1,0,,,105,273,,1,79,59,3,FALSE,Non quality on net,Wrist
20252026,Regular,253,1-11-2026,Montréal,3,Vancouver,9,shot,3,13:26,3206,1,0,,,95,231,,1,35,59,3,FALSE,Non quality on net,Wrist
20252026,Regular,253,1-11-2026,Montréal,3,Vancouver,9,shot,3,15:42,3342,1,0,,,400,261,,-1,11,28,9,FALSE,Non quality on net,Wrist
20252026,Regular,253,1-11-2026,Montréal,3,Vancouver,9,shot,3,16:20,3380,1,0,,,61,156,,1,61,59,3,FALSE,Quality on net,Wrist
20252026,Regular,253,1-11-2026,Montréal,3,Vancouver,9,shot,3,18:19,3499,1,0,,,431,54,,-1,89,28,9,FALSE,Non quality on net,Slap
20252026,Regular,253,1-11-2026,Montréal,3,Vancouver,9,shot,3,19:43,3583,1,0,,,559,177,,-1,161,28,9,FALSE,Non quality on net,Backhand
20252026,Regular,253,1-11-2026,Montréal,3,Vancouver,9,shot,3,19:44,3584,1,0,,,543,156,,-1,192,28,9,FALSE,Quality on net,Snap
20252026,Regular,254,1-13-2026,Montréal,3,Ottawa,5,shot,1,0:17,17,0,0,,,543,127,,0,241,28,5,FALSE,Quality on net,Snap
20252026,Regular,254,1-13-2026,Montréal,3,Ottawa,5,shot,1,0:19,19,0,0,,,520,119,,0,241,28,5,FALSE,Quality on net,Wrist
20252026,Regular,254,1-13-2026,Montréal,3,Ottawa,5,shot,1,0:44,44,0,0,,,513,189,,0,240,28,5,FALSE,Quality on net,Snap
20252026,Regular,254,1-13-2026,Montréal,3,Ottawa,5,shot,1,0:57,57,0,0,,,395,24,,0,219,28,5,FALSE,Non quality on net,Snap
20252026,Regular,254,1-13-2026,Montréal,3,Ottawa,5,shot,1,1:46,106,0,0,,,525,172,,0,239,28,5,FALSE,Quality on net,Snap
20252026,Regular,254,1-13-2026,Montréal,3,Ottawa,5,shot,1,2:22,142,0,0,,,177,141,,0,83,222,3,FALSE,Non quality on net,Wrist
20252026,Regular,254,1-13-2026,Montréal,3,Ottawa,5,shot,1,2:40,160,0,0,,,88,214,,0,253,222,3,FALSE,Quality on net,Wrist
20252026,Regular,254,1-13-2026,Montréal,3,Ottawa,5,shot,1,3:00,180,0,0,,,184,236,,0,253,222,3,FALSE,Non quality on net,Wrist
20252026,Regular,254,1-13-2026,Montréal,3,Ottawa,5,shot,1,3:58,238,0,0,,,66,110,,0,4,222,3,TRUE,Quality goal,Backhand
20252026,Regular,254,1-13-2026,Montréal,3,Ottawa,5,shot,1,4:31,271,1,0,,,54,204,,1,272,222,3,FALSE,Non quality on net,Snap
20252026,Regular,254,1-13-2026,Montréal,3,Ottawa,5,shot,1,5:55,355,1,0,,,472,66,,-1,58,28,5,FALSE,Non quality on net,Wrist
20252026,Regular,254,1-13-2026,Montréal,3,Ottawa,5,shot,1,6:25,385,1,0,,,58,139,,1,32,222,3,FALSE,Quality on net,Backhand
20252026,Regular,254,1-13-2026,Montréal,3,Ottawa,5,shot,1,6:38,398,1,0,,,499,210,,-1,58,28,5,FALSE,Quality on net,Snap
20252026,Regular,254,1-13-2026,Montréal,3,Ottawa,5,shot,1,7:21,441,1,0,,,529,127,,-1,240,28,5,FALSE,Quality on net,Snap
20252026,Regular,254,1-13-2026,Montréal,3,Ottawa,5,shot,1,7:52,472,1,0,,,70,153,,1,128,222,3,FALSE,Quality on net,Snap
20252026,Regular,254,1-13-2026,Montréal,3,Ottawa,5,shot,1,10:11,611,1,0,,,488,69,,-1,71,28,5,FALSE,Non quality on net,Wrist
20252026,Regular,254,1-13-2026,Montréal,3,Ottawa,5,shot,1,12:57,777,1,0,,,204,70,,1,84,222,3,FALSE,Non quality on net,Snap
20252026,Regular,254,1-13-2026,Montréal,3,Ottawa,5,shot,1,14:18,858,1,0,,,55,147,,1,5,222,3,TRUE,Quality goal,Backhand
20252026,Regular,254,1-13-2026,Montréal,3,Ottawa,5,shot,1,15:08,908,2,0,,,82,210,,2,98,222,3,FALSE,Non quality on net,Snap
20252026,Regular,254,1-13-2026,Montréal,3,Ottawa,5,shot,1,15:57,957,2,0,,,186,267,,2,5,222,3,FALSE,Non quality on net,Snap
20252026,Regular,254,1-13-2026,Montréal,3,Ottawa,5,shot,1,17:56,1076,2,0,,,98,89,,2,4,222,3,FALSE,Quality on net,Snap
20252026,Regular,254,1-13-2026,Montréal,3,Ottawa,5,shot,1,18:11,1091,2,0,,,98,241,,2,98,222,3,FALSE,Non quality on net,Wrist
20252026,Regular,254,1-13-2026,Montréal,3,Ottawa,5,shot,1,19:56,1196,2,0,,,483,223,,-2,240,28,5,FALSE,Quality on net,Snap
20252026,Regular,254,1-13-2026,Montréal,3,Ottawa,5,shot,1,19:57,1197,2,0,,,544,152,,-2,223,28,5,TRUE,Quality goal,Backhand
20252026,Regular,254,1-13-2026,Montréal,3,Ottawa,5,shot,2,1:33,1293,2,1,,,202,66,,1,84,222,3,FALSE,Non quality on net,Slap
20252026,Regular,254,1-13-2026,Montréal,3,Ottawa,5,shot,2,1:37,1297,2,1,,,65,28,,1,98,222,3,FALSE,Non quality on net,Wrist
20252026,Regular,254,1-13-2026,Montréal,3,Ottawa,5,shot,2,2:02,1322,2,1,,,535,279,,-1,286,28,5,FALSE,Non quality on net,Snap
20252026,Regular,254,1-13-2026,Montréal,3,Ottawa,5,shot,2,2:25,1345,2,1,,,458,210,,-1,240,28,5,FALSE,Quality on net,Snap
20252026,Regular,254,1-13-2026,Montréal,3,Ottawa,5,shot,2,4:45,1485,2,1,,,529,162,,-1,58,28,5,FALSE,Quality on net,Snap
20252026,Regular,254,1-13-2026,Montréal,3,Ottawa,5,shot,2,5:27,1527,2,1,,,141,163,,1,83,222,3,FALSE,Quality on net,Wrist
20252026,Regular,254,1-13-2026,Montréal,3,Ottawa,5,shot,2,6:24,1584,2,1,,,97,158,,1,35,222,3,FALSE,Quality on net,Snap
20252026,Regular,254,1-13-2026,Montréal,3,Ottawa,5,shot,2,7:16,1636,2,1,,,117,144,,1,32,222,3,FALSE,Quality on net,Snap
20252026,Regular,254,1-13-2026,Montréal,3,Ottawa,5,shot,2,10:00,1800,2,1,,,57,152,,1,32,222,3,FALSE,Quality on net,Tip
20252026,Regular,254,1-13-2026,Montréal,3,Ottawa,5,shot,2,10:13,1813,2,1,,,50,161,,1,32,222,3,FALSE,Quality on net,Backhand
20252026,Regular,254,1-13-2026,Montréal,3,Ottawa,5,shot,2,11:33,1893,2,1,,,75,144,,1,272,222,3,FALSE,Quality on net,Tip
20252026,Regular,254,1-13-2026,Montréal,3,Ottawa,5,shot,2,14:21,2061,2,1,,,99,168,,-1,220,28,5,FALSE,Quality on net,Wrist
20252026,Regular,254,1-13-2026,Montréal,3,Ottawa,5,shot,2,16:37,2197,2,1,,,39,249,,1,274,222,3,FALSE,Non quality on net,Wrist
20252026,Regular,254,1-13-2026,Montréal,3,Ottawa,5,shot,2,16:39,2199,2,1,,,67,189,,1,272,222,3,FALSE,Quality on net,Backhand
20252026,Regular,254,1-13-2026,Montréal,3,Ottawa,5,shot,2,18:26,2306,2,1,,,45,197,,1,31,222,3,FALSE,Non quality on net,Backhand
20252026,Regular,254,1-13-2026,Montréal,3,Ottawa,5,shot,2,19:07,2347,2,1,,,111,71,,1,35,222,3,FALSE,Non quality on net,Snap
20252026,Regular,254,1-13-2026,Montréal,3,Ottawa,5,shot,2,19:14,2354,2,1,,,123,112,,1,35,222,3,FALSE,Quality on net,Snap
20252026,Regular,254,1-13-2026,Montréal,3,Ottawa,5,shot,3,2:20,2540,2,1,,,411,41,,-1,38,28,5,FALSE,Non quality on net,Wrist
20252026,Regular,254,1-13-2026,Montréal,3,Ottawa,5,shot,3,5:02,2702,2,1,,,201,244,,1,61,222,3,FALSE,Non quality on net,Snap
20252026,Regular,254,1-13-2026,Montréal,3,Ottawa,5,shot,3,7:49,2869,2,1,,,100,113,,1,83,222,3,FALSE,Quality on net,Wrist
20252026,Regular,254,1-13-2026,Montréal,3,Ottawa,5,shot,3,10:49,3049,2,1,,,243,200,,1,5,222,3,FALSE,Non quality on net,Wrist
20252026,Regular,254,1-13-2026,Montréal,3,Ottawa,5,shot,3,10:53,3053,2,1,,,100,269,,1,32,222,3,FALSE,Non quality on net,Tip
20252026,Regular,254,1-13-2026,Montréal,3,Ottawa,5,shot,3,18:19,3499,2,1,,,159,142,,1,4,222,3,FALSE,Non quality on net,Snap
20252026,Regular,254,1-13-2026,Montréal,3,Ottawa,5,shot,3,19:30,3570,2,1,,,552,218,,-1,53,28,5,FALSE,Non quality on net,Backhand
20252026,Regular,254,1-13-2026,Montréal,3,Ottawa,5,shot,3,19:56,3596,2,1,,,508,102,,-1,88,28,5,FALSE,Quality on net,Wrist
20252026,Regular,255,1-14-2026,Boston,1,Toronto,6,shot,1,1:19,79,0,0,,,513,112,,0,73,6,6,FALSE,Quality on net,Snap
20252026,Regular,255,1-14-2026,Boston,1,Toronto,6,shot,1,2:05,125,0,0,,,135,76,,0,256,211,1,FALSE,Quality on net,Wrist
20252026,Regular,255,1-14-2026,Boston,1,Toronto,6,shot,1,3:37,217,0,0,,,123,100,,0,12,211,1,FALSE,Quality on net,Slap
20252026,Regular,255,1-14-2026,Boston,1,Toronto,6,shot,1,5:01,301,0,0,,,70,81,,0,12,211,1,FALSE,Non quality on net,Snap
20252026,Regular,255,1-14-2026,Boston,1,Toronto,6,shot,1,5:26,326,0,0,,,60,164,,0,1,211,1,FALSE,Quality on net,Default
20252026,Regular,255,1-14-2026,Boston,1,Toronto,6,shot,1,5:55,355,0,0,,,245,82,,0,232,211,1,FALSE,Non quality on net,Default
20252026,Regular,255,1-14-2026,Boston,1,Toronto,6,shot,1,6:33,393,0,0,,,182,153,,0,246,211,1,FALSE,Non quality on net,Default
20252026,Regular,255,1-14-2026,Boston,1,Toronto,6,shot,1,6:53,413,0,0,,,147,100,,0,149,211,1,FALSE,Non quality on net,Default
20252026,Regular,255,1-14-2026,Boston,1,Toronto,6,shot,1,7:24,444,0,0,,,248,114,,0,255,211,1,FALSE,Non quality on net,Default
20252026,Regular,255,1-14-2026,Boston,1,Toronto,6,shot,1,8:29,509,0,0,,,84,96,,0,18,211,1,FALSE,Quality on net,Default
20252026,Regular,255,1-14-2026,Boston,1,Toronto,6,shot,1,10:28,628,0,0,,,465,130,,0,244,6,6,FALSE,Quality on net,Default
20252026,Regular,255,1-14-2026,Boston,1,Toronto,6,shot,1,10:33,633,0,0,,,472,189,,0,68,6,6,FALSE,Quality on net,Default
20252026,Regular,255,1-14-2026,Boston,1,Toronto,6,shot,1,11:25,685,0,0,,,79,200,,0,243,211,1,FALSE,Quality on net,Wrist
20252026,Regular,255,1-14-2026,Boston,1,Toronto,6,shot,1,11:56,716,0,0,,,538,158,,0,73,6,6,FALSE,Quality on net,Default
20252026,Regular,255,1-14-2026,Boston,1,Toronto,6,shot,1,12:21,741,0,0,,,445,90,,0,76,6,6,FALSE,Non quality on net,Snap
20252026,Regular,255,1-14-2026,Boston,1,Toronto,6,shot,1,15:18,918,0,0,,,460,219,,0,68,6,6,FALSE,Quality on net,Snap
20252026,Regular,255,1-14-2026,Boston,1,Toronto,6,shot,1,15:33,933,0,0,,,500,155,,0,56,6,6,FALSE,Quality on net,Default
20252026,Regular,255,1-14-2026,Boston,1,Toronto,6,shot,1,15:36,936,0,0,,,486,138,,0,316,6,6,FALSE,Quality on net,Default
20252026,Regular,255,1-14-2026,Boston,1,Toronto,6,shot,1,15:59,959,0,0,,,507,195,,0,100,6,6,FALSE,Quality on net,Snap
20252026,Regular,255,1-14-2026,Boston,1,Toronto,6,shot,1,19:51,1191,0,0,,,151,54,,0,256,211,1,FALSE,Non quality on net,Snap
20252026,Regular,255,1-14-2026,Boston,1,Toronto,6,shot,2,0:45,1245,0,0,,,77,145,,0,15,211,1,TRUE,Quality goal,Snap
20252026,Regular,255,1-14-2026,Boston,1,Toronto,6,shot,2,5:37,1537,1,0,,,89,129,,1,97,211,1,FALSE,Quality on net,Wrist
20252026,Regular,255,1-14-2026,Boston,1,Toronto,6,shot,2,7:15,1635,1,0,,,67,123,,1,17,211,1,FALSE,Quality on net,Default
20252026,Regular,255,1-14-2026,Boston,1,Toronto,6,shot,2,8:49,1729,1,0,,,81,117,,1,183,211,1,FALSE,Quality on net,Default
20252026,Regular,255,1-14-2026,Boston,1,Toronto,6,shot,2,10:14,1814,1,0,,,484,36,,-1,63,6,6,FALSE,Non quality on net,Slap
20252026,Regular,255,1-14-2026,Boston,1,Toronto,6,shot,2,11:19,1879,1,0,,,190,220,,-1,65,6,6,FALSE,Non quality on net,Default
20252026,Regular,255,1-14-2026,Boston,1,Toronto,6,shot,2,13:48,2028,1,0,,,423,45,,-1,44,6,6,FALSE,Non quality on net,Snap
20252026,Regular,255,1-14-2026,Boston,1,Toronto,6,shot,2,16:05,2165,1,0,,,389,69,,-1,56,6,6,FALSE,Non quality on net,Snap
20252026,Regular,255,1-14-2026,Boston,1,Toronto,6,shot,2,16:24,2184,1,0,,,62,165,,1,259,211,1,FALSE,Quality on net,Default
20252026,Regular,255,1-14-2026,Boston,1,Toronto,6,shot,3,2:00,2520,1,0,,,317,71,,-1,63,6,6,FALSE,Non quality on net,Default
20252026,Regular,255,1-14-2026,Boston,1,Toronto,6,shot,3,4:06,2646,1,0,,,549,131,,-1,100,6,6,FALSE,Quality on net,Default
20252026,Regular,255,1-14-2026,Boston,1,Toronto,6,shot,3,4:48,2688,1,0,,,394,261,,-1,316,6,6,FALSE,Non quality on net,Default
20252026,Regular,255,1-14-2026,Boston,1,Toronto,6,shot,3,5:05,2705,1,0,,,479,105,,-1,66,6,6,FALSE,Quality on net,Snap
20252026,Regular,255,1-14-2026,Boston,1,Toronto,6,shot,3,5:30,2730,1,0,,,455,74,,-1,86,6,6,FALSE,Non quality on net,Default
20252026,Regular,255,1-14-2026,Boston,1,Toronto,6,shot,3,10:23,3023,1,0,,,74,62,,1,97,211,1,FALSE,Non quality on net,Snap
20252026,Regular,255,1-14-2026,Boston,1,Toronto,6,shot,3,10:32,3032,1,0,,,148,250,,1,12,211,1,FALSE,Non quality on net,Default
20252026,Regular,255,1-14-2026,Boston,1,Toronto,6,shot,3,16:15,3375,1,0,,,452,97,,-1,44,6,6,FALSE,Non quality on net,Snap
20252026,Regular,255,1-14-2026,Boston,1,Toronto,6,shot,3,16:53,3413,1,0,,,69,158,,1,183,211,1,FALSE,Quality on net,Default
20252026,Regular,255,1-14-2026,Boston,1,Toronto,6,shot,3,16:54,3414,1,0,,,55,118,,1,183,211,1,TRUE,Quality goal,Default
20252026,Regular,255,1-14-2026,Boston,1,Toronto,6,shot,3,17:59,3479,2,0,,,470,71,,-2,63,6,6,FALSE,Non quality on net,Wrist
20252026,Regular,255,1-14-2026,Boston,1,Toronto,6,shot,3,18:18,3498,2,0,,,528,168,,-2,73,6,6,TRUE,Quality goal,Default
20252026,Regular,255,1-14-2026,Boston,1,Toronto,6,shot,3,18:38,3518,2,1,,,192,264,,1,52,211,1,FALSE,Non quality on net,Slap
20252026,Regular,255,1-14-2026,Boston,1,Toronto,6,shot,3,19:52,3592,2,1,,,544,143,,-1,26,6,6,FALSE,Quality on net,Default
20252026,Regular,256,1-16-2026,New York,4,Minnesota,2,shot,1,2:07,127,0,0,,,207,31,,0,230,22,4,FALSE,Non quality on net,Wrist
20252026,Regular,256,1-16-2026,New York,4,Minnesota,2,shot,1,3:26,206,0,0,,,51,118,,0,245,22,4,FALSE,Non quality on net,Default
20252026,Regular,256,1-16-2026,New York,4,Minnesota,2,shot,1,5:54,354,0,0,,,442,179,,0,21,228,2,FALSE,Non quality on net,Wrist
20252026,Regular,256,1-16-2026,New York,4,Minnesota,2,shot,1,6:26,386,0,0,,,520,158,,0,104,228,2,FALSE,Quality on net,Wrist
20252026,Regular,256,1-16-2026,New York,4,Minnesota,2,shot,1,6:28,388,0,0,,,532,158,,0,104,228,2,FALSE,Quality on net,Tip
20252026,Regular,256,1-16-2026,New York,4,Minnesota,2,shot,1,8:55,535,0,0,,,534,134,,0,189,228,2,TRUE,Quality goal,Default
20252026,Regular,256,1-16-2026,New York,4,Minnesota,2,shot,1,9:09,549,0,1,,,85,75,,-1,280,22,4,FALSE,Non quality on net,Default
20252026,Regular,256,1-16-2026,New York,4,Minnesota,2,shot,1,11:23,683,0,1,,,69,114,,-1,60,22,4,FALSE,Quality on net,Default
20252026,Regular,256,1-16-2026,New York,4,Minnesota,2,shot,1,11:24,684,0,1,,,69,115,,-1,60,22,4,FALSE,Quality on net,Default
20252026,Regular,256,1-16-2026,New York,4,Minnesota,2,shot,1,12:28,748,0,1,,,409,132,,1,23,228,2,FALSE,Non quality on net,Default
20252026,Regular,256,1-16-2026,New York,4,Minnesota,2,shot,1,12:30,750,0,1,,,545,189,,1,167,228,2,FALSE,Non quality on net,Backhand
20252026,Regular,256,1-16-2026,New York,4,Minnesota,2,shot,1,12:31,751,0,1,,,547,71,,1,167,228,2,FALSE,Non quality on net,Default
20252026,Regular,256,1-16-2026,New York,4,Minnesota,2,shot,1,13:36,816,0,1,,,104,104,,-1,40,22,4,FALSE,Quality on net,Snap
20252026,Regular,256,1-16-2026,New York,4,Minnesota,2,shot,1,13:42,822,0,1,,,59,147,,-1,245,22,4,FALSE,Quality on net,Wrist
20252026,Regular,256,1-16-2026,New York,4,Minnesota,2,shot,1,14:30,870,0,1,,,549,109,,1,104,228,2,FALSE,Non quality on net,Default
20252026,Regular,256,1-16-2026,New York,4,Minnesota,2,shot,1,16:24,984,0,1,,,64,180,,-1,280,22,4,TRUE,Quality goal,Snap
20252026,Regular,256,1-16-2026,New York,4,Minnesota,2,shot,2,0:08,1208,1,1,,,273,267,,0,9,22,4,FALSE,Non quality on net,Wrist
20252026,Regular,256,1-16-2026,New York,4,Minnesota,2,shot,2,0:35,1235,1,1,,,508,98,,0,23,228,2,TRUE,Quality goal,Default
20252026,Regular,256,1-16-2026,New York,4,Minnesota,2,shot,2,1:48,1308,1,2,,,563,117,,1,104,228,2,FALSE,Non quality on net,Wrist
20252026,Regular,256,1-16-2026,New York,4,Minnesota,2,shot,2,3:31,1411,1,2,,,526,75,,1,20,228,2,FALSE,Non quality on net,Wrist
20252026,Regular,256,1-16-2026,New York,4,Minnesota,2,shot,2,4:04,1444,1,2,,,135,116,,-1,9,22,4,TRUE,Quality goal,Wrist
20252026,Regular,256,1-16-2026,New York,4,Minnesota,2,shot,2,5:05,1505,2,2,,,84,123,,0,251,22,4,FALSE,Quality on net,Wrist
20252026,Regular,256,1-16-2026,New York,4,Minnesota,2,shot,2,5:57,1557,2,2,,,389,131,,0,236,228,2,FALSE,Non quality on net,Wrist
20252026,Regular,256,1-16-2026,New York,4,Minnesota,2,shot,2,6:23,1583,2,2,,,549,147,,0,25,228,2,FALSE,Quality on net,Wrist
20252026,Regular,256,1-16-2026,New York,4,Minnesota,2,shot,2,6:27,1587,2,2,,,550,141,,0,25,228,2,FALSE,Quality on net,Tip
20252026,Regular,256,1-16-2026,New York,4,Minnesota,2,shot,2,6:36,1596,2,2,,,91,195,,0,249,22,4,FALSE,Quality on net,Wrist
20252026,Regular,256,1-16-2026,New York,4,Minnesota,2,shot,2,8:09,1689,2,2,,,201,32,,0,47,22,4,FALSE,Non quality on net,Wrist
20252026,Regular,256,1-16-2026,New York,4,Minnesota,2,shot,2,9:20,1760,2,2,,,538,144,,0,104,228,2,FALSE,Quality on net,Default
20252026,Regular,256,1-16-2026,New York,4,Minnesota,2,shot,2,10:47,1847,2,2,,,111,100,,0,229,22,4,FALSE,Quality on net,Default
20252026,Regular,256,1-16-2026,New York,4,Minnesota,2,shot,2,10:58,1858,2,2,,,182,127,,0,30,22,4,FALSE,Non quality on net,Wrist
20252026,Regular,256,1-16-2026,New York,4,Minnesota,2,shot,2,12:23,1943,2,2,,,352,151,,0,264,228,2,FALSE,Non quality on net,Wrist
20252026,Regular,256,1-16-2026,New York,4,Minnesota,2,shot,2,19:47,2387,2,2,,,45,123,,0,245,22,4,FALSE,Non quality on net,Snap
20252026,Regular,256,1-16-2026,New York,4,Minnesota,2,shot,2,19:50,2390,2,2,,,81,117,,0,47,22,4,FALSE,Quality on net,Wrist
20252026,Regular,256,1-16-2026,New York,4,Minnesota,2,shot,3,0:53,2453,2,2,,,405,103,,0,188,228,2,FALSE,Non quality on net,Wrist
20252026,Regular,256,1-16-2026,New York,4,Minnesota,2,shot,3,1:38,2498,2,2,,,484,210,,0,190,228,2,FALSE,Quality on net,Wrist
20252026,Regular,256,1-16-2026,New York,4,Minnesota,2,shot,3,2:44,2564,2,2,,,507,191,,0,25,228,2,FALSE,Quality on net,Wrist
20252026,Regular,256,1-16-2026,New York,4,Minnesota,2,shot,3,4:20,2660,2,2,,,130,113,,0,9,22,4,FALSE,Quality on net,Snap
20252026,Regular,256,1-16-2026,New York,4,Minnesota,2,shot,3,4:56,2696,2,2,,,47,225,,0,277,22,4,FALSE,Non quality on net,Wrist
20252026,Regular,256,1-16-2026,New York,4,Minnesota,2,shot,3,5:28,2728,2,2,,,203,110,,0,229,22,4,FALSE,Non quality on net,Wrist
20252026,Regular,256,1-16-2026,New York,4,Minnesota,2,shot,3,8:01,2881,2,2,,,63,165,,0,30,22,4,FALSE,Quality on net,Wrist
20252026,Regular,256,1-16-2026,New York,4,Minnesota,2,shot,3,8:11,2891,2,2,,,475,102,,0,20,228,2,FALSE,Quality on net,Wrist
20252026,Regular,256,1-16-2026,New York,4,Minnesota,2,shot,3,8:15,2895,2,2,,,183,197,,0,251,22,4,FALSE,Non quality on net,Default
20252026,Regular,256,1-16-2026,New York,4,Minnesota,2,shot,3,8:24,2904,2,2,,,542,141,,0,20,228,2,FALSE,Quality on net,Snap
20252026,Regular,256,1-16-2026,New York,4,Minnesota,2,shot,3,10:49,3049,2,2,,,517,139,,0,23,228,2,FALSE,Quality on net,Wrist
20252026,Regular,256,1-16-2026,New York,4,Minnesota,2,shot,3,11:47,3107,2,2,,,202,32,,0,229,22,4,FALSE,Non quality on net,Snap
20252026,Regular,256,1-16-2026,New York,4,Minnesota,2,shot,3,11:59,3119,2,2,,,62,154,,0,277,22,4,FALSE,Quality on net,Snap
20252026,Regular,256,1-16-2026,New York,4,Minnesota,2,shot,3,15:13,3313,2,2,,,530,195,,0,236,228,2,FALSE,Quality on net,Snap
20252026,Regular,256,1-16-2026,New York,4,Minnesota,2,shot,3,15:26,3326,2,2,,,159,167,,0,30,22,4,FALSE,Non quality on net,Wrist
20252026,Regular,256,1-16-2026,New York,4,Minnesota,2,shot,3,15:40,3340,2,2,,,152,164,,0,30,22,4,FALSE,Non quality on net,Wrist
20252026,Regular,256,1-16-2026,New York,4,Minnesota,2,shot,3,17:05,3425,2,2,,,552,189,,0,167,228,2,FALSE,Non quality on net,Default
20252026,Regular,256,1-16-2026,New York,4,Minnesota,2,shot,3,19:13,3553,2,2,,,527,246,,0,188,228,2,FALSE,Non quality on net,Wrist
20252026,Regular,256,1-16-2026,New York,4,Minnesota,2,shot,4,0:52,3652,2,2,,,543,139,,0,20,228,2,TRUE,Quality goal,Tip
20252026,Regular,257,1-17-2026,Toronto,6,Vancouver,9,shot,1,0:12,12,0,0,,,181,21,,0,63,59,6,FALSE,Non quality on net,Slap
20252026,Regular,257,1-17-2026,Toronto,6,Vancouver,9,shot,1,2:24,144,0,0,,,75,153,,0,67,59,6,FALSE,Quality on net,Wrist
20252026,Regular,257,1-17-2026,Toronto,6,Vancouver,9,shot,1,3:02,182,0,0,,,192,77,,0,68,59,6,FALSE,Non quality on net,Wrist
20252026,Regular,257,1-17-2026,Toronto,6,Vancouver,9,shot,1,5:46,346,0,0,,,207,35,,0,67,59,6,FALSE,Non quality on net,Default
20252026,Regular,257,1-17-2026,Toronto,6,Vancouver,9,shot,1,8:03,483,0,0,,,543,140,,0,114,211,9,FALSE,Quality on net,Tip
20252026,Regular,257,1-17-2026,Toronto,6,Vancouver,9,shot,1,8:17,497,0,0,,,507,230,,0,11,211,9,FALSE,Non quality on net,Slap
20252026,Regular,257,1-17-2026,Toronto,6,Vancouver,9,shot,1,8:32,512,0,0,,,537,244,,0,209,211,9,FALSE,Non quality on net,Wrist
20252026,Regular,257,1-17-2026,Toronto,6,Vancouver,9,shot,1,8:46,526,0,0,,,404,57,,0,63,59,6,FALSE,Non quality on net,Wrist
20252026,Regular,257,1-17-2026,Toronto,6,Vancouver,9,shot,1,11:19,679,0,0,,,81,71,,0,316,59,6,FALSE,Non quality on net,Backhand
20252026,Regular,257,1-17-2026,Toronto,6,Vancouver,9,shot,1,11:53,713,0,0,,,209,48,,0,68,59,6,FALSE,Non quality on net,Wrist
20252026,Regular,257,1-17-2026,Toronto,6,Vancouver,9,shot,1,12:14,734,0,0,,,176,192,,0,56,59,6,FALSE,Non quality on net,Wrist
20252026,Regular,257,1-17-2026,Toronto,6,Vancouver,9,shot,1,12:51,771,0,0,,,129,151,,0,100,59,6,FALSE,Quality on net,Snap
20252026,Regular,257,1-17-2026,Toronto,6,Vancouver,9,shot,1,13:00,780,0,0,,,116,17,,0,44,59,6,FALSE,Non quality on net,Wrist
20252026,Regular,257,1-17-2026,Toronto,6,Vancouver,9,shot,1,14:20,860,0,0,,,170,237,,0,73,59,6,FALSE,Non quality on net,Wrist
20252026,Regular,257,1-17-2026,Toronto,6,Vancouver,9,shot,1,14:25,865,0,0,,,49,168,,0,66,59,6,FALSE,Quality on net,Default
20252026,Regular,257,1-17-2026,Toronto,6,Vancouver,9,shot,1,15:16,916,0,0,,,492,209,,0,11,211,9,FALSE,Quality on net,Default
20252026,Regular,257,1-17-2026,Toronto,6,Vancouver,9,shot,1,15:34,934,0,0,,,123,219,,0,44,59,6,FALSE,Quality on net,Wrist
20252026,Regular,257,1-17-2026,Toronto,6,Vancouver,9,shot,1,15:37,937,0,0,,,152,21,,0,44,59,6,FALSE,Non quality on net,Slap
20252026,Regular,257,1-17-2026,Toronto,6,Vancouver,9,shot,1,15:52,952,0,0,,,61,237,,0,76,59,6,FALSE,Non quality on net,Wrist
20252026,Regular,257,1-17-2026,Toronto,6,Vancouver,9,shot,1,17:27,1047,0,0,,,207,98,,0,44,59,6,FALSE,Non quality on net,Wrist
20252026,Regular,257,1-17-2026,Toronto,6,Vancouver,9,shot,1,18:02,1082,0,0,,,119,126,,0,63,59,6,FALSE,Quality on net,Wrist
20252026,Regular,257,1-17-2026,Toronto,6,Vancouver,9,shot,1,18:13,1093,0,0,,,90,23,,0,63,59,6,FALSE,Non quality on net,Slap
20252026,Regular,257,1-17-2026,Toronto,6,Vancouver,9,shot,1,18:44,1124,0,0,,,69,113,,0,56,59,6,FALSE,Quality on net,Wrist
20252026,Regular,257,1-17-2026,Toronto,6,Vancouver,9,shot,1,18:55,1135,0,0,,,78,92,,0,56,59,6,FALSE,Non quality on net,Default
20252026,Regular,257,1-17-2026,Toronto,6,Vancouver,9,shot,2,0:50,1250,0,0,,,441,54,,0,169,211,9,FALSE,Non quality on net,Wrist
20252026,Regular,257,1-17-2026,Toronto,6,Vancouver,9,shot,2,1:00,1260,0,0,,,555,175,,0,89,211,9,FALSE,Non quality on net,Wrist
20252026,Regular,257,1-17-2026,Toronto,6,Vancouver,9,shot,2,2:09,1329,0,0,,,481,183,,0,75,211,9,FALSE,Quality on net,Wrist
20252026,Regular,257,1-17-2026,Toronto,6,Vancouver,9,shot,2,3:12,1392,0,0,,,447,111,,0,86,59,6,FALSE,Non quality on net,Default
20252026,Regular,257,1-17-2026,Toronto,6,Vancouver,9,shot,2,3:23,1403,0,0,,,481,80,,0,75,211,9,FALSE,Quality on net,Wrist
20252026,Regular,257,1-17-2026,Toronto,6,Vancouver,9,shot,2,4:34,1474,0,0,,,433,150,,0,209,211,9,FALSE,Non quality on net,Wrist
20252026,Regular,257,1-17-2026,Toronto,6,Vancouver,9,shot,2,9:45,1785,0,0,,,489,241,,0,115,211,9,FALSE,Non quality on net,Wrist
20252026,Regular,257,1-17-2026,Toronto,6,Vancouver,9,shot,2,9:50,1790,0,0,,,435,228,,0,11,211,9,FALSE,Non quality on net,Wrist
20252026,Regular,257,1-17-2026,Toronto,6,Vancouver,9,shot,2,10:38,1838,0,0,,,58,170,,0,63,59,6,FALSE,Quality on net,Wrist
20252026,Regular,257,1-17-2026,Toronto,6,Vancouver,9,shot,2,11:13,1873,0,0,,,77,56,,0,66,59,6,FALSE,Non quality on net,Wrist
20252026,Regular,257,1-17-2026,Toronto,6,Vancouver,9,shot,2,11:52,1912,0,0,,,179,114,,0,68,59,6,FALSE,Non quality on net,Wrist
20252026,Regular,257,1-17-2026,Toronto,6,Vancouver,9,shot,2,12:06,1926,0,0,,,49,174,,0,66,59,6,FALSE,Quality on net,Default
20252026,Regular,257,1-17-2026,Toronto,6,Vancouver,9,shot,2,12:13,1933,0,0,,,533,134,,0,89,211,9,FALSE,Quality on net,Wrist
20252026,Regular,257,1-17-2026,Toronto,6,Vancouver,9,shot,2,12:43,1963,0,0,,,84,87,,0,56,59,6,TRUE,Non quality goal,Wrist
20252026,Regular,257,1-17-2026,Toronto,6,Vancouver,9,shot,2,13:12,1992,1,0,,,539,167,,-1,75,211,9,TRUE,Quality goal,Tip
20252026,Regular,257,1-17-2026,Toronto,6,Vancouver,9,shot,2,14:04,2044,1,1,,,396,169,,0,11,211,9,FALSE,Non quality on net,Slap
20252026,Regular,257,1-17-2026,Toronto,6,Vancouver,9,shot,2,14:19,2059,1,1,,,364,29,,0,169,211,9,FALSE,Non quality on net,Wrist
20252026,Regular,257,1-17-2026,Toronto,6,Vancouver,9,shot,2,16:06,2166,1,1,,,460,141,,0,114,211,9,FALSE,Quality on net,Wrist
20252026,Regular,257,1-17-2026,Toronto,6,Vancouver,9,shot,2,16:25,2185,1,1,,,73,147,,0,67,59,6,FALSE,Quality on net,Wrist
20252026,Regular,257,1-17-2026,Toronto,6,Vancouver,9,shot,2,16:26,2186,1,1,,,59,147,,0,67,59,6,FALSE,Quality on net,Wrist
20252026,Regular,257,1-17-2026,Toronto,6,Vancouver,9,shot,2,16:27,2187,1,1,,,62,162,,0,26,59,6,FALSE,Quality on net,Wrist
20252026,Regular,257,1-17-2026,Toronto,6,Vancouver,9,shot,2,16:28,2188,1,1,,,57,171,,0,76,59,6,FALSE,Quality on net,Wrist
20252026,Regular,257,1-17-2026,Toronto,6,Vancouver,9,shot,2,16:50,2210,1,1,,,129,15,,0,44,59,6,FALSE,Non quality on net,Wrist
20252026,Regular,257,1-17-2026,Toronto,6,Vancouver,9,shot,2,19:10,2350,1,1,,,399,234,,0,11,211,9,FALSE,Non quality on net,Snap
20252026,Regular,257,1-17-2026,Toronto,6,Vancouver,9,shot,3,1:00,2460,1,1,,,59,151,,0,76,59,6,FALSE,Quality on net,Wrist
20252026,Regular,257,1-17-2026,Toronto,6,Vancouver,9,shot,3,2:03,2523,1,1,,,89,56,,0,316,59,6,FALSE,Non quality on net,Wrist
20252026,Regular,257,1-17-2026,Toronto,6,Vancouver,9,shot,3,2:07,2527,1,1,,,143,26,,0,244,59,6,FALSE,Non quality on net,Default
20252026,Regular,257,1-17-2026,Toronto,6,Vancouver,9,shot,3,4:31,2671,1,1,,,79,247,,0,63,59,6,FALSE,Non quality on net,Wrist
20252026,Regular,257,1-17-2026,Toronto,6,Vancouver,9,shot,3,4:58,2698,1,1,,,89,105,,0,44,59,6,FALSE,Quality on net,Wrist
20252026,Regular,257,1-17-2026,Toronto,6,Vancouver,9,shot,3,5:16,2716,1,1,,,46,167,,0,100,59,6,FALSE,Quality on net,Wrist
20252026,Regular,257,1-17-2026,Toronto,6,Vancouver,9,shot,3,5:18,2718,1,1,,,57,164,,0,100,59,6,FALSE,Quality on net,Wrist
20252026,Regular,257,1-17-2026,Toronto,6,Vancouver,9,shot,3,6:33,2793,1,1,,,493,133,,0,252,211,9,FALSE,Quality on net,Wrist
20252026,Regular,257,1-17-2026,Toronto,6,Vancouver,9,shot,3,9:40,2980,1,1,,,130,21,,0,86,59,6,FALSE,Non quality on net,Default
20252026,Regular,257,1-17-2026,Toronto,6,Vancouver,9,shot,3,13:06,3186,1,1,,,286,262,,0,56,59,6,FALSE,Non quality on net,Wrist
20252026,Regular,257,1-17-2026,Toronto,6,Vancouver,9,shot,3,14:17,3257,1,1,,,327,275,,0,305,211,9,FALSE,Non quality on net,Wrist
20252026,Regular,257,1-17-2026,Toronto,6,Vancouver,9,shot,3,14:51,3291,1,1,,,495,251,,0,198,211,9,FALSE,Non quality on net,Wrist
20252026,Regular,257,1-17-2026,Toronto,6,Vancouver,9,shot,3,16:37,3397,1,1,,,53,59,,0,67,59,6,FALSE,Non quality on net,Wrist
20252026,Regular,257,1-17-2026,Toronto,6,Vancouver,9,shot,3,17:04,3424,1,1,,,63,210,,0,100,59,6,FALSE,Non quality on net,Wrist
20252026,Regular,257,1-17-2026,Toronto,6,Vancouver,9,shot,3,17:56,3476,1,1,,,501,140,,0,89,211,9,FALSE,Quality on net,Slap
20252026,Regular,257,1-17-2026,Toronto,6,Vancouver,9,shot,3,18:03,3483,1,1,,,476,227,,0,198,211,9,FALSE,Non quality on net,Wrist
20252026,Regular,257,1-17-2026,Toronto,6,Vancouver,9,shot,3,19:04,3544,1,1,,,387,58,,0,129,211,9,FALSE,Non quality on net,Default
20252026,Regular,257,1-17-2026,Toronto,6,Vancouver,9,shot,3,19:59,3599,1,1,,,547,98,,0,169,211,9,FALSE,Non quality on net,Snap
20252026,Regular,257,1-17-2026,Toronto,6,Vancouver,9,shot,4,2:16,3736,1,1,,,100,172,,0,63,59,6,TRUE,Quality goal,Wrist
20252026,Regular,257,1-17-2026,Toronto,6,Vancouver,9,shot,4,4:52,3892,2,1,,,87,231,,1,63,59,6,FALSE,Non quality on net,Wrist
20252026,Regular,258,1-18-2026,New York,4,Montréal,3,shot,1,0:22,22,0,0,,,75,122,,0,280,28,4,FALSE,Quality on net,Tip
20252026,Regular,258,1-18-2026,New York,4,Montréal,3,shot,1,1:24,84,0,0,,,55,154,,0,245,28,4,TRUE,Quality goal,Default
20252026,Regular,258,1-18-2026,New York,4,Montréal,3,shot,1,2:17,137,1,0,,,489,274,,-1,39,228,3,FALSE,Non quality on net,Snap
20252026,Regular,258,1-18-2026,New York,4,Montréal,3,shot,1,3:40,220,1,0,,,525,267,,-1,32,228,3,FALSE,Non quality on net,Snap
20252026,Regular,258,1-18-2026,New York,4,Montréal,3,shot,1,4:01,241,1,0,,,357,277,,-1,42,228,3,FALSE,Non quality on net,Snap
20252026,Regular,258,1-18-2026,New York,4,Montréal,3,shot,1,6:11,371,1,0,,,500,284,,-1,32,228,3,FALSE,Non quality on net,Snap
20252026,Regular,258,1-18-2026,New York,4,Montréal,3,shot,1,6:54,414,1,0,,,211,51,,1,251,28,4,FALSE,Non quality on net,Snap
20252026,Regular,258,1-18-2026,New York,4,Montréal,3,shot,1,7:05,425,1,0,,,207,142,,1,87,28,4,FALSE,Non quality on net,Snap
20252026,Regular,258,1-18-2026,New York,4,Montréal,3,shot,1,9:05,545,1,0,,,460,228,,-1,98,228,3,FALSE,Non quality on net,Snap
20252026,Regular,258,1-18-2026,New York,4,Montréal,3,shot,1,9:19,559,1,0,,,466,152,,-1,4,228,3,FALSE,Quality on net,Snap
20252026,Regular,258,1-18-2026,New York,4,Montréal,3,shot,1,10:37,637,1,0,,,126,51,,1,230,28,4,FALSE,Non quality on net,Snap
20252026,Regular,258,1-18-2026,New York,4,Montréal,3,shot,1,11:21,681,1,0,,,399,272,,-1,83,228,3,FALSE,Non quality on net,Snap
20252026,Regular,258,1-18-2026,New York,4,Montréal,3,shot,1,11:27,687,1,0,,,117,129,,1,205,28,4,FALSE,Quality on net,Snap
20252026,Regular,258,1-18-2026,New York,4,Montréal,3,shot,1,13:15,795,1,0,,,459,73,,-1,32,228,3,FALSE,Quality on net,Slap
20252026,Regular,258,1-18-2026,New York,4,Montréal,3,shot,1,13:29,809,1,0,,,497,226,,-1,31,228,3,FALSE,Quality on net,Snap
20252026,Regular,258,1-18-2026,New York,4,Montréal,3,shot,1,15:06,906,1,0,,,557,166,,-1,98,228,3,FALSE,Quality on net,Snap
20252026,Regular,258,1-18-2026,New York,4,Montréal,3,shot,1,15:53,953,1,0,,,565,141,,-1,199,228,3,FALSE,Quality on net,Wrist
20252026,Regular,258,1-18-2026,New York,4,Montréal,3,shot,1,16:53,1013,1,0,,,168,11,,-1,5,228,3,FALSE,Non quality on net,Snap
20252026,Regular,258,1-18-2026,New York,4,Montréal,3,shot,1,19:29,1169,1,0,,,395,199,,-1,79,228,3,TRUE,Non quality goal,Slap
20252026,Regular,258,1-18-2026,New York,4,Montréal,3,shot,2,0:47,1247,1,1,,,521,191,,0,4,228,3,FALSE,Quality on net,Snap
20252026,Regular,258,1-18-2026,New York,4,Montréal,3,shot,2,3:40,1420,1,1,,,201,173,,0,79,228,3,FALSE,Non quality on net,Wrist
20252026,Regular,258,1-18-2026,New York,4,Montréal,3,shot,2,4:26,1466,1,1,,,553,119,,0,4,228,3,FALSE,Non quality on net,Wrist
20252026,Regular,258,1-18-2026,New York,4,Montréal,3,shot,2,4:53,1493,1,1,,,79,171,,0,280,28,4,FALSE,Quality on net,Snap
20252026,Regular,258,1-18-2026,New York,4,Montréal,3,shot,2,4:55,1495,1,1,,,85,163,,0,230,28,4,FALSE,Quality on net,Snap
20252026,Regular,258,1-18-2026,New York,4,Montréal,3,shot,2,6:13,1573,1,1,,,547,191,,0,42,228,3,FALSE,Non quality on net,Snap
20252026,Regular,258,1-18-2026,New York,4,Montréal,3,shot,2,7:07,1627,1,1,,,111,185,,0,30,28,4,FALSE,Quality on net,Snap
20252026,Regular,258,1-18-2026,New York,4,Montréal,3,shot,2,8:27,1707,1,1,,,97,102,,0,5,228,3,FALSE,Quality on net,Wrist
20252026,Regular,258,1-18-2026,New York,4,Montréal,3,shot,2,9:00,1740,1,1,,,181,221,,0,229,28,4,FALSE,Non quality on net,Snap
20252026,Regular,258,1-18-2026,New York,4,Montréal,3,shot,2,10:11,1811,1,1,,,81,156,,0,30,28,4,FALSE,Quality on net,Tip
20252026,Regular,258,1-18-2026,New York,4,Montréal,3,shot,2,10:11,1811,1,1,,,64,143,,0,40,28,4,FALSE,Quality on net,Wrist
20252026,Regular,258,1-18-2026,New York,4,Montréal,3,shot,2,12:39,1959,1,1,,,210,161,,0,251,28,4,FALSE,Non quality on net,Snap
20252026,Regular,258,1-18-2026,New York,4,Montréal,3,shot,2,14:06,2046,1,1,,,529,140,,0,98,228,3,FALSE,Quality on net,Backhand
20252026,Regular,258,1-18-2026,New York,4,Montréal,3,shot,2,14:42,2082,1,1,,,65,190,,0,277,28,4,FALSE,Quality on net,Snap
20252026,Regular,258,1-18-2026,New York,4,Montréal,3,shot,2,14:47,2087,1,1,,,141,215,,0,249,28,4,TRUE,Quality goal,Snap
20252026,Regular,258,1-18-2026,New York,4,Montréal,3,shot,2,17:23,2243,2,1,,,111,121,,1,147,28,4,FALSE,Quality on net,Snap
20252026,Regular,258,1-18-2026,New York,4,Montréal,3,shot,2,18:16,2296,2,1,,,344,157,,-1,83,228,3,FALSE,Non quality on net,Snap
20252026,Regular,258,1-18-2026,New York,4,Montréal,3,shot,3,0:16,2416,2,1,,,163,255,,1,47,28,4,FALSE,Non quality on net,Snap
20252026,Regular,258,1-18-2026,New York,4,Montréal,3,shot,3,0:46,2446,2,1,,,63,202,,1,285,28,4,FALSE,Non quality on net,Snap
20252026,Regular,258,1-18-2026,New York,4,Montréal,3,shot,3,1:53,2513,2,1,,,111,211,,1,9,28,4,FALSE,Quality on net,Snap
20252026,Regular,258,1-18-2026,New York,4,Montréal,3,shot,3,2:41,2561,2,1,,,117,230,,1,285,28,4,FALSE,Non quality on net,Snap
20252026,Regular,258,1-18-2026,New York,4,Montréal,3,shot,3,4:26,2666,2,1,,,186,264,,1,60,28,4,FALSE,Non quality on net,Snap
20252026,Regular,258,1-18-2026,New York,4,Montréal,3,shot,3,5:10,2710,2,1,,,471,69,,-1,35,228,3,FALSE,Non quality on net,Snap
20252026,Regular,258,1-18-2026,New York,4,Montréal,3,shot,3,5:28,2728,2,1,,,534,124,,-1,39,228,3,FALSE,Quality on net,Snap
20252026,Regular,258,1-18-2026,New York,4,Montréal,3,shot,3,5:29,2729,2,1,,,550,135,,-1,39,228,3,FALSE,Quality on net,Snap
20252026,Regular,258,1-18-2026,New York,4,Montréal,3,shot,3,5:59,2759,2,1,,,387,143,,-1,51,228,3,FALSE,Non quality on net,Snap
20252026,Regular,258,1-18-2026,New York,4,Montréal,3,shot,3,6:00,2760,2,1,,,513,129,,-1,32,228,3,FALSE,Quality on net,Backhand
20252026,Regular,258,1-18-2026,New York,4,Montréal,3,shot,3,8:34,2914,2,1,,,178,208,,1,229,28,4,FALSE,Non quality on net,Slap
20252026,Regular,258,1-18-2026,New York,4,Montréal,3,shot,3,9:59,2999,2,1,,,546,154,,-1,272,228,3,FALSE,Quality on net,Snap
20252026,Regular,258,1-18-2026,New York,4,Montréal,3,shot,3,10:01,3001,2,1,,,535,207,,-1,199,228,3,FALSE,Non quality on net,Backhand
20252026,Regular,258,1-18-2026,New York,4,Montréal,3,shot,3,10:20,3020,2,1,,,120,212,,1,205,28,4,FALSE,Quality on net,Snap
20252026,Regular,258,1-18-2026,New York,4,Montréal,3,shot,3,12:04,3124,2,1,,,524,181,,-1,31,228,3,FALSE,Quality on net,Snap
20252026,Regular,258,1-18-2026,New York,4,Montréal,3,shot,3,13:27,3207,2,1,,,519,201,,-1,31,228,3,FALSE,Quality on net,Slap
20252026,Regular,258,1-18-2026,New York,4,Montréal,3,shot,3,14:54,3294,2,1,,,216,267,,1,207,28,4,FALSE,Non quality on net,Wrist
20252026,Regular,258,1-18-2026,New York,4,Montréal,3,shot,3,15:18,3318,2,1,,,110,280,,-1,51,228,3,FALSE,Non quality on net,Wrist
20252026,Regular,258,1-18-2026,New York,4,Montréal,3,shot,3,16:10,3370,2,1,,,522,93,,-1,31,228,3,FALSE,Non quality on net,Snap
20252026,Regular,258,1-18-2026,New York,4,Montréal,3,shot,3,16:27,3387,2,1,,,78,100,,1,285,28,4,FALSE,Quality on net,Snap
20252026,Regular,258,1-18-2026,New York,4,Montréal,3,shot,3,16:35,3395,2,1,,,97,210,,1,280,28,4,FALSE,Quality on net,Snap
20252026,Regular,258,1-18-2026,New York,4,Montréal,3,shot,3,17:00,3420,2,1,,,248,261,,1,245,28,4,FALSE,Non quality on net,Wrist
20252026,Regular,258,1-18-2026,New York,4,Montréal,3,shot,3,17:41,3461,2,1,,,549,151,,-1,32,228,3,FALSE,Quality on net,Tip
20252026,Regular,259,1-18-2026,Seattle,8,Boston,1,shot,1,2:12,132,0,0,,,66,194,,0,210,6,8,FALSE,Non quality on net,Wrist
20252026,Regular,259,1-18-2026,Seattle,8,Boston,1,shot,1,4:21,261,0,0,,,136,193,,0,142,6,8,FALSE,Quality on net,Wrist
20252026,Regular,259,1-18-2026,Seattle,8,Boston,1,shot,1,5:37,337,0,0,,,174,202,,0,196,6,8,FALSE,Non quality on net,Wrist
20252026,Regular,259,1-18-2026,Seattle,8,Boston,1,shot,1,6:52,412,0,0,,,156,245,,0,34,6,8,FALSE,Non quality on net,Snap
20252026,Regular,259,1-18-2026,Seattle,8,Boston,1,shot,1,6:53,413,0,0,,,167,262,,0,34,6,8,FALSE,Non quality on net,Snap
20252026,Regular,259,1-18-2026,Seattle,8,Boston,1,shot,1,9:06,546,0,0,,,83,111,,0,36,6,8,FALSE,Quality on net,Default
20252026,Regular,259,1-18-2026,Seattle,8,Boston,1,shot,1,10:58,658,0,0,,,471,69,,0,78,155,1,FALSE,Non quality on net,Snap
20252026,Regular,259,1-18-2026,Seattle,8,Boston,1,shot,1,12:28,748,0,0,,,423,203,,0,12,155,1,TRUE,Non quality goal,Slap
20252026,Regular,259,1-18-2026,Seattle,8,Boston,1,shot,1,13:43,823,0,1,,,487,45,,1,78,155,1,FALSE,Non quality on net,Snap
20252026,Regular,259,1-18-2026,Seattle,8,Boston,1,shot,1,14:52,892,0,1,,,202,273,,-1,203,6,8,FALSE,Non quality on net,Wrist
20252026,Regular,259,1-18-2026,Seattle,8,Boston,1,shot,1,15:24,924,0,1,,,62,151,,-1,224,6,8,FALSE,Quality on net,Backhand
20252026,Regular,259,1-18-2026,Seattle,8,Boston,1,shot,1,15:57,957,0,1,,,442,221,,1,259,155,1,FALSE,Non quality on net,Wrist
20252026,Regular,259,1-18-2026,Seattle,8,Boston,1,shot,1,16:37,997,0,1,,,183,60,,-1,2,6,8,FALSE,Non quality on net,Wrist
20252026,Regular,259,1-18-2026,Seattle,8,Boston,1,shot,1,17:16,1036,0,1,,,49,83,,-1,181,6,8,FALSE,Non quality on net,Slap
20252026,Regular,259,1-18-2026,Seattle,8,Boston,1,shot,1,18:34,1114,0,1,,,63,56,,-1,210,6,8,FALSE,Non quality on net,Wrist
20252026,Regular,259,1-18-2026,Seattle,8,Boston,1,shot,2,1:59,1319,0,1,,,95,138,,-1,210,6,8,FALSE,Quality on net,Backhand
20252026,Regular,259,1-18-2026,Seattle,8,Boston,1,shot,2,2:18,1338,0,1,,,163,83,,-1,210,6,8,FALSE,Non quality on net,Wrist
20252026,Regular,259,1-18-2026,Seattle,8,Boston,1,shot,2,3:41,1421,0,1,,,542,140,,1,17,155,1,FALSE,Quality on net,Default
20252026,Regular,259,1-18-2026,Seattle,8,Boston,1,shot,2,3:46,1426,0,1,,,483,153,,1,17,155,1,FALSE,Quality on net,Backhand
20252026,Regular,259,1-18-2026,Seattle,8,Boston,1,shot,2,3:50,1430,0,1,,,495,103,,1,246,155,1,FALSE,Quality on net,Wrist
20252026,Regular,259,1-18-2026,Seattle,8,Boston,1,shot,2,5:47,1547,0,1,,,81,67,,-1,210,6,8,TRUE,Non quality goal,Slap
20252026,Regular,259,1-18-2026,Seattle,8,Boston,1,shot,2,9:07,1747,1,1,,,183,255,,0,208,6,8,FALSE,Non quality on net,Wrist
20252026,Regular,259,1-18-2026,Seattle,8,Boston,1,shot,2,11:18,1878,1,1,,,331,285,,0,255,155,1,FALSE,Non quality on net,Wrist
20252026,Regular,259,1-18-2026,Seattle,8,Boston,1,shot,2,11:42,1902,1,1,,,184,262,,0,13,6,8,FALSE,Non quality on net,Wrist
20252026,Regular,259,1-18-2026,Seattle,8,Boston,1,shot,2,14:13,2053,1,1,,,35,221,,0,196,6,8,FALSE,Non quality on net,Backhand
20252026,Regular,259,1-18-2026,Seattle,8,Boston,1,shot,2,17:06,2226,1,1,,,466,254,,0,246,155,1,FALSE,Non quality on net,Wrist
20252026,Regular,259,1-18-2026,Seattle,8,Boston,1,shot,2,19:05,2345,1,1,,,544,179,,0,149,155,1,FALSE,Quality on net,Backhand
20252026,Regular,259,1-18-2026,Seattle,8,Boston,1,shot,2,19:27,2367,1,1,,,128,234,,0,291,6,8,FALSE,Non quality on net,Wrist
20252026,Regular,259,1-18-2026,Seattle,8,Boston,1,shot,3,0:20,2420,1,1,,,87,174,,0,208,6,8,FALSE,Quality on net,Snap
20252026,Regular,259,1-18-2026,Seattle,8,Boston,1,shot,3,1:49,2509,1,1,,,220,123,,0,13,6,8,FALSE,Non quality on net,Default
20252026,Regular,259,1-18-2026,Seattle,8,Boston,1,shot,3,3:12,2592,1,1,,,197,137,,0,2,6,8,FALSE,Non quality on net,Slap
20252026,Regular,259,1-18-2026,Seattle,8,Boston,1,shot,3,4:06,2646,1,1,,,475,225,,0,243,155,1,FALSE,Quality on net,Backhand
20252026,Regular,259,1-18-2026,Seattle,8,Boston,1,shot,3,4:58,2698,1,1,,,436,135,,0,15,155,1,FALSE,Non quality on net,Default
20252026,Regular,259,1-18-2026,Seattle,8,Boston,1,shot,3,5:21,2721,1,1,,,61,248,,0,181,6,8,FALSE,Non quality on net,Wrist
20252026,Regular,259,1-18-2026,Seattle,8,Boston,1,shot,3,5:49,2749,1,1,,,165,110,,0,34,6,8,FALSE,Non quality on net,Wrist
20252026,Regular,259,1-18-2026,Seattle,8,Boston,1,shot,3,6:34,2794,1,1,,,51,123,,0,210,6,8,FALSE,Quality on net,Tip
20252026,Regular,259,1-18-2026,Seattle,8,Boston,1,shot,3,6:45,2805,1,1,,,163,172,,0,62,6,8,FALSE,Non quality on net,Slap
20252026,Regular,259,1-18-2026,Seattle,8,Boston,1,shot,3,7:09,2829,1,1,,,169,45,,0,138,6,8,FALSE,Non quality on net,Default
20252026,Regular,259,1-18-2026,Seattle,8,Boston,1,shot,3,7:56,2876,1,1,,,91,79,,0,224,6,8,FALSE,Non quality on net,Tip
20252026,Regular,259,1-18-2026,Seattle,8,Boston,1,shot,3,8:04,2884,1,1,,,176,293,,0,203,6,8,FALSE,Non quality on net,Default
20252026,Regular,259,1-18-2026,Seattle,8,Boston,1,shot,3,8:25,2905,1,1,,,79,101,,0,196,6,8,FALSE,Quality on net,Snap
20252026,Regular,259,1-18-2026,Seattle,8,Boston,1,shot,3,11:16,3076,1,1,,,193,180,,0,208,6,8,FALSE,Non quality on net,Snap
20252026,Regular,259,1-18-2026,Seattle,8,Boston,1,shot,3,12:13,3133,1,1,,,472,118,,0,16,155,1,FALSE,Quality on net,Default
20252026,Regular,259,1-18-2026,Seattle,8,Boston,1,shot,3,12:25,3145,1,1,,,465,67,,0,12,155,1,FALSE,Non quality on net,Slap
20252026,Regular,259,1-18-2026,Seattle,8,Boston,1,shot,3,13:41,3221,1,1,,,530,211,,0,243,155,1,FALSE,Non quality on net,Backhand
20252026,Regular,259,1-18-2026,Seattle,8,Boston,1,shot,3,14:03,3243,1,1,,,440,217,,0,246,155,1,FALSE,Non quality on net,Snap
20252026,Regular,259,1-18-2026,Seattle,8,Boston,1,shot,3,14:21,3261,1,1,,,399,153,,0,15,155,1,FALSE,Non quality on net,Slap
20252026,Regular,259,1-18-2026,Seattle,8,Boston,1,shot,3,15:30,3330,1,1,,,554,174,,0,149,155,1,FALSE,Non quality on net,Default
20252026,Regular,259,1-18-2026,Seattle,8,Boston,1,shot,3,17:44,3464,1,1,,,110,292,,0,138,6,8,FALSE,Non quality on net,Default
20252026,Regular,259,1-18-2026,Seattle,8,Boston,1,shot,3,18:05,3485,1,1,,,100,57,,0,224,6,8,FALSE,Non quality on net,Default
20252026,Regular,259,1-18-2026,Seattle,8,Boston,1,shot,3,19:51,3591,1,1,,,175,94,,0,142,6,8,FALSE,Non quality on net,Wrist
20252026,Regular,259,1-18-2026,Seattle,8,Boston,1,shot,4,0:30,3630,1,1,,,213,165,,0,13,6,8,FALSE,Non quality on net,Wrist
20252026,Regular,259,1-18-2026,Seattle,8,Boston,1,shot,4,0:41,3641,1,1,,,507,153,,0,246,155,1,FALSE,Quality on net,Wrist
20252026,Regular,259,1-18-2026,Seattle,8,Boston,1,shot,4,3:12,3792,1,1,,,155,251,,0,142,6,8,FALSE,Non quality on net,Default
20252026,Regular,259,1-18-2026,Seattle,8,Boston,1,shot,4,4:41,3881,1,1,,,439,248,,0,78,155,1,FALSE,Non quality on net,Default
20252026,Regular,259,1-18-2026,Seattle,8,Boston,1,shot,4,4:52,3892,1,1,,,533,226,,0,183,155,1,FALSE,Non quality on net,Default
20252026,Regular,259,1-18-2026,Seattle,8,Boston,1,shot,4,4:59,3899,1,1,,,111,78,,0,181,6,8,FALSE,Quality on net,Wrist
20252026,Regular,260,1-20-2026,New York,4,Ottawa,5,shot,1,4:43,283,0,0,,,441,207,,0,53,282,5,FALSE,Non quality on net,Snap
20252026,Regular,260,1-20-2026,New York,4,Ottawa,5,shot,1,5:35,335,0,0,,,43,154,,0,206,222,4,FALSE,Quality on net,Wrist
20252026,Regular,260,1-20-2026,New York,4,Ottawa,5,shot,1,5:38,338,0,0,,,57,153,,0,206,222,4,FALSE,Quality on net,Wrist
20252026,Regular,260,1-20-2026,New York,4,Ottawa,5,shot,1,5:58,358,0,0,,,51,146,,0,206,222,4,FALSE,Quality on net,Wrist
20252026,Regular,260,1-20-2026,New York,4,Ottawa,5,shot,1,6:21,381,0,0,,,43,161,,0,229,222,4,FALSE,Quality on net,Tip
20252026,Regular,260,1-20-2026,New York,4,Ottawa,5,shot,1,8:37,517,0,0,,,433,158,,0,57,282,5,TRUE,Non quality goal,Snap
20252026,Regular,260,1-20-2026,New York,4,Ottawa,5,shot,1,9:31,571,0,1,,,438,151,,1,118,282,5,FALSE,Non quality on net,Snap
20252026,Regular,260,1-20-2026,New York,4,Ottawa,5,shot,1,9:46,586,0,1,,,81,204,,1,72,282,5,FALSE,Quality on net,Snap
20252026,Regular,260,1-20-2026,New York,4,Ottawa,5,shot,1,11:05,665,0,1,,,84,120,,1,240,282,5,FALSE,Quality on net,Default
20252026,Regular,260,1-20-2026,New York,4,Ottawa,5,shot,1,11:33,693,0,1,,,92,164,,-1,30,222,4,FALSE,Quality on net,Wrist
20252026,Regular,260,1-20-2026,New York,4,Ottawa,5,shot,1,12:11,731,0,1,,,173,122,,-1,229,222,4,FALSE,Non quality on net,Slap
20252026,Regular,260,1-20-2026,New York,4,Ottawa,5,shot,1,13:30,810,0,1,,,103,193,,-1,229,222,4,FALSE,Quality on net,Default
20252026,Regular,260,1-20-2026,New York,4,Ottawa,5,shot,1,13:34,814,0,1,,,59,147,,-1,30,222,4,FALSE,Quality on net,Wrist
20252026,Regular,260,1-20-2026,New York,4,Ottawa,5,shot,1,13:35,815,0,1,,,78,160,,-1,30,222,4,FALSE,Quality on net,Wrist
20252026,Regular,260,1-20-2026,New York,4,Ottawa,5,shot,1,14:07,847,0,1,,,64,137,,-1,245,222,4,FALSE,Quality on net,Wrist
20252026,Regular,260,1-20-2026,New York,4,Ottawa,5,shot,1,14:20,860,0,1,,,141,133,,-1,205,222,4,FALSE,Quality on net,Wrist
20252026,Regular,260,1-20-2026,New York,4,Ottawa,5,shot,1,14:34,874,0,1,,,58,128,,-1,245,222,4,FALSE,Quality on net,Wrist
20252026,Regular,260,1-20-2026,New York,4,Ottawa,5,shot,1,14:36,876,0,1,,,75,149,,-1,280,222,4,FALSE,Quality on net,Backhand
20252026,Regular,260,1-20-2026,New York,4,Ottawa,5,shot,1,16:08,968,0,1,,,491,207,,1,72,282,5,TRUE,Quality goal,Wrist
20252026,Regular,260,1-20-2026,New York,4,Ottawa,5,shot,2,1:26,1286,0,2,,,457,140,,2,219,282,5,FALSE,Quality on net,Backhand
20252026,Regular,260,1-20-2026,New York,4,Ottawa,5,shot,2,3:12,1392,0,2,,,543,103,,2,219,282,5,FALSE,Non quality on net,Tip
20252026,Regular,260,1-20-2026,New York,4,Ottawa,5,shot,2,3:38,1418,0,2,,,296,215,,-2,277,222,4,FALSE,Non quality on net,Snap
20252026,Regular,260,1-20-2026,New York,4,Ottawa,5,shot,2,4:02,1442,0,2,,,54,153,,-2,245,222,4,FALSE,Quality on net,Tip
20252026,Regular,260,1-20-2026,New York,4,Ottawa,5,shot,2,5:21,1521,0,2,,,495,165,,2,53,282,5,FALSE,Quality on net,Snap
20252026,Regular,260,1-20-2026,New York,4,Ottawa,5,shot,2,6:50,1610,0,2,,,512,211,,2,72,282,5,FALSE,Quality on net,Snap
20252026,Regular,260,1-20-2026,New York,4,Ottawa,5,shot,2,6:53,1613,0,2,,,538,120,,2,58,282,5,TRUE,Quality goal,Snap
20252026,Regular,260,1-20-2026,New York,4,Ottawa,5,shot,2,8:29,1709,0,3,,,444,214,,3,88,282,5,FALSE,Non quality on net,Wrist
20252026,Regular,260,1-20-2026,New York,4,Ottawa,5,shot,2,9:18,1758,0,3,,,414,38,,-3,249,222,4,FALSE,Non quality on net,Wrist
20252026,Regular,260,1-20-2026,New York,4,Ottawa,5,shot,2,9:47,1787,0,3,,,247,255,,3,53,282,5,FALSE,Non quality on net,Snap
20252026,Regular,260,1-20-2026,New York,4,Ottawa,5,shot,2,10:28,1828,0,3,,,483,150,,3,72,282,5,FALSE,Quality on net,Backhand
20252026,Regular,260,1-20-2026,New York,4,Ottawa,5,shot,2,12:37,1957,0,3,,,69,111,,-3,205,222,4,FALSE,Quality on net,Backhand
20252026,Regular,260,1-20-2026,New York,4,Ottawa,5,shot,2,12:40,1960,0,3,,,76,143,,-3,87,222,4,TRUE,Quality goal,Snap
20252026,Regular,260,1-20-2026,New York,4,Ottawa,5,shot,2,15:02,2102,1,3,,,286,67,,-2,47,222,4,FALSE,Non quality on net,Wrist
20252026,Regular,260,1-20-2026,New York,4,Ottawa,5,shot,2,15:27,2127,1,3,,,413,227,,2,242,282,5,FALSE,Non quality on net,Snap
20252026,Regular,260,1-20-2026,New York,4,Ottawa,5,shot,2,17:11,2231,1,3,,,146,180,,-2,205,222,4,FALSE,Non quality on net,Snap
20252026,Regular,260,1-20-2026,New York,4,Ottawa,5,shot,2,19:41,2381,1,3,,,59,118,,-2,40,222,4,FALSE,Quality on net,Backhand
20252026,Regular,260,1-20-2026,New York,4,Ottawa,5,shot,3,1:11,2471,1,3,,,462,97,,2,219,282,5,FALSE,Quality on net,Snap
20252026,Regular,260,1-20-2026,New York,4,Ottawa,5,shot,3,1:38,2498,1,3,,,57,166,,-2,280,222,4,FALSE,Quality on net,Wrist
20252026,Regular,260,1-20-2026,New York,4,Ottawa,5,shot,3,2:30,2550,1,3,,,432,183,,2,38,282,5,FALSE,Non quality on net,Snap
20252026,Regular,260,1-20-2026,New York,4,Ottawa,5,shot,3,3:23,2603,1,3,,,201,40,,-2,251,222,4,FALSE,Non quality on net,Slap
20252026,Regular,260,1-20-2026,New York,4,Ottawa,5,shot,3,3:30,2610,1,3,,,87,203,,-2,251,222,4,FALSE,Quality on net,Wrist
20252026,Regular,260,1-20-2026,New York,4,Ottawa,5,shot,3,5:05,2705,1,3,,,499,199,,2,53,282,5,FALSE,Quality on net,Backhand
20252026,Regular,260,1-20-2026,New York,4,Ottawa,5,shot,3,5:14,2714,1,3,,,95,139,,-2,280,222,4,FALSE,Quality on net,Wrist
20252026,Regular,260,1-20-2026,New York,4,Ottawa,5,shot,3,11:00,3060,1,3,,,72,175,,-2,249,222,4,FALSE,Quality on net,Backhand
20252026,Regular,260,1-20-2026,New York,4,Ottawa,5,shot,3,11:55,3115,1,3,,,81,149,,-2,30,222,4,TRUE,Quality goal,Snap
20252026,Regular,260,1-20-2026,New York,4,Ottawa,5,shot,3,12:53,3173,2,3,,,491,177,,1,88,282,5,FALSE,Quality on net,Wrist
20252026,Regular,260,1-20-2026,New York,4,Ottawa,5,shot,3,13:18,3198,2,3,,,189,227,,-1,60,222,4,FALSE,Non quality on net,Wrist
20252026,Regular,260,1-20-2026,New York,4,Ottawa,5,shot,3,13:36,3216,2,3,,,200,193,,-1,60,222,4,FALSE,Non quality on net,Wrist
20252026,Regular,260,1-20-2026,New York,4,Ottawa,5,shot,3,13:39,3219,2,3,,,53,148,,-1,249,222,4,TRUE,Quality goal,Wrist
20252026,Regular,260,1-20-2026,New York,4,Ottawa,5,shot,3,14:30,3270,3,3,,,204,101,,0,60,222,4,FALSE,Non quality on net,Snap
20252026,Regular,260,1-20-2026,New York,4,Ottawa,5,shot,3,16:21,3381,3,3,,,393,45,,0,71,282,5,FALSE,Non quality on net,Snap
20252026,Regular,260,1-20-2026,New York,4,Ottawa,5,shot,3,19:57,3597,3,3,,,54,128,,0,245,222,4,FALSE,Quality on net,Wrist
20252026,Regular,260,1-20-2026,New York,4,Ottawa,5,shot,3,19:59,3599,3,3,,,43,203,,0,280,222,4,FALSE,Non quality on net,Snap
20252026,Regular,260,1-20-2026,New York,4,Ottawa,5,shot,4,1:16,3676,3,3,,,61,150,,0,280,222,4,FALSE,Quality on net,Wrist
20252026,Regular,260,1-20-2026,New York,4,Ottawa,5,shot,4,1:29,3689,3,3,,,547,183,,0,241,282,5,TRUE,Non quality goal,Snap
20252026,Regular,261,1-20-2026,Seattle,8,Toronto,6,shot,1,0:43,43,0,0,,,350,53,,0,56,155,6,FALSE,Non quality on net,Wrist
20252026,Regular,261,1-20-2026,Seattle,8,Toronto,6,shot,1,1:18,78,0,0,,,513,196,,0,76,155,6,TRUE,Quality goal,Wrist
20252026,Regular,261,1-20-2026,Seattle,8,Toronto,6,shot,1,1:53,113,0,1,,,338,279,,-1,36,211,8,FALSE,Non quality on net,Wrist
20252026,Regular,261,1-20-2026,Seattle,8,Toronto,6,shot,1,2:15,135,0,1,,,411,84,,1,44,155,6,FALSE,Non quality on net,Slap
20252026,Regular,261,1-20-2026,Seattle,8,Toronto,6,shot,1,2:19,139,0,1,,,540,183,,1,317,155,6,FALSE,Quality on net,Backhand
20252026,Regular,261,1-20-2026,Seattle,8,Toronto,6,shot,1,2:54,174,0,1,,,531,181,,1,65,155,6,TRUE,Quality goal,Wrist
20252026,Regular,261,1-20-2026,Seattle,8,Toronto,6,shot,1,4:14,254,0,2,,,525,134,,2,316,155,6,FALSE,Quality on net,Snap
20252026,Regular,261,1-20-2026,Seattle,8,Toronto,6,shot,1,5:21,321,0,2,,,511,183,,2,86,155,6,FALSE,Quality on net,Default
20252026,Regular,261,1-20-2026,Seattle,8,Toronto,6,shot,1,5:54,354,0,2,,,453,201,,2,63,155,6,FALSE,Non quality on net,Wrist
20252026,Regular,261,1-20-2026,Seattle,8,Toronto,6,shot,1,6:19,379,0,2,,,47,135,,-2,142,211,8,FALSE,Quality on net,Wrist
20252026,Regular,261,1-20-2026,Seattle,8,Toronto,6,shot,1,6:19,379,0,2,,,56,135,,-2,49,211,8,FALSE,Quality on net,Wrist
20252026,Regular,261,1-20-2026,Seattle,8,Toronto,6,shot,1,6:59,419,0,2,,,93,99,,-2,210,211,8,FALSE,Quality on net,Wrist
20252026,Regular,261,1-20-2026,Seattle,8,Toronto,6,shot,1,7:12,432,0,2,,,217,48,,-2,196,211,8,FALSE,Non quality on net,Snap
20252026,Regular,261,1-20-2026,Seattle,8,Toronto,6,shot,1,8:31,511,0,2,,,60,197,,-2,91,211,8,FALSE,Non quality on net,Wrist
20252026,Regular,261,1-20-2026,Seattle,8,Toronto,6,shot,1,8:39,519,0,2,,,206,57,,-2,2,211,8,FALSE,Non quality on net,Default
20252026,Regular,261,1-20-2026,Seattle,8,Toronto,6,shot,1,9:12,552,0,2,,,440,56,,2,44,155,6,FALSE,Non quality on net,Wrist
20252026,Regular,261,1-20-2026,Seattle,8,Toronto,6,shot,1,9:52,592,0,2,,,48,178,,-2,13,211,8,TRUE,Non quality goal,Wrist
20252026,Regular,261,1-20-2026,Seattle,8,Toronto,6,shot,1,12:33,753,1,2,,,525,170,,1,244,155,6,FALSE,Quality on net,Wrist
20252026,Regular,261,1-20-2026,Seattle,8,Toronto,6,shot,1,13:49,829,1,2,,,39,165,,-1,181,211,8,TRUE,Non quality goal,Tip
20252026,Regular,261,1-20-2026,Seattle,8,Toronto,6,shot,1,17:11,1031,2,2,,,542,134,,0,65,155,6,FALSE,Quality on net,Wrist
20252026,Regular,261,1-20-2026,Seattle,8,Toronto,6,shot,1,17:38,1058,2,2,,,81,131,,0,34,211,8,FALSE,Quality on net,Snap
20252026,Regular,261,1-20-2026,Seattle,8,Toronto,6,shot,1,17:52,1072,2,2,,,88,202,,0,13,211,8,FALSE,Quality on net,Wrist
20252026,Regular,261,1-20-2026,Seattle,8,Toronto,6,shot,1,18:45,1125,2,2,,,501,91,,0,100,155,6,FALSE,Quality on net,Wrist
20252026,Regular,261,1-20-2026,Seattle,8,Toronto,6,shot,1,19:23,1163,2,2,,,83,127,,0,181,211,8,FALSE,Quality on net,Backhand
20252026,Regular,261,1-20-2026,Seattle,8,Toronto,6,shot,2,0:34,1234,2,2,,,175,5,,0,294,211,8,FALSE,Non quality on net,Slap
20252026,Regular,261,1-20-2026,Seattle,8,Toronto,6,shot,2,1:30,1290,2,2,,,454,194,,0,66,155,6,FALSE,Non quality on net,Wrist
20252026,Regular,261,1-20-2026,Seattle,8,Toronto,6,shot,2,1:38,1298,2,2,,,417,96,,0,56,155,6,FALSE,Non quality on net,Wrist
20252026,Regular,261,1-20-2026,Seattle,8,Toronto,6,shot,2,1:42,1302,2,2,,,537,195,,0,66,155,6,FALSE,Non quality on net,Wrist
20252026,Regular,261,1-20-2026,Seattle,8,Toronto,6,shot,2,4:15,1455,2,2,,,45,103,,0,181,211,8,FALSE,Non quality on net,Backhand
20252026,Regular,261,1-20-2026,Seattle,8,Toronto,6,shot,2,4:21,1461,2,2,,,86,143,,0,210,211,8,TRUE,Quality goal,Default
20252026,Regular,261,1-20-2026,Seattle,8,Toronto,6,shot,2,4:46,1486,3,2,,,70,177,,1,210,211,8,FALSE,Quality on net,Wrist
20252026,Regular,261,1-20-2026,Seattle,8,Toronto,6,shot,2,4:46,1486,3,2,,,51,164,,1,210,211,8,FALSE,Quality on net,Wrist
20252026,Regular,261,1-20-2026,Seattle,8,Toronto,6,shot,2,5:36,1536,3,2,,,210,214,,1,203,211,8,FALSE,Non quality on net,Wrist
20252026,Regular,261,1-20-2026,Seattle,8,Toronto,6,shot,2,5:47,1547,3,2,,,454,233,,-1,244,155,6,FALSE,Non quality on net,Wrist
20252026,Regular,261,1-20-2026,Seattle,8,Toronto,6,shot,2,7:01,1621,3,2,,,140,230,,1,210,211,8,FALSE,Non quality on net,Wrist
20252026,Regular,261,1-20-2026,Seattle,8,Toronto,6,shot,2,8:41,1721,3,2,,,493,206,,-1,317,155,6,FALSE,Quality on net,Wrist
20252026,Regular,261,1-20-2026,Seattle,8,Toronto,6,shot,2,9:05,1745,3,2,,,417,161,,-1,44,155,6,FALSE,Non quality on net,Slap
20252026,Regular,261,1-20-2026,Seattle,8,Toronto,6,shot,2,10:01,1801,3,2,,,545,148,,-1,100,155,6,FALSE,Quality on net,Snap
20252026,Regular,261,1-20-2026,Seattle,8,Toronto,6,shot,2,10:19,1819,3,2,,,547,159,,-1,100,155,6,FALSE,Quality on net,Wrist
20252026,Regular,261,1-20-2026,Seattle,8,Toronto,6,shot,2,10:30,1830,3,2,,,406,153,,-1,68,155,6,TRUE,Non quality goal,Wrist
20252026,Regular,261,1-20-2026,Seattle,8,Toronto,6,shot,2,12:22,1942,3,3,,,81,33,,0,99,211,8,FALSE,Non quality on net,Backhand
20252026,Regular,261,1-20-2026,Seattle,8,Toronto,6,shot,2,12:26,1946,3,3,,,177,65,,0,294,211,8,FALSE,Non quality on net,Wrist
20252026,Regular,261,1-20-2026,Seattle,8,Toronto,6,shot,2,14:11,2051,3,3,,,384,249,,0,100,155,6,FALSE,Non quality on net,Wrist
20252026,Regular,261,1-20-2026,Seattle,8,Toronto,6,shot,2,14:13,2053,3,3,,,550,163,,0,244,155,6,FALSE,Quality on net,Backhand
20252026,Regular,261,1-20-2026,Seattle,8,Toronto,6,shot,2,15:36,2136,3,3,,,153,224,,0,224,211,8,FALSE,Non quality on net,Slap
20252026,Regular,261,1-20-2026,Seattle,8,Toronto,6,shot,2,17:08,2228,3,3,,,149,234,,0,13,211,8,FALSE,Non quality on net,Slap
20252026,Regular,261,1-20-2026,Seattle,8,Toronto,6,shot,2,17:12,2232,3,3,,,49,179,,0,36,211,8,FALSE,Non quality on net,Wrist
20252026,Regular,261,1-20-2026,Seattle,8,Toronto,6,shot,2,17:56,2276,3,3,,,100,183,,0,208,211,8,FALSE,Quality on net,Wrist
20252026,Regular,261,1-20-2026,Seattle,8,Toronto,6,shot,3,0:55,2455,3,3,,,502,207,,0,76,155,6,FALSE,Quality on net,Wrist
20252026,Regular,261,1-20-2026,Seattle,8,Toronto,6,shot,3,1:06,2466,3,3,,,457,237,,0,68,155,6,FALSE,Non quality on net,Wrist
20252026,Regular,261,1-20-2026,Seattle,8,Toronto,6,shot,3,2:28,2548,3,3,,,108,164,,0,49,211,8,TRUE,Quality goal,Wrist
20252026,Regular,261,1-20-2026,Seattle,8,Toronto,6,shot,3,3:13,2593,4,3,,,175,120,,1,142,211,8,FALSE,Non quality on net,Wrist
20252026,Regular,261,1-20-2026,Seattle,8,Toronto,6,shot,3,4:52,2692,4,3,,,363,152,,-1,73,155,6,FALSE,Non quality on net,Wrist
20252026,Regular,261,1-20-2026,Seattle,8,Toronto,6,shot,3,5:26,2726,4,3,,,93,161,,1,208,211,8,TRUE,Quality goal,Default
20252026,Regular,261,1-20-2026,Seattle,8,Toronto,6,shot,3,5:54,2754,5,3,,,488,186,,-2,26,155,6,FALSE,Quality on net,Wrist
20252026,Regular,261,1-20-2026,Seattle,8,Toronto,6,shot,3,6:06,2766,5,3,,,545,137,,-2,26,155,6,FALSE,Quality on net,Backhand
20252026,Regular,261,1-20-2026,Seattle,8,Toronto,6,shot,3,7:32,2852,5,3,,,520,103,,-2,67,155,6,FALSE,Quality on net,Backhand
20252026,Regular,261,1-20-2026,Seattle,8,Toronto,6,shot,3,8:10,2890,5,3,,,522,150,,-2,100,155,6,TRUE,Quality goal,Backhand
20252026,Regular,261,1-20-2026,Seattle,8,Toronto,6,shot,3,10:38,3038,5,4,,,52,130,,1,181,211,8,FALSE,Quality on net,Wrist
20252026,Regular,261,1-20-2026,Seattle,8,Toronto,6,shot,3,10:57,3057,5,4,,,93,126,,1,34,211,8,FALSE,Quality on net,Wrist
20252026,Regular,261,1-20-2026,Seattle,8,Toronto,6,shot,3,13:13,3193,5,4,,,333,39,,-1,74,155,6,FALSE,Non quality on net,Wrist
20252026,Regular,261,1-20-2026,Seattle,8,Toronto,6,shot,3,13:43,3223,5,4,,,135,151,,1,138,211,8,FALSE,Quality on net,Wrist
20252026,Regular,261,1-20-2026,Seattle,8,Toronto,6,shot,3,14:27,3267,5,4,,,390,56,,-1,44,155,6,FALSE,Non quality on net,Snap
20252026,Regular,261,1-20-2026,Seattle,8,Toronto,6,shot,3,15:23,3323,5,4,,,52,116,,1,13,211,8,FALSE,Non quality on net,Wrist
20252026,Regular,261,1-20-2026,Seattle,8,Toronto,6,shot,3,17:18,3438,5,4,,,516,153,,-1,244,155,6,FALSE,Quality on net,Backhand
20252026,Regular,261,1-20-2026,Seattle,8,Toronto,6,shot,3,17:30,3450,5,4,,,400,89,,-1,44,155,6,FALSE,Non quality on net,Wrist
20252026,Regular,261,1-20-2026,Seattle,8,Toronto,6,shot,3,18:14,3494,5,4,,,99,147,,1,36,211,8,TRUE,Quality goal,Wrist
20252026,Regular,261,1-20-2026,Seattle,8,Toronto,6,shot,3,19:59,3599,6,4,,,363,97,,-2,65,155,6,FALSE,Non quality on net,Wrist
20252026,Regular,262,1-21-2026,Minnesota,2,Montréal,3,shot,1,2:54,174,0,0,,,119,100,,0,236,28,2,FALSE,Quality on net,Slap
20252026,Regular,262,1-21-2026,Minnesota,2,Montréal,3,shot,1,3:26,206,0,0,,,75,105,,0,25,28,2,FALSE,Quality on net,Snap
20252026,Regular,262,1-21-2026,Minnesota,2,Montréal,3,shot,1,4:27,267,0,0,,,119,225,,0,264,28,2,FALSE,Quality on net,Wrist
20252026,Regular,262,1-21-2026,Minnesota,2,Montréal,3,shot,1,5:36,336,0,0,,,165,170,,0,247,28,2,FALSE,Non quality on net,Wrist
20252026,Regular,262,1-21-2026,Minnesota,2,Montréal,3,shot,1,7:30,450,0,0,,,447,48,,0,84,22,3,FALSE,Non quality on net,Wrist
20252026,Regular,262,1-21-2026,Minnesota,2,Montréal,3,shot,1,7:47,467,0,0,,,57,153,,0,189,28,2,FALSE,Quality on net,Snap
20252026,Regular,262,1-21-2026,Minnesota,2,Montréal,3,shot,1,7:58,478,0,0,,,213,195,,0,188,28,2,FALSE,Non quality on net,Slap
20252026,Regular,262,1-21-2026,Minnesota,2,Montréal,3,shot,1,8:05,485,0,0,,,541,169,,0,35,22,3,FALSE,Quality on net,Backhand
20252026,Regular,262,1-21-2026,Minnesota,2,Montréal,3,shot,1,9:03,543,0,0,,,49,120,,0,20,28,2,FALSE,Non quality on net,Wrist
20252026,Regular,262,1-21-2026,Minnesota,2,Montréal,3,shot,1,11:03,663,0,0,,,445,246,,0,272,22,3,FALSE,Non quality on net,Snap
20252026,Regular,262,1-21-2026,Minnesota,2,Montréal,3,shot,1,11:07,667,0,0,,,559,186,,0,42,22,3,FALSE,Non quality on net,Snap
20252026,Regular,262,1-21-2026,Minnesota,2,Montréal,3,shot,1,12:15,735,0,0,,,387,28,,0,84,22,3,FALSE,Non quality on net,Wrist
20252026,Regular,262,1-21-2026,Minnesota,2,Montréal,3,shot,1,14:15,855,0,0,,,94,140,,0,104,28,2,FALSE,Quality on net,Tip
20252026,Regular,262,1-21-2026,Minnesota,2,Montréal,3,shot,1,16:27,987,0,0,,,112,114,,0,236,28,2,FALSE,Quality on net,Wrist
20252026,Regular,262,1-21-2026,Minnesota,2,Montréal,3,shot,1,16:48,1008,0,0,,,471,35,,0,84,22,3,FALSE,Non quality on net,Wrist
20252026,Regular,262,1-21-2026,Minnesota,2,Montréal,3,shot,1,18:53,1133,0,0,,,316,282,,0,51,22,3,FALSE,Non quality on net,Wrist
20252026,Regular,262,1-21-2026,Minnesota,2,Montréal,3,shot,2,0:30,1230,0,0,,,535,107,,0,84,22,3,FALSE,Non quality on net,Snap
20252026,Regular,262,1-21-2026,Minnesota,2,Montréal,3,shot,2,0:45,1245,0,0,,,215,15,,0,25,28,2,FALSE,Non quality on net,Wrist
20252026,Regular,262,1-21-2026,Minnesota,2,Montréal,3,shot,2,1:07,1267,0,0,,,460,289,,0,32,22,3,FALSE,Non quality on net,Wrist
20252026,Regular,262,1-21-2026,Minnesota,2,Montréal,3,shot,2,1:22,1282,0,0,,,544,135,,0,199,22,3,FALSE,Quality on net,Backhand
20252026,Regular,262,1-21-2026,Minnesota,2,Montréal,3,shot,2,2:38,1358,0,0,,,199,169,,0,263,28,2,FALSE,Non quality on net,Snap
20252026,Regular,262,1-21-2026,Minnesota,2,Montréal,3,shot,2,7:09,1629,0,0,,,397,89,,0,253,22,3,FALSE,Non quality on net,Wrist
20252026,Regular,262,1-21-2026,Minnesota,2,Montréal,3,shot,2,7:55,1675,0,0,,,107,217,,0,21,28,2,FALSE,Quality on net,Wrist
20252026,Regular,262,1-21-2026,Minnesota,2,Montréal,3,shot,2,8:08,1688,0,0,,,98,82,,0,236,28,2,FALSE,Quality on net,Wrist
20252026,Regular,262,1-21-2026,Minnesota,2,Montréal,3,shot,2,9:22,1762,0,0,,,500,230,,0,31,22,3,FALSE,Non quality on net,Slap
20252026,Regular,262,1-21-2026,Minnesota,2,Montréal,3,shot,2,9:38,1778,0,0,,,429,97,,0,253,22,3,FALSE,Non quality on net,Wrist
20252026,Regular,262,1-21-2026,Minnesota,2,Montréal,3,shot,2,9:41,1781,0,0,,,517,152,,0,42,22,3,FALSE,Quality on net,Snap
20252026,Regular,262,1-21-2026,Minnesota,2,Montréal,3,shot,2,10:43,1843,0,0,,,506,266,,0,4,22,3,FALSE,Non quality on net,Slap
20252026,Regular,262,1-21-2026,Minnesota,2,Montréal,3,shot,2,11:19,1879,0,0,,,105,171,,0,20,28,2,FALSE,Quality on net,Snap
20252026,Regular,262,1-21-2026,Minnesota,2,Montréal,3,shot,2,12:49,1969,0,0,,,104,117,,0,23,28,2,FALSE,Quality on net,Snap
20252026,Regular,262,1-21-2026,Minnesota,2,Montréal,3,shot,2,18:29,2309,0,0,,,543,14,,0,98,22,3,TRUE,Non quality goal,Wrist
20252026,Regular,262,1-21-2026,Minnesota,2,Montréal,3,shot,3,1:20,2480,0,1,,,521,84,,1,98,22,3,FALSE,Non quality on net,Backhand
20252026,Regular,262,1-21-2026,Minnesota,2,Montréal,3,shot,3,1:48,2508,0,1,,,490,130,,1,61,22,3,FALSE,Quality on net,Wrist
20252026,Regular,262,1-21-2026,Minnesota,2,Montréal,3,shot,3,2:44,2564,0,1,,,94,207,,-1,102,28,2,FALSE,Quality on net,Snap
20252026,Regular,262,1-21-2026,Minnesota,2,Montréal,3,shot,3,3:52,2632,0,1,,,87,222,,-1,21,28,2,FALSE,Non quality on net,Wrist
20252026,Regular,262,1-21-2026,Minnesota,2,Montréal,3,shot,3,4:12,2652,0,1,,,79,230,,-1,21,28,2,FALSE,Non quality on net,Wrist
20252026,Regular,262,1-21-2026,Minnesota,2,Montréal,3,shot,3,5:26,2726,0,1,,,125,239,,-1,263,28,2,FALSE,Non quality on net,Wrist
20252026,Regular,262,1-21-2026,Minnesota,2,Montréal,3,shot,3,6:18,2778,0,1,,,551,222,,1,32,22,3,FALSE,Non quality on net,Snap
20252026,Regular,262,1-21-2026,Minnesota,2,Montréal,3,shot,3,11:03,3063,0,1,,,393,261,,1,98,22,3,FALSE,Non quality on net,Tip
20252026,Regular,262,1-21-2026,Minnesota,2,Montréal,3,shot,3,13:22,3202,0,1,,,514,149,,1,61,22,3,FALSE,Quality on net,Backhand
20252026,Regular,262,1-21-2026,Minnesota,2,Montréal,3,shot,3,16:33,3393,0,1,,,104,237,,-1,20,28,2,FALSE,Non quality on net,Snap
20252026,Regular,262,1-21-2026,Minnesota,2,Montréal,3,shot,3,17:06,3426,0,1,,,482,207,,1,128,22,3,FALSE,Quality on net,Wrist
20252026,Regular,262,1-21-2026,Minnesota,2,Montréal,3,shot,3,17:26,3446,0,1,,,420,249,,1,4,22,3,FALSE,Non quality on net,Snap
20252026,Regular,262,1-21-2026,Minnesota,2,Montréal,3,shot,3,18:36,3516,0,1,,,87,123,,-1,104,28,2,FALSE,Quality on net,Snap
20252026,Regular,262,1-21-2026,Minnesota,2,Montréal,3,shot,3,18:56,3536,0,1,,,125,63,,-1,21,28,2,FALSE,Non quality on net,Wrist
20252026,Regular,262,1-21-2026,Minnesota,2,Montréal,3,shot,3,18:58,3538,0,1,,,52,173,,-1,23,28,2,TRUE,Quality goal,Snap
20252026,Regular,262,1-21-2026,Minnesota,2,Montréal,3,shot,3,19:15,3555,1,1,,,381,195,,0,84,22,3,FALSE,Non quality on net,Wrist
20252026,Regular,262,1-21-2026,Minnesota,2,Montréal,3,shot,4,1:15,3675,1,1,,,445,246,,0,32,22,3,FALSE,Non quality on net,Wrist
20252026,Regular,262,1-21-2026,Minnesota,2,Montréal,3,shot,4,2:39,3759,1,1,,,163,151,,0,167,28,2,FALSE,Non quality on net,Wrist
20252026,Regular,262,1-21-2026,Minnesota,2,Montréal,3,shot,4,3:03,3783,1,1,,,468,200,,0,31,22,3,TRUE,Quality goal,Backhand
20252026,Regular,263,1-22-2026,Vancouver,9,Toronto,6,shot,1,0:29,29,0,0,,,82,248,,0,75,85,9,FALSE,Non quality on net,Wrist
20252026,Regular,263,1-22-2026,Vancouver,9,Toronto,6,shot,1,0:37,37,0,0,,,102,99,,0,169,85,9,FALSE,Quality on net,Snap
20252026,Regular,263,1-22-2026,Vancouver,9,Toronto,6,shot,1,3:23,203,0,0,,,112,14,,0,114,85,9,FALSE,Non quality on net,Wrist
20252026,Regular,263,1-22-2026,Vancouver,9,Toronto,6,shot,1,4:34,274,0,0,,,551,279,,0,26,64,6,FALSE,Non quality on net,Wrist
20252026,Regular,263,1-22-2026,Vancouver,9,Toronto,6,shot,1,7:07,427,0,0,,,547,110,,0,76,64,6,FALSE,Non quality on net,Backhand
20252026,Regular,263,1-22-2026,Vancouver,9,Toronto,6,shot,1,7:41,461,0,0,,,161,249,,0,239,85,9,FALSE,Non quality on net,Wrist
20252026,Regular,263,1-22-2026,Vancouver,9,Toronto,6,shot,1,10:49,649,0,0,,,355,112,,0,44,64,6,FALSE,Non quality on net,Wrist
20252026,Regular,263,1-22-2026,Vancouver,9,Toronto,6,shot,1,12:02,722,0,0,,,124,242,,0,89,85,9,FALSE,Non quality on net,Wrist
20252026,Regular,263,1-22-2026,Vancouver,9,Toronto,6,shot,1,12:10,730,0,0,,,130,183,,0,89,85,9,FALSE,Quality on net,Wrist
20252026,Regular,263,1-22-2026,Vancouver,9,Toronto,6,shot,1,12:58,778,0,0,,,7,78,,0,73,64,6,FALSE,Non quality on net,Wrist
20252026,Regular,263,1-22-2026,Vancouver,9,Toronto,6,shot,1,13:15,795,0,0,,,177,225,,0,169,85,9,FALSE,Non quality on net,Wrist
20252026,Regular,263,1-22-2026,Vancouver,9,Toronto,6,shot,1,13:44,824,0,0,,,114,93,,0,161,85,9,FALSE,Quality on net,Wrist
20252026,Regular,263,1-22-2026,Vancouver,9,Toronto,6,shot,1,16:02,962,0,0,,,393,101,,0,68,64,6,FALSE,Non quality on net,Wrist
20252026,Regular,263,1-22-2026,Vancouver,9,Toronto,6,shot,1,17:53,1073,0,0,,,468,193,,0,65,64,6,FALSE,Quality on net,Wrist
20252026,Regular,263,1-22-2026,Vancouver,9,Toronto,6,shot,1,18:01,1081,0,0,,,436,26,,0,305,85,9,FALSE,Non quality on net,Wrist
20252026,Regular,263,1-22-2026,Vancouver,9,Toronto,6,shot,1,18:17,1097,0,0,,,246,17,,0,305,85,9,FALSE,Non quality on net,Wrist
20252026,Regular,263,1-22-2026,Vancouver,9,Toronto,6,shot,1,19:49,1189,0,0,,,120,182,,0,209,85,9,FALSE,Quality on net,Wrist
20252026,Regular,263,1-22-2026,Vancouver,9,Toronto,6,shot,2,0:46,1246,0,0,,,444,225,,0,66,64,6,FALSE,Non quality on net,Wrist
20252026,Regular,263,1-22-2026,Vancouver,9,Toronto,6,shot,2,3:25,1405,0,0,,,522,268,,0,68,64,6,FALSE,Non quality on net,Wrist
20252026,Regular,263,1-22-2026,Vancouver,9,Toronto,6,shot,2,3:58,1438,0,0,,,189,273,,0,169,85,9,FALSE,Non quality on net,Wrist
20252026,Regular,263,1-22-2026,Vancouver,9,Toronto,6,shot,2,5:58,1558,0,0,,,50,136,,0,209,85,9,TRUE,Quality goal,Tip
20252026,Regular,263,1-22-2026,Vancouver,9,Toronto,6,shot,2,6:15,1575,1,0,,,434,268,,1,129,85,9,FALSE,Non quality on net,Wrist
20252026,Regular,263,1-22-2026,Vancouver,9,Toronto,6,shot,2,7:00,1620,1,0,,,539,148,,-1,63,64,6,FALSE,Quality on net,Wrist
20252026,Regular,263,1-22-2026,Vancouver,9,Toronto,6,shot,2,11:22,1882,1,0,,,76,115,,1,161,85,9,FALSE,Quality on net,Default
20252026,Regular,263,1-22-2026,Vancouver,9,Toronto,6,shot,2,11:33,1893,1,0,,,213,17,,1,305,85,9,FALSE,Non quality on net,Snap
20252026,Regular,263,1-22-2026,Vancouver,9,Toronto,6,shot,2,12:30,1950,1,0,,,290,72,,1,305,85,9,FALSE,Non quality on net,Wrist
20252026,Regular,263,1-22-2026,Vancouver,9,Toronto,6,shot,2,13:29,2009,1,0,,,51,159,,1,161,85,9,FALSE,Quality on net,Backhand
20252026,Regular,263,1-22-2026,Vancouver,9,Toronto,6,shot,2,13:31,2011,1,0,,,52,147,,1,161,85,9,TRUE,Quality goal,Backhand
20252026,Regular,263,1-22-2026,Vancouver,9,Toronto,6,shot,2,13:42,2022,2,0,,,97,87,,2,75,85,9,TRUE,Quality goal,Wrist
20252026,Regular,263,1-22-2026,Vancouver,9,Toronto,6,shot,2,13:50,2030,3,0,,,120,34,,3,239,85,9,FALSE,Non quality on net,Backhand
20252026,Regular,263,1-22-2026,Vancouver,9,Toronto,6,shot,2,14:29,2069,3,0,,,473,248,,-3,44,64,6,FALSE,Non quality on net,Wrist
20252026,Regular,263,1-22-2026,Vancouver,9,Toronto,6,shot,2,15:32,2132,3,0,,,538,164,,-3,76,64,6,FALSE,Quality on net,Tip
20252026,Regular,263,1-22-2026,Vancouver,9,Toronto,6,shot,3,0:20,2420,3,0,,,402,246,,-3,65,64,6,FALSE,Non quality on net,Snap
20252026,Regular,263,1-22-2026,Vancouver,9,Toronto,6,shot,3,3:00,2580,3,0,,,540,164,,-3,317,64,6,FALSE,Quality on net,Wrist
20252026,Regular,263,1-22-2026,Vancouver,9,Toronto,6,shot,3,3:58,2638,3,0,,,97,199,,3,75,85,9,TRUE,Quality goal,Wrist
20252026,Regular,263,1-22-2026,Vancouver,9,Toronto,6,shot,3,5:17,2717,4,0,,,104,237,,4,198,85,9,FALSE,Non quality on net,Wrist
20252026,Regular,263,1-22-2026,Vancouver,9,Toronto,6,shot,3,7:22,2842,4,0,,,431,180,,-4,67,64,6,FALSE,Non quality on net,Wrist
20252026,Regular,263,1-22-2026,Vancouver,9,Toronto,6,shot,3,7:32,2852,4,0,,,384,15,,-4,313,64,6,FALSE,Non quality on net,Snap
20252026,Regular,263,1-22-2026,Vancouver,9,Toronto,6,shot,3,8:12,2892,4,0,,,169,155,,4,252,85,9,FALSE,Non quality on net,Slap
20252026,Regular,263,1-22-2026,Vancouver,9,Toronto,6,shot,3,8:41,2921,4,0,,,515,27,,-4,66,64,6,FALSE,Non quality on net,Snap
20252026,Regular,263,1-22-2026,Vancouver,9,Toronto,6,shot,3,8:52,2932,4,0,,,502,186,,-4,244,64,6,FALSE,Quality on net,Wrist
20252026,Regular,263,1-22-2026,Vancouver,9,Toronto,6,shot,3,9:32,2972,4,0,,,208,59,,4,11,85,9,FALSE,Non quality on net,Snap
20252026,Regular,263,1-22-2026,Vancouver,9,Toronto,6,shot,3,9:35,2975,4,0,,,63,183,,4,114,85,9,TRUE,Quality goal,Wrist
20252026,Regular,263,1-22-2026,Vancouver,9,Toronto,6,shot,3,11:42,3102,5,0,,,507,143,,-5,73,64,6,FALSE,Quality on net,Wrist
20252026,Regular,263,1-22-2026,Vancouver,9,Toronto,6,shot,3,15:21,3321,5,0,,,463,161,,-5,73,64,6,FALSE,Quality on net,Wrist
20252026,Regular,263,1-22-2026,Vancouver,9,Toronto,6,shot,3,15:52,3352,5,0,,,561,165,,-5,86,64,6,FALSE,Quality on net,Backhand
20252026,Regular,263,1-22-2026,Vancouver,9,Toronto,6,shot,3,16:17,3377,5,0,,,66,161,,5,221,85,9,FALSE,Quality on net,Wrist
20252026,Regular,263,1-22-2026,Vancouver,9,Toronto,6,shot,3,16:24,3384,5,0,,,86,148,,5,310,85,9,FALSE,Quality on net,Backhand
20252026,Regular,263,1-22-2026,Vancouver,9,Toronto,6,shot,3,16:48,3408,5,0,,,414,231,,-5,68,64,6,FALSE,Non quality on net,Wrist
20252026,Regular,263,1-22-2026,Vancouver,9,Toronto,6,shot,3,17:49,3469,5,0,,,529,203,,-5,73,64,6,FALSE,Non quality on net,Backhand
20252026,Regular,263,1-22-2026,Vancouver,9,Toronto,6,shot,3,17:54,3474,5,0,,,550,133,,-5,26,64,6,FALSE,Quality on net,Wrist
20252026,Regular,263,1-22-2026,Vancouver,9,Toronto,6,shot,3,19:39,3579,5,0,,,405,41,,-5,44,64,6,FALSE,Non quality on net,Snap
20252026,Regular,264,1-24-2026,Montréal,3,Ottawa,5,shot,1,0:10,10,0,0,,,457,225,,0,58,28,5,FALSE,Quality on net,Snap
20252026,Regular,264,1-24-2026,Montréal,3,Ottawa,5,shot,1,0:21,21,0,0,,,500,127,,0,241,28,5,FALSE,Quality on net,Wrist
20252026,Regular,264,1-24-2026,Montréal,3,Ottawa,5,shot,1,0:30,30,0,0,,,399,62,,0,223,28,5,FALSE,Non quality on net,Wrist
20252026,Regular,264,1-24-2026,Montréal,3,Ottawa,5,shot,1,0:44,44,0,0,,,137,219,,0,274,222,3,FALSE,Quality on net,Wrist
20252026,Regular,264,1-24-2026,Montréal,3,Ottawa,5,shot,1,0:54,54,0,0,,,217,129,,0,79,222,3,FALSE,Non quality on net,Wrist
20252026,Regular,264,1-24-2026,Montréal,3,Ottawa,5,shot,1,3:04,184,0,0,,,533,171,,0,72,28,5,FALSE,Quality on net,Wrist
20252026,Regular,264,1-24-2026,Montréal,3,Ottawa,5,shot,1,5:06,306,0,0,,,63,157,,0,32,222,3,FALSE,Quality on net,Tip
20252026,Regular,264,1-24-2026,Montréal,3,Ottawa,5,shot,1,7:48,468,0,0,,,109,142,,0,98,222,3,FALSE,Quality on net,Snap
20252026,Regular,264,1-24-2026,Montréal,3,Ottawa,5,shot,1,9:28,568,0,0,,,52,189,,0,32,222,3,FALSE,Non quality on net,Backhand
20252026,Regular,264,1-24-2026,Montréal,3,Ottawa,5,shot,1,11:06,666,0,0,,,519,207,,0,101,28,5,FALSE,Quality on net,Snap
20252026,Regular,264,1-24-2026,Montréal,3,Ottawa,5,shot,1,11:18,678,0,0,,,501,117,,0,53,28,5,FALSE,Quality on net,Wrist
20252026,Regular,264,1-24-2026,Montréal,3,Ottawa,5,shot,1,12:37,757,0,0,,,510,207,,0,240,28,5,FALSE,Quality on net,Wrist
20252026,Regular,264,1-24-2026,Montréal,3,Ottawa,5,shot,1,12:50,770,0,0,,,96,127,,0,61,222,3,FALSE,Quality on net,Wrist
20252026,Regular,264,1-24-2026,Montréal,3,Ottawa,5,shot,1,12:52,772,0,0,,,98,101,,0,98,222,3,TRUE,Quality goal,Wrist
20252026,Regular,264,1-24-2026,Montréal,3,Ottawa,5,shot,1,13:26,806,1,0,,,33,126,,1,157,222,3,FALSE,Non quality on net,Wrist
20252026,Regular,264,1-24-2026,Montréal,3,Ottawa,5,shot,1,13:28,808,1,0,,,59,162,,1,201,222,3,FALSE,Quality on net,Backhand
20252026,Regular,264,1-24-2026,Montréal,3,Ottawa,5,shot,1,13:30,810,1,0,,,93,129,,1,128,222,3,FALSE,Quality on net,Wrist
20252026,Regular,264,1-24-2026,Montréal,3,Ottawa,5,shot,1,13:41,821,1,0,,,124,73,,1,32,222,3,FALSE,Quality on net,Wrist
20252026,Regular,264,1-24-2026,Montréal,3,Ottawa,5,shot,1,17:45,1065,1,0,,,507,151,,-1,72,28,5,FALSE,Quality on net,Snap
20252026,Regular,264,1-24-2026,Montréal,3,Ottawa,5,shot,1,19:45,1185,1,0,,,135,241,,1,98,222,3,TRUE,Non quality goal,Slap
20252026,Regular,264,1-24-2026,Montréal,3,Ottawa,5,shot,1,19:55,1195,2,0,,,217,229,,-2,289,28,5,FALSE,Non quality on net,Wrist
20252026,Regular,264,1-24-2026,Montréal,3,Ottawa,5,shot,2,2:55,1375,2,0,,,399,89,,-2,241,28,5,FALSE,Non quality on net,Wrist
20252026,Regular,264,1-24-2026,Montréal,3,Ottawa,5,shot,2,3:02,1382,2,0,,,405,74,,-2,241,28,5,FALSE,Non quality on net,Wrist
20252026,Regular,264,1-24-2026,Montréal,3,Ottawa,5,shot,2,3:27,1407,2,0,,,526,139,,-2,53,28,5,FALSE,Quality on net,Wrist
20252026,Regular,264,1-24-2026,Montréal,3,Ottawa,5,shot,2,3:47,1427,2,0,,,109,174,,2,35,222,3,FALSE,Quality on net,Wrist
20252026,Regular,264,1-24-2026,Montréal,3,Ottawa,5,shot,2,5:41,1541,2,0,,,144,270,,2,253,222,3,FALSE,Non quality on net,Wrist
20252026,Regular,264,1-24-2026,Montréal,3,Ottawa,5,shot,2,6:22,1582,2,0,,,541,140,,-2,57,28,5,FALSE,Quality on net,Tip
20252026,Regular,264,1-24-2026,Montréal,3,Ottawa,5,shot,2,9:44,1784,2,0,,,454,148,,-2,115,28,5,FALSE,Non quality on net,Tip
20252026,Regular,264,1-24-2026,Montréal,3,Ottawa,5,shot,2,11:38,1898,2,0,,,537,18,,-2,223,28,5,FALSE,Non quality on net,Wrist
20252026,Regular,264,1-24-2026,Montréal,3,Ottawa,5,shot,2,12:36,1956,2,0,,,248,269,,2,84,222,3,FALSE,Non quality on net,Wrist
20252026,Regular,264,1-24-2026,Montréal,3,Ottawa,5,shot,2,14:14,2054,2,0,,,534,152,,-2,240,28,5,TRUE,Quality goal,Tip
20252026,Regular,264,1-24-2026,Montréal,3,Ottawa,5,shot,2,14:51,2091,2,1,,,199,18,,1,32,222,3,FALSE,Non quality on net,Wrist
20252026,Regular,264,1-24-2026,Montréal,3,Ottawa,5,shot,2,15:11,2111,2,1,,,94,93,,1,128,222,3,FALSE,Quality on net,Wrist
20252026,Regular,264,1-24-2026,Montréal,3,Ottawa,5,shot,2,15:47,2147,2,1,,,57,118,,1,61,222,3,FALSE,Quality on net,Tip
20252026,Regular,264,1-24-2026,Montréal,3,Ottawa,5,shot,2,15:51,2151,2,1,,,147,11,,1,79,222,3,FALSE,Non quality on net,Wrist
20252026,Regular,264,1-24-2026,Montréal,3,Ottawa,5,shot,2,16:19,2179,2,1,,,191,235,,1,83,222,3,FALSE,Non quality on net,Wrist
20252026,Regular,264,1-24-2026,Montréal,3,Ottawa,5,shot,2,16:21,2181,2,1,,,63,182,,1,61,222,3,FALSE,Quality on net,Wrist
20252026,Regular,264,1-24-2026,Montréal,3,Ottawa,5,shot,3,1:10,2470,2,1,,,146,103,,1,32,222,3,FALSE,Non quality on net,Slap
20252026,Regular,264,1-24-2026,Montréal,3,Ottawa,5,shot,3,1:24,2484,2,1,,,160,227,,1,84,222,3,FALSE,Non quality on net,Wrist
20252026,Regular,264,1-24-2026,Montréal,3,Ottawa,5,shot,3,2:11,2531,2,1,,,47,196,,1,61,222,3,FALSE,Non quality on net,Backhand
20252026,Regular,264,1-24-2026,Montréal,3,Ottawa,5,shot,3,2:36,2556,2,1,,,409,268,,-1,242,28,5,FALSE,Non quality on net,Default
20252026,Regular,264,1-24-2026,Montréal,3,Ottawa,5,shot,3,2:54,2574,2,1,,,519,96,,-1,115,28,5,FALSE,Quality on net,Backhand
20252026,Regular,264,1-24-2026,Montréal,3,Ottawa,5,shot,3,3:11,2591,2,1,,,195,220,,1,274,222,3,FALSE,Non quality on net,Tip
20252026,Regular,264,1-24-2026,Montréal,3,Ottawa,5,shot,3,3:54,2634,2,1,,,433,75,,-1,118,28,5,FALSE,Non quality on net,Wrist
20252026,Regular,264,1-24-2026,Montréal,3,Ottawa,5,shot,3,5:02,2702,2,1,,,58,167,,1,32,222,3,FALSE,Quality on net,Tip
20252026,Regular,264,1-24-2026,Montréal,3,Ottawa,5,shot,3,5:27,2727,2,1,,,63,124,,1,4,222,3,FALSE,Quality on net,Backhand
20252026,Regular,264,1-24-2026,Montréal,3,Ottawa,5,shot,3,7:12,2832,2,1,,,69,117,,1,42,222,3,FALSE,Quality on net,Wrist
20252026,Regular,264,1-24-2026,Montréal,3,Ottawa,5,shot,3,7:26,2846,2,1,,,110,205,,1,272,222,3,FALSE,Quality on net,Tip
20252026,Regular,264,1-24-2026,Montréal,3,Ottawa,5,shot,3,7:46,2866,2,1,,,83,130,,1,4,222,3,FALSE,Quality on net,Backhand
20252026,Regular,264,1-24-2026,Montréal,3,Ottawa,5,shot,3,10:06,3006,2,1,,,507,131,,-1,241,28,5,FALSE,Quality on net,Wrist
20252026,Regular,264,1-24-2026,Montréal,3,Ottawa,5,shot,3,10:50,3050,2,1,,,477,218,,-1,58,28,5,FALSE,Quality on net,Snap
20252026,Regular,264,1-24-2026,Montréal,3,Ottawa,5,shot,3,13:50,3230,2,1,,,99,117,,1,201,222,3,FALSE,Quality on net,Snap
20252026,Regular,264,1-24-2026,Montréal,3,Ottawa,5,shot,3,14:52,3292,2,1,,,41,183,,1,61,222,3,FALSE,Non quality on net,Backhand
20252026,Regular,264,1-24-2026,Montréal,3,Ottawa,5,shot,3,14:53,3293,2,1,,,42,174,,1,61,222,3,FALSE,Non quality on net,Wrist
20252026,Regular,264,1-24-2026,Montréal,3,Ottawa,5,shot,3,15:30,3330,2,1,,,151,137,,1,35,222,3,FALSE,Non quality on net,Wrist
20252026,Regular,264,1-24-2026,Montréal,3,Ottawa,5,shot,3,15:58,3358,2,1,,,165,171,,1,35,222,3,FALSE,Non quality on net,Wrist
20252026,Regular,264,1-24-2026,Montréal,3,Ottawa,5,shot,3,17:37,3457,2,1,,,554,135,,-1,115,28,5,FALSE,Quality on net,Wrist
20252026,Regular,264,1-24-2026,Montréal,3,Ottawa,5,shot,3,17:39,3459,2,1,,,543,146,,-1,240,28,5,FALSE,Quality on net,Wrist
20252026,Regular,264,1-24-2026,Montréal,3,Ottawa,5,shot,3,17:45,3465,2,1,,,398,34,,-1,223,28,5,FALSE,Non quality on net,Wrist
20252026,Regular,264,1-24-2026,Montréal,3,Ottawa,5,shot,3,19:21,3561,2,1,,,109,103,,1,42,0,3,TRUE,Quality goal,Wrist
20252026,Regular,265,1-25-2026,Minnesota,2,New York,4,shot,1,3:08,188,0,0,,,135,123,,0,194,228,2,FALSE,Quality on net,Wrist
20252026,Regular,265,1-25-2026,Minnesota,2,New York,4,shot,1,4:21,261,0,0,,,56,147,,0,20,228,2,FALSE,Quality on net,Backhand
20252026,Regular,265,1-25-2026,Minnesota,2,New York,4,shot,1,5:35,335,0,0,,,179,259,,0,24,228,2,FALSE,Non quality on net,Wrist
20252026,Regular,265,1-25-2026,Minnesota,2,New York,4,shot,1,6:13,373,0,0,,,65,177,,0,21,228,2,TRUE,Quality goal,Backhand
20252026,Regular,265,1-25-2026,Minnesota,2,New York,4,shot,1,6:25,385,1,0,,,80,137,,1,20,228,2,TRUE,Quality goal,Wrist
20252026,Regular,265,1-25-2026,Minnesota,2,New York,4,shot,1,9:41,581,2,0,,,531,160,,-2,245,123,4,FALSE,Quality on net,Snap
20252026,Regular,265,1-25-2026,Minnesota,2,New York,4,shot,1,10:15,615,2,0,,,547,106,,-2,205,123,4,FALSE,Non quality on net,Backhand
20252026,Regular,265,1-25-2026,Minnesota,2,New York,4,shot,1,11:17,677,2,0,,,465,57,,-2,47,123,4,FALSE,Non quality on net,Wrist
20252026,Regular,265,1-25-2026,Minnesota,2,New York,4,shot,1,12:07,727,2,0,,,527,123,,-2,45,123,4,FALSE,Quality on net,Snap
20252026,Regular,265,1-25-2026,Minnesota,2,New York,4,shot,1,13:22,802,2,0,,,483,123,,-2,230,123,4,FALSE,Quality on net,Wrist
20252026,Regular,265,1-25-2026,Minnesota,2,New York,4,shot,1,13:54,834,2,0,,,535,125,,-2,60,123,4,FALSE,Quality on net,Snap
20252026,Regular,265,1-25-2026,Minnesota,2,New York,4,shot,1,14:18,858,2,0,,,457,82,,-2,205,123,4,FALSE,Quality on net,Wrist
20252026,Regular,265,1-25-2026,Minnesota,2,New York,4,shot,1,14:35,875,2,0,,,164,141,,2,167,228,2,FALSE,Non quality on net,Slap
20252026,Regular,265,1-25-2026,Minnesota,2,New York,4,shot,1,14:44,884,2,0,,,185,195,,2,189,228,2,FALSE,Non quality on net,Wrist
20252026,Regular,265,1-25-2026,Minnesota,2,New York,4,shot,1,15:04,904,2,0,,,48,177,,2,191,228,2,FALSE,Non quality on net,Backhand
20252026,Regular,265,1-25-2026,Minnesota,2,New York,4,shot,1,15:31,931,2,0,,,432,214,,-2,245,123,4,FALSE,Non quality on net,Snap
20252026,Regular,265,1-25-2026,Minnesota,2,New York,4,shot,1,18:27,1107,2,0,,,545,123,,-2,245,123,4,FALSE,Quality on net,Tip
20252026,Regular,265,1-25-2026,Minnesota,2,New York,4,shot,1,18:28,1108,2,0,,,546,169,,-2,245,123,4,TRUE,Quality goal,Tip
20252026,Regular,265,1-25-2026,Minnesota,2,New York,4,shot,1,19:34,1174,2,1,,,163,262,,1,236,228,2,FALSE,Non quality on net,Wrist
20252026,Regular,265,1-25-2026,Minnesota,2,New York,4,shot,1,19:44,1184,2,1,,,118,149,,1,21,228,2,FALSE,Quality on net,Snap
20252026,Regular,265,1-25-2026,Minnesota,2,New York,4,shot,2,0:18,1218,2,1,,,111,36,,1,21,228,2,FALSE,Non quality on net,Wrist
20252026,Regular,265,1-25-2026,Minnesota,2,New York,4,shot,2,1:09,1269,2,1,,,94,132,,1,167,228,2,FALSE,Quality on net,Wrist
20252026,Regular,265,1-25-2026,Minnesota,2,New York,4,shot,2,3:17,1397,2,1,,,525,149,,-1,245,123,4,FALSE,Quality on net,Wrist
20252026,Regular,265,1-25-2026,Minnesota,2,New York,4,shot,2,3:20,1400,2,1,,,541,160,,-1,245,123,4,FALSE,Quality on net,Backhand
20252026,Regular,265,1-25-2026,Minnesota,2,New York,4,shot,2,4:20,1460,2,1,,,421,156,,-1,87,123,4,FALSE,Non quality on net,Slap
20252026,Regular,265,1-25-2026,Minnesota,2,New York,4,shot,2,4:34,1474,2,1,,,67,113,,1,20,228,2,FALSE,Quality on net,Backhand
20252026,Regular,265,1-25-2026,Minnesota,2,New York,4,shot,2,8:32,1712,2,1,,,550,165,,-1,277,123,4,FALSE,Quality on net,Tip
20252026,Regular,265,1-25-2026,Minnesota,2,New York,4,shot,2,9:33,1773,2,1,,,78,140,,1,191,228,2,TRUE,Quality goal,Snap
20252026,Regular,265,1-25-2026,Minnesota,2,New York,4,shot,2,10:46,1846,3,1,,,537,114,,-2,45,123,4,FALSE,Quality on net,Wrist
20252026,Regular,265,1-25-2026,Minnesota,2,New York,4,shot,2,12:59,1979,3,1,,,87,171,,2,25,228,2,TRUE,Quality goal,Snap
20252026,Regular,265,1-25-2026,Minnesota,2,New York,4,shot,2,13:09,1989,4,1,,,445,162,,-3,30,123,4,FALSE,Non quality on net,Tip
20252026,Regular,265,1-25-2026,Minnesota,2,New York,4,shot,2,17:21,2241,4,1,,,162,20,,3,21,228,2,FALSE,Non quality on net,Wrist
20252026,Regular,265,1-25-2026,Minnesota,2,New York,4,shot,3,1:14,2474,4,1,,,453,225,,-3,87,123,4,FALSE,Non quality on net,Slap
20252026,Regular,265,1-25-2026,Minnesota,2,New York,4,shot,3,2:59,2579,4,1,,,130,144,,3,269,228,2,FALSE,Quality on net,Wrist
20252026,Regular,265,1-25-2026,Minnesota,2,New York,4,shot,3,3:11,2591,4,1,,,53,173,,3,188,228,2,FALSE,Quality on net,Wrist
20252026,Regular,265,1-25-2026,Minnesota,2,New York,4,shot,3,4:16,2656,4,1,,,190,253,,3,24,228,2,FALSE,Non quality on net,Wrist
20252026,Regular,265,1-25-2026,Minnesota,2,New York,4,shot,3,4:44,2684,4,1,,,106,111,,3,20,228,2,FALSE,Quality on net,Wrist
20252026,Regular,265,1-25-2026,Minnesota,2,New York,4,shot,3,4:52,2692,4,1,,,45,179,,3,23,228,2,FALSE,Non quality on net,Tip
20252026,Regular,265,1-25-2026,Minnesota,2,New York,4,shot,3,5:45,2745,4,1,,,497,135,,-3,280,123,4,FALSE,Quality on net,Wrist
20252026,Regular,265,1-25-2026,Minnesota,2,New York,4,shot,3,6:05,2765,4,1,,,388,153,,-3,205,123,4,FALSE,Non quality on net,Wrist
20252026,Regular,265,1-25-2026,Minnesota,2,New York,4,shot,3,6:06,2766,4,1,,,548,169,,-3,245,123,4,FALSE,Quality on net,Backhand
20252026,Regular,265,1-25-2026,Minnesota,2,New York,4,shot,3,6:39,2799,4,1,,,465,106,,-3,205,123,4,FALSE,Quality on net,Wrist
20252026,Regular,265,1-25-2026,Minnesota,2,New York,4,shot,3,7:33,2853,4,1,,,168,258,,3,264,228,2,FALSE,Non quality on net,Slap
20252026,Regular,265,1-25-2026,Minnesota,2,New York,4,shot,3,8:44,2924,4,1,,,186,156,,3,24,228,2,FALSE,Non quality on net,Wrist
20252026,Regular,265,1-25-2026,Minnesota,2,New York,4,shot,3,9:23,2963,4,1,,,567,169,,-3,245,123,4,FALSE,Non quality on net,Backhand
20252026,Regular,265,1-25-2026,Minnesota,2,New York,4,shot,3,11:08,3068,4,1,,,532,145,,-3,40,123,4,FALSE,Quality on net,Backhand
20252026,Regular,265,1-25-2026,Minnesota,2,New York,4,shot,3,11:55,3115,4,1,,,526,160,,-3,205,123,4,FALSE,Quality on net,Tip
20252026,Regular,265,1-25-2026,Minnesota,2,New York,4,shot,3,12:55,3175,4,1,,,547,132,,-3,245,123,4,FALSE,Quality on net,Tip
20252026,Regular,265,1-25-2026,Minnesota,2,New York,4,shot,3,13:21,3201,4,1,,,88,132,,3,264,228,2,FALSE,Quality on net,Wrist
20252026,Regular,265,1-25-2026,Minnesota,2,New York,4,shot,3,14:00,3240,4,1,,,550,179,,-3,277,123,4,TRUE,Non quality goal,Tip
20252026,Regular,265,1-25-2026,Minnesota,2,New York,4,shot,3,17:15,3435,4,2,,,291,33,,2,191,0,2,TRUE,Non quality goal,Wrist
20252026,Regular,265,1-25-2026,Minnesota,2,New York,4,shot,3,18:39,3519,5,2,,,192,259,,3,188,228,2,FALSE,Non quality on net,Wrist
20252026,Regular,265,1-25-2026,Minnesota,2,New York,4,shot,3,18:40,3520,5,2,,,45,180,,3,23,228,2,TRUE,Non quality goal,Snap
20252026,Regular,265,1-25-2026,Minnesota,2,New York,4,shot,3,19:32,3572,6,2,,,383,185,,-4,147,123,4,FALSE,Non quality on net,Wrist
20252026,Regular,266,1-25-2026,Seattle,8,Vancouver,9,shot,1,0:30,30,0,0,,,57,122,,0,13,59,8,FALSE,Quality on net,Wrist
20252026,Regular,266,1-25-2026,Seattle,8,Vancouver,9,shot,1,1:09,69,0,0,,,93,25,,0,36,59,8,FALSE,Non quality on net,Wrist
20252026,Regular,266,1-25-2026,Seattle,8,Vancouver,9,shot,1,2:54,174,0,0,,,486,94,,0,221,250,9,FALSE,Quality on net,Wrist
20252026,Regular,266,1-25-2026,Seattle,8,Vancouver,9,shot,1,3:52,232,0,0,,,383,229,,0,209,250,9,FALSE,Non quality on net,Wrist
20252026,Regular,266,1-25-2026,Seattle,8,Vancouver,9,shot,1,4:35,275,0,0,,,81,71,,0,224,59,8,FALSE,Non quality on net,Wrist
20252026,Regular,266,1-25-2026,Seattle,8,Vancouver,9,shot,1,4:40,280,0,0,,,378,254,,0,305,250,9,FALSE,Non quality on net,Snap
20252026,Regular,266,1-25-2026,Seattle,8,Vancouver,9,shot,1,5:06,306,0,0,,,517,136,,0,252,250,9,FALSE,Quality on net,Wrist
20252026,Regular,266,1-25-2026,Seattle,8,Vancouver,9,shot,1,6:09,369,0,0,,,548,137,,0,50,250,9,FALSE,Quality on net,Wrist
20252026,Regular,266,1-25-2026,Seattle,8,Vancouver,9,shot,1,6:50,410,0,0,,,386,202,,0,169,250,9,FALSE,Non quality on net,Wrist
20252026,Regular,266,1-25-2026,Seattle,8,Vancouver,9,shot,1,7:19,439,0,0,,,537,132,,0,252,250,9,FALSE,Quality on net,Wrist
20252026,Regular,266,1-25-2026,Seattle,8,Vancouver,9,shot,1,7:49,469,0,0,,,131,44,,0,196,59,8,FALSE,Non quality on net,Wrist
20252026,Regular,266,1-25-2026,Seattle,8,Vancouver,9,shot,1,10:27,627,0,0,,,146,225,,0,138,59,8,FALSE,Non quality on net,Wrist
20252026,Regular,266,1-25-2026,Seattle,8,Vancouver,9,shot,1,10:41,641,0,0,,,338,241,,0,305,250,9,FALSE,Non quality on net,Wrist
20252026,Regular,266,1-25-2026,Seattle,8,Vancouver,9,shot,1,11:02,662,0,0,,,52,175,,0,13,59,8,FALSE,Quality on net,Wrist
20252026,Regular,266,1-25-2026,Seattle,8,Vancouver,9,shot,1,11:13,673,0,0,,,75,117,,0,181,59,8,FALSE,Quality on net,Wrist
20252026,Regular,266,1-25-2026,Seattle,8,Vancouver,9,shot,1,16:39,999,0,0,,,127,152,,0,181,59,8,FALSE,Quality on net,Wrist
20252026,Regular,266,1-25-2026,Seattle,8,Vancouver,9,shot,1,16:50,1010,0,0,,,106,100,,0,13,59,8,FALSE,Quality on net,Wrist
20252026,Regular,266,1-25-2026,Seattle,8,Vancouver,9,shot,1,17:00,1020,0,0,,,134,122,,0,34,59,8,FALSE,Quality on net,Wrist
20252026,Regular,266,1-25-2026,Seattle,8,Vancouver,9,shot,1,19:38,1178,0,0,,,210,20,,0,294,59,8,FALSE,Non quality on net,Wrist
20252026,Regular,266,1-25-2026,Seattle,8,Vancouver,9,shot,1,19:55,1195,0,0,,,469,37,,0,198,250,9,TRUE,Non quality goal,Wrist
20252026,Regular,266,1-25-2026,Seattle,8,Vancouver,9,shot,2,1:00,1260,0,1,,,104,153,,-1,210,59,8,FALSE,Quality on net,Backhand
20252026,Regular,266,1-25-2026,Seattle,8,Vancouver,9,shot,2,1:53,1313,0,1,,,332,203,,1,169,250,9,FALSE,Non quality on net,Default
20252026,Regular,266,1-25-2026,Seattle,8,Vancouver,9,shot,2,2:08,1328,0,1,,,99,181,,-1,138,59,8,FALSE,Quality on net,Wrist
20252026,Regular,266,1-25-2026,Seattle,8,Vancouver,9,shot,2,5:51,1551,0,1,,,390,63,,1,169,250,9,FALSE,Non quality on net,Slap
20252026,Regular,266,1-25-2026,Seattle,8,Vancouver,9,shot,2,5:58,1558,0,1,,,433,119,,1,75,250,9,FALSE,Non quality on net,Backhand
20252026,Regular,266,1-25-2026,Seattle,8,Vancouver,9,shot,2,8:14,1694,0,1,,,560,237,,1,75,250,9,FALSE,Non quality on net,Wrist
20252026,Regular,266,1-25-2026,Seattle,8,Vancouver,9,shot,2,10:06,1806,0,1,,,140,88,,-1,295,59,8,FALSE,Quality on net,Wrist
20252026,Regular,266,1-25-2026,Seattle,8,Vancouver,9,shot,2,11:06,1866,0,1,,,496,144,,1,75,250,9,FALSE,Quality on net,Wrist
20252026,Regular,266,1-25-2026,Seattle,8,Vancouver,9,shot,2,11:10,1870,0,1,,,552,131,,1,161,250,9,FALSE,Quality on net,Wrist
20252026,Regular,266,1-25-2026,Seattle,8,Vancouver,9,shot,2,11:12,1872,0,1,,,545,152,,1,11,250,9,FALSE,Quality on net,Backhand
20252026,Regular,266,1-25-2026,Seattle,8,Vancouver,9,shot,2,13:10,1990,0,1,,,153,8,,-1,142,59,8,FALSE,Non quality on net,Wrist
20252026,Regular,266,1-25-2026,Seattle,8,Vancouver,9,shot,2,13:28,2008,0,1,,,484,217,,1,169,250,9,FALSE,Quality on net,Wrist
20252026,Regular,266,1-25-2026,Seattle,8,Vancouver,9,shot,2,13:40,2020,0,1,,,99,129,,-1,36,59,8,TRUE,Quality goal,Wrist
20252026,Regular,266,1-25-2026,Seattle,8,Vancouver,9,shot,2,14:44,2084,1,1,,,474,117,,0,75,250,9,FALSE,Quality on net,Wrist
20252026,Regular,266,1-25-2026,Seattle,8,Vancouver,9,shot,2,15:06,2106,1,1,,,49,177,,0,224,59,8,FALSE,Non quality on net,Backhand
20252026,Regular,266,1-25-2026,Seattle,8,Vancouver,9,shot,2,16:21,2181,1,1,,,545,170,,0,114,250,9,FALSE,Quality on net,Wrist
20252026,Regular,266,1-25-2026,Seattle,8,Vancouver,9,shot,2,16:49,2209,1,1,,,501,217,,0,75,250,9,FALSE,Quality on net,Wrist
20252026,Regular,266,1-25-2026,Seattle,8,Vancouver,9,shot,2,17:39,2259,1,1,,,81,163,,0,181,59,8,FALSE,Quality on net,Wrist
20252026,Regular,266,1-25-2026,Seattle,8,Vancouver,9,shot,2,17:57,2277,1,1,,,208,89,,0,208,59,8,FALSE,Non quality on net,Wrist
20252026,Regular,266,1-25-2026,Seattle,8,Vancouver,9,shot,2,19:58,2398,1,1,,,534,235,,0,252,250,9,FALSE,Non quality on net,Wrist
20252026,Regular,266,1-25-2026,Seattle,8,Vancouver,9,shot,3,1:05,2465,1,1,,,60,200,,0,36,59,8,FALSE,Non quality on net,Wrist
20252026,Regular,266,1-25-2026,Seattle,8,Vancouver,9,shot,3,1:39,2499,1,1,,,45,109,,0,138,59,8,FALSE,Non quality on net,Backhand
20252026,Regular,266,1-25-2026,Seattle,8,Vancouver,9,shot,3,2:03,2523,1,1,,,498,229,,0,89,250,9,FALSE,Non quality on net,Wrist
20252026,Regular,266,1-25-2026,Seattle,8,Vancouver,9,shot,3,2:24,2544,1,1,,,487,16,,0,239,250,9,FALSE,Non quality on net,Wrist
20252026,Regular,266,1-25-2026,Seattle,8,Vancouver,9,shot,3,3:07,2587,1,1,,,527,188,,0,11,250,9,FALSE,Quality on net,Wrist
20252026,Regular,266,1-25-2026,Seattle,8,Vancouver,9,shot,3,3:38,2618,1,1,,,79,180,,0,181,59,8,FALSE,Quality on net,Snap
20252026,Regular,266,1-25-2026,Seattle,8,Vancouver,9,shot,3,4:45,2685,1,1,,,90,58,,0,210,59,8,FALSE,Non quality on net,Wrist
20252026,Regular,266,1-25-2026,Seattle,8,Vancouver,9,shot,3,4:51,2691,1,1,,,72,153,,0,142,59,8,FALSE,Quality on net,Wrist
20252026,Regular,266,1-25-2026,Seattle,8,Vancouver,9,shot,3,6:21,2781,1,1,,,417,46,,0,198,250,9,FALSE,Non quality on net,Slap
20252026,Regular,266,1-25-2026,Seattle,8,Vancouver,9,shot,3,6:23,2783,1,1,,,546,156,,0,209,250,9,TRUE,Quality goal,Default
20252026,Regular,266,1-25-2026,Seattle,8,Vancouver,9,shot,3,7:47,2867,1,2,,,87,149,,-1,138,59,8,FALSE,Quality on net,Tip
20252026,Regular,266,1-25-2026,Seattle,8,Vancouver,9,shot,3,8:24,2904,1,2,,,203,44,,-1,138,59,8,FALSE,Non quality on net,Wrist
20252026,Regular,266,1-25-2026,Seattle,8,Vancouver,9,shot,3,8:57,2937,1,2,,,116,18,,-1,34,59,8,FALSE,Non quality on net,Wrist
20252026,Regular,266,1-25-2026,Seattle,8,Vancouver,9,shot,3,10:12,3012,1,2,,,437,258,,1,11,250,9,FALSE,Non quality on net,Slap
20252026,Regular,266,1-25-2026,Seattle,8,Vancouver,9,shot,3,11:21,3081,1,2,,,55,69,,-1,181,59,8,FALSE,Non quality on net,Backhand
20252026,Regular,266,1-25-2026,Seattle,8,Vancouver,9,shot,3,13:10,3190,1,2,,,41,111,,-1,196,59,8,FALSE,Non quality on net,Wrist
20252026,Regular,266,1-25-2026,Seattle,8,Vancouver,9,shot,3,13:40,3220,1,2,,,483,215,,1,161,250,9,FALSE,Quality on net,Wrist
20252026,Regular,266,1-25-2026,Seattle,8,Vancouver,9,shot,3,13:42,3222,1,2,,,553,199,,1,252,250,9,TRUE,Non quality goal,Default
20252026,Regular,266,1-25-2026,Seattle,8,Vancouver,9,shot,3,15:00,3300,1,3,,,102,237,,-2,224,59,8,FALSE,Non quality on net,Wrist
20252026,Regular,266,1-25-2026,Seattle,8,Vancouver,9,shot,3,15:21,3321,1,3,,,110,76,,-2,36,59,8,FALSE,Quality on net,Wrist
20252026,Regular,266,1-25-2026,Seattle,8,Vancouver,9,shot,3,15:36,3336,1,3,,,59,155,,-2,181,59,8,FALSE,Quality on net,Backhand
20252026,Regular,266,1-25-2026,Seattle,8,Vancouver,9,shot,3,17:08,3428,1,3,,,532,169,,2,114,250,9,FALSE,Quality on net,Default
20252026,Regular,266,1-25-2026,Seattle,8,Vancouver,9,shot,3,17:10,3430,1,3,,,528,177,,2,227,250,9,FALSE,Quality on net,Wrist
20252026,Regular,266,1-25-2026,Seattle,8,Vancouver,9,shot,3,17:40,3460,1,3,,,130,250,,-2,13,59,8,FALSE,Non quality on net,Wrist
20252026,Regular,266,1-25-2026,Seattle,8,Vancouver,9,shot,3,19:59,3599,1,3,,,95,281,,-2,138,59,8,FALSE,Non quality on net,Wrist
20252026,Regular,267,1-28-2026,Montréal,3,Toronto,6,shot,1,2:34,154,0,0,,,541,159,,0,313,28,6,FALSE,Quality on net,Tip
20252026,Regular,267,1-28-2026,Montréal,3,Toronto,6,shot,1,3:07,187,0,0,,,135,135,,0,42,211,3,FALSE,Quality on net,Backhand
20252026,Regular,267,1-28-2026,Montréal,3,Toronto,6,shot,1,7:45,465,0,0,,,242,285,,0,61,211,3,FALSE,Non quality on net,Wrist
20252026,Regular,267,1-28-2026,Montréal,3,Toronto,6,shot,1,7:52,472,0,0,,,177,232,,0,83,211,3,FALSE,Non quality on net,Snap
20252026,Regular,267,1-28-2026,Montréal,3,Toronto,6,shot,1,8:27,507,0,0,,,213,162,,0,5,211,3,FALSE,Non quality on net,Wrist
20252026,Regular,267,1-28-2026,Montréal,3,Toronto,6,shot,1,9:07,547,0,0,,,78,149,,0,272,211,3,FALSE,Quality on net,Tip
20252026,Regular,267,1-28-2026,Montréal,3,Toronto,6,shot,1,9:51,591,0,0,,,513,178,,0,100,28,6,FALSE,Quality on net,Wrist
20252026,Regular,267,1-28-2026,Montréal,3,Toronto,6,shot,1,11:00,660,0,0,,,509,96,,0,66,28,6,FALSE,Quality on net,Wrist
20252026,Regular,267,1-28-2026,Montréal,3,Toronto,6,shot,1,11:09,669,0,0,,,458,234,,0,244,28,6,FALSE,Non quality on net,Backhand
20252026,Regular,267,1-28-2026,Montréal,3,Toronto,6,shot,1,12:06,726,0,0,,,106,84,,0,32,211,3,FALSE,Quality on net,Wrist
20252026,Regular,267,1-28-2026,Montréal,3,Toronto,6,shot,1,12:21,741,0,0,,,124,97,,0,32,211,3,FALSE,Quality on net,Snap
20252026,Regular,267,1-28-2026,Montréal,3,Toronto,6,shot,1,13:33,813,0,0,,,145,149,,0,31,211,3,FALSE,Non quality on net,Slap
20252026,Regular,267,1-28-2026,Montréal,3,Toronto,6,shot,1,13:51,831,0,0,,,68,225,,0,42,211,3,FALSE,Non quality on net,Snap
20252026,Regular,267,1-28-2026,Montréal,3,Toronto,6,shot,1,14:07,847,0,0,,,89,117,,0,42,211,3,FALSE,Quality on net,Wrist
20252026,Regular,267,1-28-2026,Montréal,3,Toronto,6,shot,1,14:36,876,0,0,,,215,175,,0,61,211,3,FALSE,Non quality on net,Snap
20252026,Regular,267,1-28-2026,Montréal,3,Toronto,6,shot,1,15:13,913,0,0,,,97,215,,0,83,211,3,FALSE,Quality on net,Slap
20252026,Regular,267,1-28-2026,Montréal,3,Toronto,6,shot,1,16:33,993,0,0,,,93,171,,0,274,211,3,TRUE,Quality goal,Backhand
20252026,Regular,267,1-28-2026,Montréal,3,Toronto,6,shot,1,16:58,1018,1,0,,,40,186,,1,31,211,3,FALSE,Non quality on net,Tip
20252026,Regular,267,1-28-2026,Montréal,3,Toronto,6,shot,1,18:26,1106,1,0,,,313,285,,-1,68,28,6,FALSE,Non quality on net,Wrist
20252026,Regular,267,1-28-2026,Montréal,3,Toronto,6,shot,1,19:46,1186,1,0,,,382,77,,-1,56,28,6,FALSE,Non quality on net,Wrist
20252026,Regular,267,1-28-2026,Montréal,3,Toronto,6,shot,2,0:27,1227,1,0,,,207,207,,1,31,211,3,FALSE,Non quality on net,Wrist
20252026,Regular,267,1-28-2026,Montréal,3,Toronto,6,shot,2,2:24,1344,1,0,,,451,115,,-1,317,28,6,FALSE,Non quality on net,Backhand
20252026,Regular,267,1-28-2026,Montréal,3,Toronto,6,shot,2,2:36,1356,1,0,,,505,267,,-1,26,28,6,FALSE,Non quality on net,Wrist
20252026,Regular,267,1-28-2026,Montréal,3,Toronto,6,shot,2,3:51,1431,1,0,,,244,225,,1,5,211,3,FALSE,Non quality on net,Wrist
20252026,Regular,267,1-28-2026,Montréal,3,Toronto,6,shot,2,4:26,1466,1,0,,,123,170,,1,61,211,3,FALSE,Quality on net,Wrist
20252026,Regular,267,1-28-2026,Montréal,3,Toronto,6,shot,2,5:19,1519,1,0,,,321,20,,1,32,211,3,FALSE,Non quality on net,Wrist
20252026,Regular,267,1-28-2026,Montréal,3,Toronto,6,shot,2,7:10,1630,1,0,,,259,277,,-1,67,28,6,FALSE,Non quality on net,Wrist
20252026,Regular,267,1-28-2026,Montréal,3,Toronto,6,shot,2,7:23,1643,1,0,,,400,154,,-1,73,28,6,FALSE,Non quality on net,Wrist
20252026,Regular,267,1-28-2026,Montréal,3,Toronto,6,shot,2,8:45,1725,1,0,,,561,190,,-1,66,28,6,FALSE,Non quality on net,Wrist
20252026,Regular,267,1-28-2026,Montréal,3,Toronto,6,shot,2,8:58,1738,1,0,,,553,127,,-1,76,28,6,FALSE,Quality on net,Backhand
20252026,Regular,267,1-28-2026,Montréal,3,Toronto,6,shot,2,9:23,1763,1,0,,,397,38,,-1,73,28,6,FALSE,Non quality on net,Slap
20252026,Regular,267,1-28-2026,Montréal,3,Toronto,6,shot,2,9:27,1767,1,0,,,550,112,,-1,66,28,6,FALSE,Non quality on net,Backhand
20252026,Regular,267,1-28-2026,Montréal,3,Toronto,6,shot,2,10:20,1820,1,0,,,466,198,,-1,63,28,6,FALSE,Quality on net,Snap
20252026,Regular,267,1-28-2026,Montréal,3,Toronto,6,shot,2,13:01,1981,1,0,,,92,149,,1,32,211,3,FALSE,Quality on net,Snap
20252026,Regular,267,1-28-2026,Montréal,3,Toronto,6,shot,2,13:25,2005,1,0,,,50,76,,1,31,211,3,FALSE,Non quality on net,Wrist
20252026,Regular,267,1-28-2026,Montréal,3,Toronto,6,shot,2,14:25,2065,1,0,,,56,120,,1,31,211,3,TRUE,Quality goal,Tip
20252026,Regular,267,1-28-2026,Montréal,3,Toronto,6,shot,2,15:30,2130,2,0,,,111,83,,2,61,211,3,FALSE,Quality on net,Wrist
20252026,Regular,267,1-28-2026,Montréal,3,Toronto,6,shot,2,16:20,2180,2,0,,,205,151,,2,83,211,3,FALSE,Non quality on net,Wrist
20252026,Regular,267,1-28-2026,Montréal,3,Toronto,6,shot,2,16:47,2207,2,0,,,81,155,,2,32,211,3,FALSE,Quality on net,Tip
20252026,Regular,267,1-28-2026,Montréal,3,Toronto,6,shot,2,18:06,2286,2,0,,,69,122,,2,4,211,3,TRUE,Quality goal,Default
20252026,Regular,267,1-28-2026,Montréal,3,Toronto,6,shot,3,4:34,2674,3,0,,,382,24,,-3,56,28,6,FALSE,Non quality on net,Wrist
20252026,Regular,267,1-28-2026,Montréal,3,Toronto,6,shot,3,6:00,2760,3,0,,,420,229,,-3,86,28,6,FALSE,Non quality on net,Wrist
20252026,Regular,267,1-28-2026,Montréal,3,Toronto,6,shot,3,7:46,2866,3,0,,,43,117,,3,157,211,3,FALSE,Non quality on net,Tip
20252026,Regular,267,1-28-2026,Montréal,3,Toronto,6,shot,3,8:56,2936,3,0,,,177,285,,3,5,211,3,FALSE,Non quality on net,Wrist
20252026,Regular,267,1-28-2026,Montréal,3,Toronto,6,shot,3,9:01,2941,3,0,,,213,230,,3,5,211,3,FALSE,Non quality on net,Wrist
20252026,Regular,267,1-28-2026,Montréal,3,Toronto,6,shot,3,10:35,3035,3,0,,,532,245,,-3,200,28,6,FALSE,Non quality on net,Wrist
20252026,Regular,267,1-28-2026,Montréal,3,Toronto,6,shot,3,10:50,3050,3,0,,,561,185,,-3,63,28,6,FALSE,Non quality on net,Tip
20252026,Regular,267,1-28-2026,Montréal,3,Toronto,6,shot,3,11:39,3099,3,0,,,525,153,,-3,317,28,6,FALSE,Quality on net,Wrist
20252026,Regular,267,1-28-2026,Montréal,3,Toronto,6,shot,3,12:31,3151,3,0,,,405,33,,-3,26,28,6,FALSE,Non quality on net,Backhand
20252026,Regular,267,1-28-2026,Montréal,3,Toronto,6,shot,3,14:40,3280,3,0,,,98,146,,3,4,211,3,FALSE,Quality on net,Tip
20252026,Regular,267,1-28-2026,Montréal,3,Toronto,6,shot,3,14:54,3294,3,0,,,36,127,,3,199,211,3,FALSE,Non quality on net,Wrist
20252026,Regular,267,1-28-2026,Montréal,3,Toronto,6,shot,3,18:53,3533,3,0,,,459,255,,-3,68,28,6,FALSE,Non quality on net,Wrist
20252026,Regular,267,1-28-2026,Montréal,3,Toronto,6,shot,3,19:31,3571,3,0,,,117,93,,3,42,211,3,FALSE,Quality on net,Wrist
20252026,Regular,268,1-28-2026,Ottawa,5,Seattle,8,shot,1,0:28,28,0,0,,,447,27,,0,210,222,8,FALSE,Non quality on net,Default
20252026,Regular,268,1-28-2026,Ottawa,5,Seattle,8,shot,1,1:04,64,0,0,,,65,144,,0,53,155,5,FALSE,Quality on net,Default
20252026,Regular,268,1-28-2026,Ottawa,5,Seattle,8,shot,1,3:09,189,0,0,,,137,33,,0,241,155,5,FALSE,Non quality on net,Default
20252026,Regular,268,1-28-2026,Ottawa,5,Seattle,8,shot,1,3:18,198,0,0,,,407,170,,0,58,155,5,FALSE,Non quality on net,Default
20252026,Regular,268,1-28-2026,Ottawa,5,Seattle,8,shot,1,4:51,291,0,0,,,451,225,,0,2,222,8,FALSE,Non quality on net,Default
20252026,Regular,268,1-28-2026,Ottawa,5,Seattle,8,shot,1,5:16,316,0,0,,,205,273,,0,219,155,5,FALSE,Non quality on net,Default
20252026,Regular,268,1-28-2026,Ottawa,5,Seattle,8,shot,1,5:27,327,0,0,,,167,17,,0,289,155,5,FALSE,Non quality on net,Default
20252026,Regular,268,1-28-2026,Ottawa,5,Seattle,8,shot,1,8:59,539,0,0,,,50,241,,0,57,155,5,FALSE,Non quality on net,Default
20252026,Regular,268,1-28-2026,Ottawa,5,Seattle,8,shot,1,10:06,606,0,0,,,515,223,,0,49,222,8,FALSE,Non quality on net,Default
20252026,Regular,268,1-28-2026,Ottawa,5,Seattle,8,shot,1,10:12,612,0,0,,,404,141,,0,36,222,8,FALSE,Non quality on net,Tip
20252026,Regular,268,1-28-2026,Ottawa,5,Seattle,8,shot,1,12:27,747,0,0,,,88,141,,0,53,155,5,FALSE,Quality on net,Default
20252026,Regular,268,1-28-2026,Ottawa,5,Seattle,8,shot,1,13:22,802,0,0,,,65,77,,0,53,155,5,FALSE,Non quality on net,Default
20252026,Regular,268,1-28-2026,Ottawa,5,Seattle,8,shot,1,13:26,806,0,0,,,59,153,,0,57,155,5,FALSE,Quality on net,Default
20252026,Regular,268,1-28-2026,Ottawa,5,Seattle,8,shot,1,16:16,976,0,0,,,127,126,,0,241,155,5,FALSE,Quality on net,Default
20252026,Regular,268,1-28-2026,Ottawa,5,Seattle,8,shot,1,16:41,1001,0,0,,,447,281,,0,13,222,8,FALSE,Non quality on net,Default
20252026,Regular,268,1-28-2026,Ottawa,5,Seattle,8,shot,1,17:26,1046,0,0,,,57,146,,0,101,155,5,FALSE,Quality on net,Default
20252026,Regular,268,1-28-2026,Ottawa,5,Seattle,8,shot,1,18:50,1130,0,0,,,513,282,,0,210,222,8,FALSE,Non quality on net,Default
20252026,Regular,268,1-28-2026,Ottawa,5,Seattle,8,shot,1,18:50,1130,0,0,,,169,235,,0,223,155,5,FALSE,Non quality on net,Default
20252026,Regular,268,1-28-2026,Ottawa,5,Seattle,8,shot,1,19:54,1194,0,0,,,525,143,,0,196,222,8,FALSE,Quality on net,Default
20252026,Regular,268,1-28-2026,Ottawa,5,Seattle,8,shot,2,0:04,1204,0,0,,,526,188,,0,181,222,8,FALSE,Quality on net,Default
20252026,Regular,268,1-28-2026,Ottawa,5,Seattle,8,shot,2,0:49,1249,0,0,,,455,153,,0,219,155,5,FALSE,Non quality on net,Default
20252026,Regular,268,1-28-2026,Ottawa,5,Seattle,8,shot,2,1:58,1318,0,0,,,505,41,,0,13,222,8,FALSE,Non quality on net,Default
20252026,Regular,268,1-28-2026,Ottawa,5,Seattle,8,shot,2,2:14,1334,0,0,,,460,157,,0,224,222,8,FALSE,Quality on net,Default
20252026,Regular,268,1-28-2026,Ottawa,5,Seattle,8,shot,2,2:18,1338,0,0,,,489,170,,0,289,155,5,FALSE,Quality on net,Default
20252026,Regular,268,1-28-2026,Ottawa,5,Seattle,8,shot,2,3:45,1425,0,0,,,496,262,,0,181,222,8,FALSE,Non quality on net,Default
20252026,Regular,268,1-28-2026,Ottawa,5,Seattle,8,shot,2,4:02,1442,0,0,,,543,150,,0,34,222,8,FALSE,Quality on net,Default
20252026,Regular,268,1-28-2026,Ottawa,5,Seattle,8,shot,2,4:22,1462,0,0,,,542,157,,0,13,222,8,FALSE,Quality on net,Default
20252026,Regular,268,1-28-2026,Ottawa,5,Seattle,8,shot,2,5:37,1537,0,0,,,543,134,,0,34,222,8,FALSE,Quality on net,Default
20252026,Regular,268,1-28-2026,Ottawa,5,Seattle,8,shot,2,5:38,1538,0,0,,,506,140,,0,181,222,8,FALSE,Quality on net,Default
20252026,Regular,268,1-28-2026,Ottawa,5,Seattle,8,shot,2,5:40,1540,0,0,,,479,115,,0,13,222,8,TRUE,Quality goal,Default
20252026,Regular,268,1-28-2026,Ottawa,5,Seattle,8,shot,2,7:40,1660,0,1,,,47,117,,-1,53,155,5,FALSE,Non quality on net,Default
20252026,Regular,268,1-28-2026,Ottawa,5,Seattle,8,shot,2,8:15,1695,0,1,,,115,233,,-1,242,155,5,FALSE,Non quality on net,Default
20252026,Regular,268,1-28-2026,Ottawa,5,Seattle,8,shot,2,8:29,1709,0,1,,,447,201,,1,210,222,8,FALSE,Non quality on net,Default
20252026,Regular,268,1-28-2026,Ottawa,5,Seattle,8,shot,2,8:35,1715,0,1,,,432,190,,1,210,222,8,FALSE,Non quality on net,Default
20252026,Regular,268,1-28-2026,Ottawa,5,Seattle,8,shot,2,9:09,1749,0,1,,,73,141,,-1,217,155,5,FALSE,Quality on net,Default
20252026,Regular,268,1-28-2026,Ottawa,5,Seattle,8,shot,2,9:53,1793,0,1,,,96,92,,-1,88,155,5,FALSE,Quality on net,Default
20252026,Regular,268,1-28-2026,Ottawa,5,Seattle,8,shot,2,10:08,1808,0,1,,,447,145,,1,13,222,8,FALSE,Non quality on net,Default
20252026,Regular,268,1-28-2026,Ottawa,5,Seattle,8,shot,2,13:55,2035,0,1,,,474,123,,1,196,222,8,FALSE,Quality on net,Default
20252026,Regular,268,1-28-2026,Ottawa,5,Seattle,8,shot,2,15:20,2120,0,1,,,68,157,,-1,72,155,5,FALSE,Quality on net,Default
20252026,Regular,268,1-28-2026,Ottawa,5,Seattle,8,shot,2,15:37,2137,0,1,,,103,161,,-1,58,155,5,FALSE,Quality on net,Default
20252026,Regular,268,1-28-2026,Ottawa,5,Seattle,8,shot,2,17:56,2276,0,1,,,356,9,,1,99,222,8,FALSE,Non quality on net,Default
20252026,Regular,268,1-28-2026,Ottawa,5,Seattle,8,shot,2,19:54,2394,0,1,,,50,142,,-1,53,155,5,FALSE,Quality on net,Default
20252026,Regular,268,1-28-2026,Ottawa,5,Seattle,8,shot,3,1:37,2497,0,1,,,64,101,,-1,240,155,5,FALSE,Non quality on net,Default
20252026,Regular,268,1-28-2026,Ottawa,5,Seattle,8,shot,3,2:02,2522,0,1,,,96,158,,-1,240,155,5,TRUE,Quality goal,Default
20252026,Regular,268,1-28-2026,Ottawa,5,Seattle,8,shot,3,2:07,2527,1,1,,,474,272,,0,2,222,8,FALSE,Non quality on net,Default
20252026,Regular,268,1-28-2026,Ottawa,5,Seattle,8,shot,3,4:42,2682,1,1,,,477,94,,0,13,222,8,FALSE,Quality on net,Default
20252026,Regular,268,1-28-2026,Ottawa,5,Seattle,8,shot,3,4:56,2696,1,1,,,160,145,,0,115,155,5,FALSE,Non quality on net,Default
20252026,Regular,268,1-28-2026,Ottawa,5,Seattle,8,shot,3,7:01,2821,1,1,,,508,86,,0,34,222,8,FALSE,Quality on net,Default
20252026,Regular,268,1-28-2026,Ottawa,5,Seattle,8,shot,3,10:03,3003,1,1,,,493,147,,0,36,222,8,TRUE,Quality goal,Default
20252026,Regular,268,1-28-2026,Ottawa,5,Seattle,8,shot,3,14:46,3286,1,2,,,51,141,,-1,72,155,5,TRUE,Quality goal,Default
20252026,Regular,268,1-28-2026,Ottawa,5,Seattle,8,shot,3,15:03,3303,2,2,,,78,129,,0,57,155,5,FALSE,Quality on net,Default
20252026,Regular,268,1-28-2026,Ottawa,5,Seattle,8,shot,3,16:15,3375,2,2,,,50,182,,0,72,155,5,FALSE,Non quality on net,Default
20252026,Regular,268,1-28-2026,Ottawa,5,Seattle,8,shot,3,16:51,3411,2,2,,,63,140,,0,53,155,5,FALSE,Quality on net,Tip
20252026,Regular,268,1-28-2026,Ottawa,5,Seattle,8,shot,3,17:42,3462,2,2,,,422,283,,0,36,222,8,FALSE,Non quality on net,Default
20252026,Regular,268,1-28-2026,Ottawa,5,Seattle,8,shot,3,19:30,3570,2,2,,,57,169,,0,72,155,5,TRUE,Quality goal,Default
20252026,Regular,268,1-28-2026,Ottawa,5,Seattle,8,shot,3,19:43,3583,3,2,,,52,172,,1,53,155,5,TRUE,Quality goal,Default
20252026,Regular,269,1-28-2026,Boston,1,New York,4,shot,1,1:24,84,0,0,,,457,126,,0,205,6,4,FALSE,Quality on net,Wrist
20252026,Regular,269,1-28-2026,Boston,1,New York,4,shot,1,1:59,119,0,0,,,428,106,,0,60,6,4,FALSE,Non quality on net,Wrist
20252026,Regular,269,1-28-2026,Boston,1,New York,4,shot,1,2:58,178,0,0,,,286,16,,0,182,228,1,FALSE,Non quality on net,Wrist
20252026,Regular,269,1-28-2026,Boston,1,New York,4,shot,1,6:22,382,0,0,,,133,226,,0,256,228,1,FALSE,Quality on net,Wrist
20252026,Regular,269,1-28-2026,Boston,1,New York,4,shot,1,7:25,445,0,0,,,211,213,,0,52,228,1,FALSE,Non quality on net,Snap
20252026,Regular,269,1-28-2026,Boston,1,New York,4,shot,1,8:40,520,0,0,,,201,111,,0,246,228,1,FALSE,Non quality on net,Wrist
20252026,Regular,269,1-28-2026,Boston,1,New York,4,shot,1,8:50,530,0,0,,,140,93,,0,12,228,1,FALSE,Quality on net,Wrist
20252026,Regular,269,1-28-2026,Boston,1,New York,4,shot,1,9:45,585,0,0,,,51,147,,0,259,228,1,TRUE,Quality goal,Tip
20252026,Regular,269,1-28-2026,Boston,1,New York,4,shot,1,10:40,640,1,0,,,132,103,,1,243,228,1,FALSE,Quality on net,Wrist
20252026,Regular,269,1-28-2026,Boston,1,New York,4,shot,1,11:06,666,1,0,,,359,50,,-1,277,6,4,FALSE,Non quality on net,Wrist
20252026,Regular,269,1-28-2026,Boston,1,New York,4,shot,1,11:38,698,1,0,,,473,80,,-1,204,6,4,FALSE,Quality on net,Wrist
20252026,Regular,269,1-28-2026,Boston,1,New York,4,shot,1,13:08,788,1,0,,,538,176,,-1,45,6,4,FALSE,Quality on net,Backhand
20252026,Regular,269,1-28-2026,Boston,1,New York,4,shot,1,14:12,852,1,0,,,409,110,,-1,47,6,4,FALSE,Non quality on net,Wrist
20252026,Regular,269,1-28-2026,Boston,1,New York,4,shot,1,14:50,890,1,0,,,471,88,,-1,204,6,4,FALSE,Quality on net,Wrist
20252026,Regular,269,1-28-2026,Boston,1,New York,4,shot,1,15:33,933,1,0,,,473,189,,-1,280,6,4,FALSE,Quality on net,Wrist
20252026,Regular,269,1-28-2026,Boston,1,New York,4,shot,1,19:34,1174,1,0,,,102,213,,1,78,228,1,FALSE,Quality on net,Wrist
20252026,Regular,269,1-28-2026,Boston,1,New York,4,shot,2,0:24,1224,1,0,,,72,111,,1,1,228,1,FALSE,Quality on net,Backhand
20252026,Regular,269,1-28-2026,Boston,1,New York,4,shot,2,3:19,1399,1,0,,,123,195,,1,78,228,1,FALSE,Quality on net,Snap
20252026,Regular,269,1-28-2026,Boston,1,New York,4,shot,2,4:56,1496,1,0,,,130,66,,1,16,228,1,FALSE,Non quality on net,Wrist
20252026,Regular,269,1-28-2026,Boston,1,New York,4,shot,2,4:59,1499,1,0,,,191,142,,1,52,228,1,FALSE,Non quality on net,Slap
20252026,Regular,269,1-28-2026,Boston,1,New York,4,shot,2,8:15,1695,1,0,,,458,109,,-1,207,6,4,FALSE,Quality on net,Wrist
20252026,Regular,269,1-28-2026,Boston,1,New York,4,shot,2,9:24,1764,1,0,,,404,145,,-1,87,6,4,FALSE,Non quality on net,Wrist
20252026,Regular,269,1-28-2026,Boston,1,New York,4,shot,2,9:55,1795,1,0,,,406,195,,-1,205,6,4,FALSE,Non quality on net,Wrist
20252026,Regular,269,1-28-2026,Boston,1,New York,4,shot,2,10:18,1818,1,0,,,435,207,,-1,205,6,4,FALSE,Non quality on net,Wrist
20252026,Regular,269,1-28-2026,Boston,1,New York,4,shot,2,10:19,1819,1,0,,,555,159,,-1,30,6,4,TRUE,Quality goal,Wrist
20252026,Regular,269,1-28-2026,Boston,1,New York,4,shot,2,13:24,2004,1,1,,,65,173,,0,97,228,1,FALSE,Quality on net,Wrist
20252026,Regular,269,1-28-2026,Boston,1,New York,4,shot,2,13:57,2037,1,1,,,154,37,,0,246,228,1,FALSE,Non quality on net,Wrist
20252026,Regular,269,1-28-2026,Boston,1,New York,4,shot,2,14:03,2043,1,1,,,159,223,,0,52,228,1,FALSE,Non quality on net,Wrist
20252026,Regular,269,1-28-2026,Boston,1,New York,4,shot,2,14:59,2099,1,1,,,112,64,,0,78,228,1,FALSE,Non quality on net,Tip
20252026,Regular,269,1-28-2026,Boston,1,New York,4,shot,2,16:54,2214,1,1,,,459,231,,0,245,6,4,FALSE,Non quality on net,Snap
20252026,Regular,269,1-28-2026,Boston,1,New York,4,penaltyshot,2,18:03,2283,1,1,,,,,,0,243,228,1,FALSE,,
20252026,Regular,269,1-28-2026,Boston,1,New York,4,shot,2,18:48,2328,1,1,,,407,54,,0,47,6,4,FALSE,Non quality on net,Wrist
20252026,Regular,269,1-28-2026,Boston,1,New York,4,shot,2,18:59,2339,1,1,,,531,155,,0,245,6,4,TRUE,Quality goal,Snap
20252026,Regular,269,1-28-2026,Boston,1,New York,4,shot,2,19:49,2389,1,2,,,432,113,,1,87,6,4,FALSE,Non quality on net,Wrist
20252026,Regular,269,1-28-2026,Boston,1,New York,4,shot,3,0:57,2457,1,2,,,43,132,,-1,97,228,1,TRUE,Quality goal,Tip
20252026,Regular,269,1-28-2026,Boston,1,New York,4,shot,3,1:24,2484,2,2,,,387,153,,0,230,6,4,FALSE,Non quality on net,Slap
20252026,Regular,269,1-28-2026,Boston,1,New York,4,shot,3,1:55,2515,2,2,,,192,80,,0,246,228,1,FALSE,Non quality on net,Wrist
20252026,Regular,269,1-28-2026,Boston,1,New York,4,shot,3,2:12,2532,2,2,,,205,237,,0,185,228,1,FALSE,Non quality on net,Slap
20252026,Regular,269,1-28-2026,Boston,1,New York,4,shot,3,2:36,2556,2,2,,,74,119,,0,78,228,1,FALSE,Quality on net,Tip
20252026,Regular,269,1-28-2026,Boston,1,New York,4,shot,3,3:00,2580,2,2,,,118,91,,0,246,228,1,FALSE,Quality on net,Snap
20252026,Regular,269,1-28-2026,Boston,1,New York,4,shot,3,3:33,2613,2,2,,,501,154,,0,205,6,4,FALSE,Quality on net,Wrist
20252026,Regular,269,1-28-2026,Boston,1,New York,4,shot,3,4:20,2660,2,2,,,147,231,,0,256,228,1,FALSE,Non quality on net,Wrist
20252026,Regular,269,1-28-2026,Boston,1,New York,4,shot,3,5:45,2745,2,2,,,202,149,,0,52,228,1,FALSE,Non quality on net,Slap
20252026,Regular,269,1-28-2026,Boston,1,New York,4,shot,3,5:47,2747,2,2,,,59,114,,0,16,228,1,TRUE,Quality goal,Wrist
20252026,Regular,269,1-28-2026,Boston,1,New York,4,shot,3,6:48,2808,3,2,,,63,130,,1,1,228,1,FALSE,Quality on net,Backhand
20252026,Regular,269,1-28-2026,Boston,1,New York,4,shot,3,6:49,2809,3,2,,,49,170,,1,212,228,1,FALSE,Quality on net,Wrist
20252026,Regular,269,1-28-2026,Boston,1,New York,4,shot,3,6:55,2815,3,2,,,198,45,,1,246,228,1,FALSE,Non quality on net,Wrist
20252026,Regular,269,1-28-2026,Boston,1,New York,4,shot,3,6:59,2819,3,2,,,65,132,,1,16,228,1,FALSE,Quality on net,Snap
20252026,Regular,269,1-28-2026,Boston,1,New York,4,shot,3,8:05,2885,3,2,,,465,281,,-1,87,6,4,FALSE,Non quality on net,Wrist
20252026,Regular,269,1-28-2026,Boston,1,New York,4,shot,3,9:24,2964,3,2,,,407,190,,-1,251,6,4,FALSE,Non quality on net,Slap
20252026,Regular,269,1-28-2026,Boston,1,New York,4,shot,3,10:00,3000,3,2,,,48,98,,1,15,228,1,FALSE,Non quality on net,Backhand
20252026,Regular,269,1-28-2026,Boston,1,New York,4,shot,3,12:35,3155,3,2,,,195,93,,1,1,228,1,FALSE,Non quality on net,Wrist
20252026,Regular,269,1-28-2026,Boston,1,New York,4,shot,3,12:37,3157,3,2,,,135,169,,1,259,228,1,FALSE,Quality on net,Wrist
20252026,Regular,269,1-28-2026,Boston,1,New York,4,shot,3,12:59,3179,3,2,,,207,198,,1,185,228,1,FALSE,Non quality on net,Wrist
20252026,Regular,269,1-28-2026,Boston,1,New York,4,shot,3,14:18,3258,3,2,,,527,161,,-1,205,6,4,FALSE,Quality on net,Wrist
20252026,Regular,269,1-28-2026,Boston,1,New York,4,shot,3,14:25,3265,3,2,,,459,81,,-1,245,6,4,TRUE,Quality goal,Tip
20252026,Regular,269,1-28-2026,Boston,1,New York,4,shot,3,14:46,3286,3,3,,,288,51,,0,246,228,1,FALSE,Non quality on net,Wrist
20252026,Regular,269,1-28-2026,Boston,1,New York,4,shot,3,14:53,3293,3,3,,,206,42,,0,246,228,1,FALSE,Non quality on net,Wrist
20252026,Regular,269,1-28-2026,Boston,1,New York,4,shot,3,16:21,3381,3,3,,,461,158,,0,40,6,4,FALSE,Quality on net,Wrist
20252026,Regular,269,1-28-2026,Boston,1,New York,4,shot,3,16:30,3390,3,3,,,476,226,,0,205,6,4,FALSE,Quality on net,Wrist
20252026,Regular,269,1-28-2026,Boston,1,New York,4,shot,3,16:57,3417,3,3,,,543,72,,0,30,6,4,FALSE,Non quality on net,Wrist
20252026,Regular,269,1-28-2026,Boston,1,New York,4,shot,3,16:59,3419,3,3,,,544,77,,0,45,6,4,FALSE,Non quality on net,Wrist
20252026,Regular,269,1-28-2026,Boston,1,New York,4,shot,3,19:38,3578,3,3,,,411,251,,0,205,6,4,FALSE,Non quality on net,Wrist
20252026,Regular,269,1-28-2026,Boston,1,New York,4,shot,4,2:55,3775,3,3,,,532,172,,0,60,6,4,FALSE,Quality on net,Backhand
20252026,Regular,269,1-28-2026,Boston,1,New York,4,shot,4,3:16,3796,3,3,,,502,251,,0,47,6,4,FALSE,Non quality on net,Wrist
20252026,Regular,269,1-28-2026,Boston,1,New York,4,shot,4,4:05,3845,3,3,,,471,75,,0,205,6,4,FALSE,Quality on net,Wrist
20252026,Regular,269,1-28-2026,Boston,1,New York,4,shot,4,4:33,3873,3,3,,,457,148,,0,245,6,4,FALSE,Quality on net,Wrist
20252026,Regular,269,1-28-2026,Boston,1,New York,4,shot,4,4:42,3882,3,3,,,481,191,,0,205,6,4,FALSE,Quality on net,Wrist
20252026,Regular,269,1-28-2026,Boston,1,New York,4,shot,4,4:52,3892,3,3,,,121,185,,0,97,228,1,FALSE,Quality on net,Wrist
20252026,Regular,270,1-28-2026,Minnesota,2,Vancouver,9,shot,1,0:36,36,0,0,,,470,281,,0,11,123,9,FALSE,Non quality on net,Wrist
20252026,Regular,270,1-28-2026,Minnesota,2,Vancouver,9,shot,1,1:06,66,0,0,,,65,128,,0,25,64,2,FALSE,Quality on net,Wrist
20252026,Regular,270,1-28-2026,Minnesota,2,Vancouver,9,shot,1,4:06,246,0,0,,,111,108,,0,20,64,2,FALSE,Quality on net,Wrist
20252026,Regular,270,1-28-2026,Minnesota,2,Vancouver,9,shot,1,4:07,247,0,0,,,44,177,,0,23,64,2,FALSE,Non quality on net,Snap
20252026,Regular,270,1-28-2026,Minnesota,2,Vancouver,9,shot,1,4:57,297,0,0,,,96,121,,0,236,64,2,TRUE,Quality goal,Wrist
20252026,Regular,270,1-28-2026,Minnesota,2,Vancouver,9,shot,1,6:41,401,1,0,,,302,141,,-1,209,123,9,FALSE,Non quality on net,Tip
20252026,Regular,270,1-28-2026,Minnesota,2,Vancouver,9,shot,1,6:59,419,1,0,,,65,167,,1,263,64,2,FALSE,Quality on net,Tip
20252026,Regular,270,1-28-2026,Minnesota,2,Vancouver,9,shot,1,11:14,674,1,0,,,105,156,,1,269,64,2,FALSE,Quality on net,Wrist
20252026,Regular,270,1-28-2026,Minnesota,2,Vancouver,9,shot,1,11:24,684,1,0,,,89,201,,1,263,64,2,FALSE,Quality on net,Wrist
20252026,Regular,270,1-28-2026,Minnesota,2,Vancouver,9,shot,1,11:51,711,1,0,,,462,63,,-1,221,123,9,FALSE,Non quality on net,Wrist
20252026,Regular,270,1-28-2026,Minnesota,2,Vancouver,9,shot,1,13:08,788,1,0,,,538,148,,-1,220,123,9,FALSE,Quality on net,Snap
20252026,Regular,270,1-28-2026,Minnesota,2,Vancouver,9,shot,1,14:42,882,1,0,,,169,148,,1,167,64,2,FALSE,Non quality on net,Wrist
20252026,Regular,270,1-28-2026,Minnesota,2,Vancouver,9,shot,1,15:02,902,1,0,,,382,51,,-1,129,123,9,FALSE,Non quality on net,Wrist
20252026,Regular,270,1-28-2026,Minnesota,2,Vancouver,9,shot,1,16:12,972,1,0,,,402,259,,-1,11,123,9,FALSE,Non quality on net,Snap
20252026,Regular,270,1-28-2026,Minnesota,2,Vancouver,9,shot,1,17:07,1027,1,0,,,138,123,,1,189,64,2,TRUE,Quality goal,Slap
20252026,Regular,270,1-28-2026,Minnesota,2,Vancouver,9,shot,1,17:22,1042,2,0,,,502,171,,-2,220,123,9,FALSE,Quality on net,Tip
20252026,Regular,270,1-28-2026,Minnesota,2,Vancouver,9,shot,1,18:01,1081,2,0,,,81,127,,2,247,64,2,FALSE,Quality on net,Wrist
20252026,Regular,270,1-28-2026,Minnesota,2,Vancouver,9,shot,1,19:23,1163,2,0,,,53,143,,2,25,64,2,FALSE,Quality on net,Tip
20252026,Regular,270,1-28-2026,Minnesota,2,Vancouver,9,shot,1,19:58,1198,2,0,,,141,231,,2,23,64,2,FALSE,Non quality on net,Wrist
20252026,Regular,270,1-28-2026,Minnesota,2,Vancouver,9,shot,1,19:59,1199,2,0,,,32,155,,2,23,64,2,TRUE,Non quality goal,Default
20252026,Regular,270,1-28-2026,Minnesota,2,Vancouver,9,shot,2,3:44,1424,3,0,,,399,158,,-3,11,123,9,FALSE,Non quality on net,Wrist
20252026,Regular,270,1-28-2026,Minnesota,2,Vancouver,9,shot,2,4:41,1481,3,0,,,518,198,,-3,220,123,9,FALSE,Quality on net,Slap
20252026,Regular,270,1-28-2026,Minnesota,2,Vancouver,9,shot,2,4:46,1486,3,0,,,557,170,,-3,227,123,9,FALSE,Quality on net,Snap
20252026,Regular,270,1-28-2026,Minnesota,2,Vancouver,9,shot,2,4:53,1493,3,0,,,524,189,,-3,161,123,9,FALSE,Quality on net,Slap
20252026,Regular,270,1-28-2026,Minnesota,2,Vancouver,9,shot,2,5:17,1517,3,0,,,549,231,,-3,169,123,9,FALSE,Non quality on net,Wrist
20252026,Regular,270,1-28-2026,Minnesota,2,Vancouver,9,shot,2,5:56,1556,3,0,,,423,99,,-3,129,123,9,FALSE,Non quality on net,Slap
20252026,Regular,270,1-28-2026,Minnesota,2,Vancouver,9,shot,2,6:14,1574,3,0,,,56,129,,3,247,64,2,FALSE,Quality on net,Wrist
20252026,Regular,270,1-28-2026,Minnesota,2,Vancouver,9,shot,2,10:40,1840,3,0,,,507,88,,-3,198,123,9,FALSE,Quality on net,Wrist
20252026,Regular,270,1-28-2026,Minnesota,2,Vancouver,9,shot,2,12:15,1935,3,0,,,524,165,,-3,252,123,9,FALSE,Quality on net,Tip
20252026,Regular,270,1-28-2026,Minnesota,2,Vancouver,9,shot,2,12:35,1955,3,0,,,549,127,,-3,252,123,9,TRUE,Quality goal,Tip
20252026,Regular,270,1-28-2026,Minnesota,2,Vancouver,9,shot,2,13:17,1997,3,1,,,483,214,,-2,11,123,9,FALSE,Quality on net,Snap
20252026,Regular,270,1-28-2026,Minnesota,2,Vancouver,9,shot,2,13:30,2010,3,1,,,461,102,,-2,169,123,9,FALSE,Quality on net,Wrist
20252026,Regular,270,1-28-2026,Minnesota,2,Vancouver,9,shot,2,15:59,2159,3,1,,,531,134,,-2,239,123,9,FALSE,Quality on net,Wrist
20252026,Regular,270,1-28-2026,Minnesota,2,Vancouver,9,shot,2,17:22,2242,3,1,,,186,47,,2,236,64,2,FALSE,Non quality on net,Wrist
20252026,Regular,270,1-28-2026,Minnesota,2,Vancouver,9,shot,3,0:30,2430,3,1,,,215,87,,2,21,64,2,FALSE,Non quality on net,Wrist
20252026,Regular,270,1-28-2026,Minnesota,2,Vancouver,9,shot,3,2:12,2532,3,1,,,510,147,,-2,198,123,9,FALSE,Quality on net,Wrist
20252026,Regular,270,1-28-2026,Minnesota,2,Vancouver,9,shot,3,2:44,2564,3,1,,,165,260,,2,24,64,2,FALSE,Non quality on net,Snap
20252026,Regular,270,1-28-2026,Minnesota,2,Vancouver,9,shot,3,2:51,2571,3,1,,,118,145,,2,23,64,2,FALSE,Quality on net,Snap
20252026,Regular,270,1-28-2026,Minnesota,2,Vancouver,9,shot,3,4:03,2643,3,1,,,513,167,,-2,161,123,9,FALSE,Quality on net,Tip
20252026,Regular,270,1-28-2026,Minnesota,2,Vancouver,9,shot,3,4:14,2654,3,1,,,74,140,,2,191,64,2,FALSE,Quality on net,Wrist
20252026,Regular,270,1-28-2026,Minnesota,2,Vancouver,9,shot,3,8:59,2939,3,1,,,184,77,,2,90,64,2,FALSE,Non quality on net,Wrist
20252026,Regular,270,1-28-2026,Minnesota,2,Vancouver,9,shot,3,11:04,3064,3,1,,,533,169,,-2,209,123,9,FALSE,Quality on net,Tip
20252026,Regular,270,1-28-2026,Minnesota,2,Vancouver,9,shot,3,12:00,3120,3,1,,,547,79,,-2,129,123,9,FALSE,Non quality on net,Wrist
20252026,Regular,270,1-28-2026,Minnesota,2,Vancouver,9,shot,3,12:57,3177,3,1,,,411,243,,-2,161,123,9,FALSE,Non quality on net,Slap
20252026,Regular,270,1-28-2026,Minnesota,2,Vancouver,9,shot,3,13:24,3204,3,1,,,552,122,,-2,227,123,9,FALSE,Non quality on net,Backhand
20252026,Regular,270,1-28-2026,Minnesota,2,Vancouver,9,shot,3,13:35,3215,3,1,,,549,150,,-2,169,123,9,FALSE,Quality on net,Backhand
20252026,Regular,270,1-28-2026,Minnesota,2,Vancouver,9,shot,3,14:03,3243,3,1,,,391,230,,-2,11,123,9,FALSE,Non quality on net,Wrist
20252026,Regular,270,1-28-2026,Minnesota,2,Vancouver,9,shot,3,15:17,3317,3,1,,,410,61,,-2,89,123,9,FALSE,Non quality on net,Wrist
20252026,Regular,270,1-28-2026,Minnesota,2,Vancouver,9,shot,3,16:07,3367,3,1,,,458,65,,-2,161,123,9,FALSE,Non quality on net,Wrist
20252026,Regular,270,1-28-2026,Minnesota,2,Vancouver,9,shot,3,17:52,3472,3,1,,,158,111,,2,90,64,2,FALSE,Non quality on net,Wrist
20252026,Regular,270,1-28-2026,Minnesota,2,Vancouver,9,shot,3,18:20,3500,3,1,,,544,162,,-2,89,123,9,FALSE,Quality on net,Tip
20252026,Regular,270,1-28-2026,Minnesota,2,Vancouver,9,shot,3,19:26,3566,3,1,,,153,199,,2,189,0,2,TRUE,Non quality goal,Default
20252026,Regular,270,1-28-2026,Minnesota,2,Vancouver,9,shot,3,19:46,3586,4,1,,,430,260,,-3,305,123,9,FALSE,Non quality on net,Wrist
20252026,Regular,270,1-28-2026,Minnesota,2,Vancouver,9,shot,3,19:59,3599,4,1,,,383,246,,-3,305,123,9,FALSE,Non quality on net,Slap
20252026,Regular,271,2-26-2026,New York,4,Montréal,3,shot,1,1:41,101,0,0,,,437,85,,0,79,228,3,FALSE,Non quality on net,Wrist
20252026,Regular,271,2-26-2026,New York,4,Montréal,3,shot,1,2:13,133,0,0,,,128,73,,0,251,28,4,FALSE,Non quality on net,Default
20252026,Regular,271,2-26-2026,New York,4,Montréal,3,shot,1,4:37,277,0,0,,,131,45,,0,40,28,4,FALSE,Non quality on net,Wrist
20252026,Regular,271,2-26-2026,New York,4,Montréal,3,shot,1,5:00,300,0,0,,,522,113,,0,199,228,3,TRUE,Quality goal,Wrist
20252026,Regular,271,2-26-2026,New York,4,Montréal,3,shot,1,5:47,347,0,1,,,537,141,,1,35,228,3,TRUE,Quality goal,Snap
20252026,Regular,271,2-26-2026,New York,4,Montréal,3,shot,1,8:33,513,0,2,,,278,34,,-2,230,28,4,FALSE,Non quality on net,Wrist
20252026,Regular,271,2-26-2026,New York,4,Montréal,3,shot,1,10:07,607,0,2,,,571,124,,2,272,228,3,TRUE,Non quality goal,Wrist
20252026,Regular,271,2-26-2026,New York,4,Montréal,3,shot,1,10:34,634,0,3,,,212,140,,-3,229,28,4,FALSE,Non quality on net,Wrist
20252026,Regular,271,2-26-2026,New York,4,Montréal,3,shot,1,11:27,687,0,3,,,201,144,,-3,230,28,4,FALSE,Non quality on net,Snap
20252026,Regular,271,2-26-2026,New York,4,Montréal,3,shot,1,11:52,712,0,3,,,77,105,,-3,245,28,4,FALSE,Quality on net,Snap
20252026,Regular,271,2-26-2026,New York,4,Montréal,3,shot,1,12:36,756,0,3,,,564,192,,3,98,228,3,FALSE,Non quality on net,Snap
20252026,Regular,271,2-26-2026,New York,4,Montréal,3,shot,1,13:29,809,0,3,,,201,223,,-3,207,28,4,FALSE,Non quality on net,Wrist
20252026,Regular,271,2-26-2026,New York,4,Montréal,3,shot,1,14:38,878,0,3,,,140,155,,-3,230,28,4,FALSE,Quality on net,Wrist
20252026,Regular,271,2-26-2026,New York,4,Montréal,3,shot,1,18:23,1103,0,3,,,36,125,,-3,249,28,4,FALSE,Non quality on net,Wrist
20252026,Regular,271,2-26-2026,New York,4,Montréal,3,shot,1,19:16,1156,0,3,,,160,59,,-3,245,28,4,FALSE,Non quality on net,Backhand
20252026,Regular,271,2-26-2026,New York,4,Montréal,3,shot,2,0:21,1221,0,3,,,252,154,,-3,230,28,4,FALSE,Non quality on net,Wrist
20252026,Regular,271,2-26-2026,New York,4,Montréal,3,shot,2,1:05,1265,0,3,,,535,176,,3,35,228,3,FALSE,Quality on net,Backhand
20252026,Regular,271,2-26-2026,New York,4,Montréal,3,shot,2,1:13,1273,0,3,,,312,285,,-3,280,28,4,FALSE,Non quality on net,Wrist
20252026,Regular,271,2-26-2026,New York,4,Montréal,3,shot,2,1:59,1319,0,3,,,49,170,,-3,30,28,4,FALSE,Quality on net,Tip
20252026,Regular,271,2-26-2026,New York,4,Montréal,3,shot,2,1:59,1319,0,3,,,62,231,,-3,47,28,4,FALSE,Non quality on net,Default
20252026,Regular,271,2-26-2026,New York,4,Montréal,3,shot,2,4:09,1449,0,3,,,522,273,,3,98,282,3,FALSE,Non quality on net,Wrist
20252026,Regular,271,2-26-2026,New York,4,Montréal,3,shot,2,5:57,1557,0,3,,,69,189,,-3,280,28,4,TRUE,Quality goal,Wrist
20252026,Regular,271,2-26-2026,New York,4,Montréal,3,shot,2,7:19,1639,1,3,,,204,221,,-2,251,28,4,FALSE,Non quality on net,Slap
20252026,Regular,271,2-26-2026,New York,4,Montréal,3,shot,2,8:01,1681,1,3,,,133,110,,-2,87,28,4,FALSE,Quality on net,Snap
20252026,Regular,271,2-26-2026,New York,4,Montréal,3,shot,2,8:20,1700,1,3,,,397,236,,2,32,282,3,FALSE,Non quality on net,Snap
20252026,Regular,271,2-26-2026,New York,4,Montréal,3,shot,2,8:29,1709,1,3,,,480,244,,2,32,282,3,FALSE,Non quality on net,Snap
20252026,Regular,271,2-26-2026,New York,4,Montréal,3,shot,2,10:13,1813,1,3,,,399,160,,2,79,282,3,FALSE,Non quality on net,Wrist
20252026,Regular,271,2-26-2026,New York,4,Montréal,3,shot,2,10:18,1818,1,3,,,466,114,,2,272,282,3,FALSE,Quality on net,Wrist
20252026,Regular,271,2-26-2026,New York,4,Montréal,3,shot,2,10:42,1842,1,3,,,71,133,,-2,207,28,4,FALSE,Quality on net,Snap
20252026,Regular,271,2-26-2026,New York,4,Montréal,3,shot,2,12:04,1924,1,3,,,147,181,,-2,245,28,4,FALSE,Non quality on net,Wrist
20252026,Regular,271,2-26-2026,New York,4,Montréal,3,shot,2,12:05,1925,1,3,,,71,142,,-2,9,28,4,FALSE,Quality on net,Snap
20252026,Regular,271,2-26-2026,New York,4,Montréal,3,shot,2,12:41,1961,1,3,,,129,231,,-2,249,28,4,FALSE,Non quality on net,Snap
20252026,Regular,271,2-26-2026,New York,4,Montréal,3,shot,2,13:01,1981,1,3,,,485,207,,2,61,282,3,FALSE,Quality on net,Snap
20252026,Regular,271,2-26-2026,New York,4,Montréal,3,shot,2,14:39,2079,1,3,,,87,123,,-2,205,28,4,FALSE,Quality on net,Wrist
20252026,Regular,271,2-26-2026,New York,4,Montréal,3,shot,2,15:44,2144,1,3,,,570,170,,2,199,282,3,FALSE,Non quality on net,Default
20252026,Regular,271,2-26-2026,New York,4,Montréal,3,shot,2,16:49,2209,1,3,,,432,250,,2,271,282,3,FALSE,Non quality on net,Wrist
20252026,Regular,271,2-26-2026,New York,4,Montréal,3,shot,2,17:48,2268,1,3,,,538,146,,2,157,282,3,FALSE,Quality on net,Snap
20252026,Regular,271,2-26-2026,New York,4,Montréal,3,shot,2,17:59,2279,1,3,,,549,143,,2,128,282,3,FALSE,Quality on net,Default
20252026,Regular,271,2-26-2026,New York,4,Montréal,3,shot,2,18:06,2286,1,3,,,417,47,,2,84,282,3,FALSE,Non quality on net,Wrist
20252026,Regular,271,2-26-2026,New York,4,Montréal,3,shot,2,19:12,2352,1,3,,,476,231,,2,199,282,3,FALSE,Non quality on net,Snap
20252026,Regular,271,2-26-2026,New York,4,Montréal,3,shot,3,0:24,2424,1,3,,,105,154,,-2,245,28,4,FALSE,Quality on net,Wrist
20252026,Regular,271,2-26-2026,New York,4,Montréal,3,shot,3,0:37,2437,1,3,,,87,195,,-2,280,28,4,FALSE,Quality on net,Snap
20252026,Regular,271,2-26-2026,New York,4,Montréal,3,shot,3,0:55,2455,1,3,,,178,157,,-2,9,28,4,FALSE,Non quality on net,Wrist
20252026,Regular,271,2-26-2026,New York,4,Montréal,3,shot,3,2:54,2574,1,3,,,395,233,,-2,87,28,4,FALSE,Non quality on net,Wrist
20252026,Regular,271,2-26-2026,New York,4,Montréal,3,shot,3,3:24,2604,1,3,,,538,95,,2,42,282,3,FALSE,Non quality on net,Slap
20252026,Regular,271,2-26-2026,New York,4,Montréal,3,shot,3,3:43,2623,1,3,,,508,201,,2,201,282,3,TRUE,Quality goal,Tip
20252026,Regular,271,2-26-2026,New York,4,Montréal,3,shot,3,4:58,2698,1,4,,,201,248,,-3,229,28,4,FALSE,Non quality on net,Wrist
20252026,Regular,271,2-26-2026,New York,4,Montréal,3,shot,3,8:09,2889,1,4,,,171,63,,-3,251,28,4,FALSE,Non quality on net,Snap
20252026,Regular,271,2-26-2026,New York,4,Montréal,3,shot,3,8:54,2934,1,4,,,70,170,,-3,280,28,4,FALSE,Quality on net,Wrist
20252026,Regular,271,2-26-2026,New York,4,Montréal,3,shot,3,9:51,2991,1,4,,,74,134,,-3,229,28,4,FALSE,Quality on net,Snap
20252026,Regular,271,2-26-2026,New York,4,Montréal,3,shot,3,10:46,3046,1,4,,,53,182,,-3,9,28,4,FALSE,Non quality on net,Tip
20252026,Regular,271,2-26-2026,New York,4,Montréal,3,shot,3,13:42,3222,1,4,,,441,213,,3,271,282,3,FALSE,Non quality on net,Wrist
20252026,Regular,271,2-26-2026,New York,4,Montréal,3,shot,3,14:37,3277,1,4,,,443,158,,3,199,282,3,FALSE,Non quality on net,Wrist
20252026,Regular,271,2-26-2026,New York,4,Montréal,3,shot,3,19:19,3559,1,4,,,193,196,,-3,47,28,4,FALSE,Non quality on net,Wrist
20252026,Regular,271,2-26-2026,New York,4,Montréal,3,shot,3,19:30,3570,1,4,,,145,157,,-3,205,28,4,FALSE,Non quality on net,Snap
20252026,Regular,271,2-26-2026,New York,4,Montréal,3,shot,3,19:47,3587,1,4,,,46,122,,-3,245,28,4,FALSE,Non quality on net,Wrist
20252026,Regular,271,2-26-2026,New York,4,Montréal,3,shot,3,19:58,3598,1,4,,,152,189,,-3,285,28,4,FALSE,Non quality on net,Wrist
20252026,Regular,272,2-27-2026,Seattle,8,Toronto,6,shot,1,0:28,28,0,0,,,523,177,,0,65,250,6,TRUE,Quality goal,Wrist
20252026,Regular,272,2-27-2026,Seattle,8,Toronto,6,shot,1,1:27,87,0,1,,,506,255,,1,313,250,6,FALSE,Non quality on net,Wrist
20252026,Regular,272,2-27-2026,Seattle,8,Toronto,6,shot,1,2:12,132,0,1,,,468,94,,1,63,250,6,FALSE,Quality on net,Wrist
20252026,Regular,272,2-27-2026,Seattle,8,Toronto,6,shot,1,4:12,252,0,1,,,201,266,,-1,99,211,8,FALSE,Non quality on net,Wrist
20252026,Regular,272,2-27-2026,Seattle,8,Toronto,6,shot,1,4:25,265,0,1,,,114,195,,-1,138,211,8,FALSE,Quality on net,Wrist
20252026,Regular,272,2-27-2026,Seattle,8,Toronto,6,shot,1,6:08,368,0,1,,,92,204,,-1,196,211,8,FALSE,Quality on net,Wrist
20252026,Regular,272,2-27-2026,Seattle,8,Toronto,6,shot,1,6:20,380,0,1,,,442,117,,1,76,250,6,FALSE,Non quality on net,Wrist
20252026,Regular,272,2-27-2026,Seattle,8,Toronto,6,shot,1,6:52,412,0,1,,,533,159,,1,76,250,6,FALSE,Quality on net,Wrist
20252026,Regular,272,2-27-2026,Seattle,8,Toronto,6,shot,1,9:03,543,0,1,,,534,151,,1,26,250,6,FALSE,Quality on net,Tip
20252026,Regular,272,2-27-2026,Seattle,8,Toronto,6,shot,1,9:23,563,0,1,,,513,196,,1,76,250,6,FALSE,Quality on net,Wrist
20252026,Regular,272,2-27-2026,Seattle,8,Toronto,6,shot,1,10:26,626,0,1,,,395,65,,1,44,250,6,FALSE,Non quality on net,Wrist
20252026,Regular,272,2-27-2026,Seattle,8,Toronto,6,shot,1,10:57,657,0,1,,,161,61,,-1,210,211,8,FALSE,Non quality on net,Wrist
20252026,Regular,272,2-27-2026,Seattle,8,Toronto,6,shot,1,13:22,802,0,1,,,509,128,,1,313,250,6,FALSE,Quality on net,Wrist
20252026,Regular,272,2-27-2026,Seattle,8,Toronto,6,shot,1,13:37,817,0,1,,,532,137,,1,76,250,6,FALSE,Quality on net,Wrist
20252026,Regular,272,2-27-2026,Seattle,8,Toronto,6,shot,1,15:47,947,0,1,,,79,144,,-1,138,211,8,FALSE,Quality on net,Wrist
20252026,Regular,272,2-27-2026,Seattle,8,Toronto,6,shot,1,16:09,969,0,1,,,483,73,,1,63,250,6,FALSE,Non quality on net,Wrist
20252026,Regular,272,2-27-2026,Seattle,8,Toronto,6,shot,1,16:45,1005,0,1,,,45,199,,-1,62,211,8,FALSE,Non quality on net,Wrist
20252026,Regular,272,2-27-2026,Seattle,8,Toronto,6,shot,1,19:48,1188,0,1,,,87,113,,-1,62,211,8,TRUE,Quality goal,Wrist
20252026,Regular,272,2-27-2026,Seattle,8,Toronto,6,shot,2,0:23,1223,1,1,,,549,93,,0,76,250,6,FALSE,Non quality on net,Backhand
20252026,Regular,272,2-27-2026,Seattle,8,Toronto,6,shot,2,0:45,1245,1,1,,,212,21,,0,224,211,8,FALSE,Non quality on net,Wrist
20252026,Regular,272,2-27-2026,Seattle,8,Toronto,6,shot,2,1:07,1267,1,1,,,402,94,,0,200,250,6,FALSE,Non quality on net,Slap
20252026,Regular,272,2-27-2026,Seattle,8,Toronto,6,shot,2,2:55,1375,1,1,,,191,244,,0,34,211,8,FALSE,Non quality on net,Wrist
20252026,Regular,272,2-27-2026,Seattle,8,Toronto,6,shot,2,3:05,1385,1,1,,,129,222,,0,203,211,8,FALSE,Quality on net,Wrist
20252026,Regular,272,2-27-2026,Seattle,8,Toronto,6,shot,2,4:25,1465,1,1,,,542,169,,0,67,250,6,TRUE,Quality goal,Wrist
20252026,Regular,272,2-27-2026,Seattle,8,Toronto,6,shot,2,4:58,1498,1,2,,,516,183,,1,317,250,6,FALSE,Quality on net,Backhand
20252026,Regular,272,2-27-2026,Seattle,8,Toronto,6,shot,2,5:31,1531,1,2,,,172,254,,-1,34,211,8,FALSE,Non quality on net,Wrist
20252026,Regular,272,2-27-2026,Seattle,8,Toronto,6,shot,2,5:45,1545,1,2,,,545,135,,1,68,250,6,FALSE,Quality on net,Backhand
20252026,Regular,272,2-27-2026,Seattle,8,Toronto,6,shot,2,5:45,1545,1,2,,,535,144,,1,68,250,6,FALSE,Quality on net,Wrist
20252026,Regular,272,2-27-2026,Seattle,8,Toronto,6,shot,2,7:47,1667,1,2,,,147,188,,-1,210,211,8,FALSE,Non quality on net,Wrist
20252026,Regular,272,2-27-2026,Seattle,8,Toronto,6,shot,2,10:12,1812,1,2,,,561,111,,1,76,250,6,FALSE,Non quality on net,Wrist
20252026,Regular,272,2-27-2026,Seattle,8,Toronto,6,shot,2,11:59,1919,1,2,,,195,260,,-1,203,211,8,FALSE,Non quality on net,Wrist
20252026,Regular,272,2-27-2026,Seattle,8,Toronto,6,shot,2,14:05,2045,1,2,,,559,119,,1,100,250,6,FALSE,Non quality on net,Wrist
20252026,Regular,272,2-27-2026,Seattle,8,Toronto,6,shot,2,15:40,2140,1,2,,,477,32,,1,56,250,6,FALSE,Non quality on net,Wrist
20252026,Regular,272,2-27-2026,Seattle,8,Toronto,6,shot,2,16:37,2197,1,2,,,99,182,,-1,49,211,8,FALSE,Quality on net,Backhand
20252026,Regular,272,2-27-2026,Seattle,8,Toronto,6,shot,2,18:48,2328,1,2,,,83,191,,-1,142,211,8,TRUE,Quality goal,Wrist
20252026,Regular,272,2-27-2026,Seattle,8,Toronto,6,shot,2,18:50,2330,2,2,,,111,124,,0,34,211,8,FALSE,Quality on net,Wrist
20252026,Regular,272,2-27-2026,Seattle,8,Toronto,6,shot,2,18:57,2337,2,2,,,507,129,,0,65,250,6,FALSE,Quality on net,Backhand
20252026,Regular,272,2-27-2026,Seattle,8,Toronto,6,shot,2,19:49,2389,2,2,,,48,121,,0,49,211,8,FALSE,Non quality on net,Backhand
20252026,Regular,272,2-27-2026,Seattle,8,Toronto,6,shot,3,0:53,2453,2,2,,,153,230,,0,196,211,8,FALSE,Non quality on net,Slap
20252026,Regular,272,2-27-2026,Seattle,8,Toronto,6,shot,3,1:32,2492,2,2,,,164,153,,0,62,211,8,FALSE,Non quality on net,Slap
20252026,Regular,272,2-27-2026,Seattle,8,Toronto,6,shot,3,1:55,2515,2,2,,,193,153,,0,203,211,8,FALSE,Non quality on net,Wrist
20252026,Regular,272,2-27-2026,Seattle,8,Toronto,6,shot,3,2:43,2563,2,2,,,142,222,,0,208,211,8,FALSE,Quality on net,Wrist
20252026,Regular,272,2-27-2026,Seattle,8,Toronto,6,shot,3,3:24,2604,2,2,,,90,240,,0,203,211,8,FALSE,Non quality on net,Wrist
20252026,Regular,272,2-27-2026,Seattle,8,Toronto,6,shot,3,4:20,2660,2,2,,,477,255,,0,65,250,6,FALSE,Non quality on net,Wrist
20252026,Regular,272,2-27-2026,Seattle,8,Toronto,6,shot,3,4:58,2698,2,2,,,516,219,,0,86,250,6,FALSE,Non quality on net,Wrist
20252026,Regular,272,2-27-2026,Seattle,8,Toronto,6,shot,3,5:56,2756,2,2,,,483,195,,0,73,250,6,TRUE,Quality goal,Wrist
20252026,Regular,272,2-27-2026,Seattle,8,Toronto,6,shot,3,8:45,2925,2,3,,,526,182,,1,100,250,6,FALSE,Quality on net,Wrist
20252026,Regular,272,2-27-2026,Seattle,8,Toronto,6,shot,3,9:15,2955,2,3,,,50,178,,-1,224,211,8,FALSE,Non quality on net,Wrist
20252026,Regular,272,2-27-2026,Seattle,8,Toronto,6,shot,3,9:41,2981,2,3,,,68,134,,-1,210,211,8,FALSE,Quality on net,Wrist
20252026,Regular,272,2-27-2026,Seattle,8,Toronto,6,shot,3,9:57,2997,2,3,,,73,274,,-1,210,211,8,FALSE,Non quality on net,Wrist
20252026,Regular,272,2-27-2026,Seattle,8,Toronto,6,shot,3,10:04,3004,2,3,,,165,74,,-1,62,211,8,FALSE,Non quality on net,Wrist
20252026,Regular,272,2-27-2026,Seattle,8,Toronto,6,shot,3,11:09,3069,2,3,,,93,141,,-1,210,211,8,FALSE,Quality on net,Tip
20252026,Regular,272,2-27-2026,Seattle,8,Toronto,6,shot,3,11:35,3095,2,3,,,120,222,,-1,196,211,8,FALSE,Quality on net,Slap
20252026,Regular,272,2-27-2026,Seattle,8,Toronto,6,shot,3,13:57,3237,2,3,,,183,209,,-1,196,211,8,FALSE,Non quality on net,Wrist
20252026,Regular,272,2-27-2026,Seattle,8,Toronto,6,shot,3,14:13,3253,2,3,,,158,55,,-1,62,211,8,FALSE,Non quality on net,Snap
20252026,Regular,272,2-27-2026,Seattle,8,Toronto,6,shot,3,14:30,3270,2,3,,,91,166,,-1,34,211,8,FALSE,Quality on net,Wrist
20252026,Regular,272,2-27-2026,Seattle,8,Toronto,6,shot,3,17:02,3422,2,3,,,484,187,,1,67,250,6,FALSE,Quality on net,Backhand
20252026,Regular,272,2-27-2026,Seattle,8,Toronto,6,shot,3,18:01,3481,2,3,,,196,199,,1,313,0,6,TRUE,Non quality goal,Wrist
20252026,Regular,272,2-27-2026,Seattle,8,Toronto,6,shot,3,18:16,3496,2,4,,,546,181,,2,316,250,6,FALSE,Quality on net,Wrist
20252026,Regular,272,2-27-2026,Seattle,8,Toronto,6,shot,3,18:37,3517,2,4,,,213,186,,2,68,0,6,TRUE,Non quality goal,Wrist
20252026,Regular,273,2-28-2026,Ottawa,5,Boston,1,shot,1,0:30,30,0,0,,,194,261,,0,223,6,5,FALSE,Non quality on net,Default
20252026,Regular,273,2-28-2026,Ottawa,5,Boston,1,shot,1,1:00,60,0,0,,,98,53,,0,38,6,5,FALSE,Non quality on net,Default
20252026,Regular,273,2-28-2026,Ottawa,5,Boston,1,shot,1,1:45,105,0,0,,,497,81,,0,8,222,1,FALSE,Quality on net,Default
20252026,Regular,273,2-28-2026,Ottawa,5,Boston,1,shot,1,3:19,199,0,0,,,346,279,,0,101,6,5,FALSE,Non quality on net,Default
20252026,Regular,273,2-28-2026,Ottawa,5,Boston,1,shot,1,4:03,243,0,0,,,42,123,,0,53,6,5,FALSE,Non quality on net,Default
20252026,Regular,273,2-28-2026,Ottawa,5,Boston,1,shot,1,4:45,285,0,0,,,117,128,,0,72,6,5,FALSE,Quality on net,Default
20252026,Regular,273,2-28-2026,Ottawa,5,Boston,1,shot,1,5:32,332,0,0,,,517,99,,0,15,222,1,FALSE,Quality on net,Default
20252026,Regular,273,2-28-2026,Ottawa,5,Boston,1,shot,1,6:07,367,0,0,,,493,25,,0,185,222,1,FALSE,Non quality on net,Default
20252026,Regular,273,2-28-2026,Ottawa,5,Boston,1,shot,1,8:53,533,0,0,,,167,193,,0,223,6,5,FALSE,Non quality on net,Default
20252026,Regular,273,2-28-2026,Ottawa,5,Boston,1,shot,1,9:05,545,0,0,,,60,107,,0,115,6,5,FALSE,Non quality on net,Default
20252026,Regular,273,2-28-2026,Ottawa,5,Boston,1,shot,1,10:21,621,0,0,,,545,129,,0,259,222,1,FALSE,Quality on net,Default
20252026,Regular,273,2-28-2026,Ottawa,5,Boston,1,shot,1,11:05,665,0,0,,,99,108,,0,72,6,5,FALSE,Quality on net,Default
20252026,Regular,273,2-28-2026,Ottawa,5,Boston,1,shot,1,12:40,760,0,0,,,413,52,,0,149,222,1,FALSE,Non quality on net,Default
20252026,Regular,273,2-28-2026,Ottawa,5,Boston,1,shot,1,12:46,766,0,0,,,523,147,,0,97,222,1,FALSE,Quality on net,Default
20252026,Regular,273,2-28-2026,Ottawa,5,Boston,1,shot,1,12:48,768,0,0,,,123,154,,0,115,6,5,FALSE,Quality on net,Default
20252026,Regular,273,2-28-2026,Ottawa,5,Boston,1,shot,1,14:52,892,0,0,,,482,93,,0,259,222,1,TRUE,Quality goal,Default
20252026,Regular,273,2-28-2026,Ottawa,5,Boston,1,shot,1,17:31,1051,0,1,,,423,17,,1,185,222,1,FALSE,Non quality on net,Default
20252026,Regular,273,2-28-2026,Ottawa,5,Boston,1,shot,1,17:47,1067,0,1,,,161,59,,-1,241,6,5,FALSE,Non quality on net,Default
20252026,Regular,273,2-28-2026,Ottawa,5,Boston,1,shot,1,17:59,1079,0,1,,,555,119,,1,243,222,1,FALSE,Non quality on net,Default
20252026,Regular,273,2-28-2026,Ottawa,5,Boston,1,shot,1,18:35,1115,0,1,,,136,150,,-1,38,6,5,FALSE,Quality on net,Default
20252026,Regular,273,2-28-2026,Ottawa,5,Boston,1,shot,1,19:34,1174,0,1,,,148,142,,-1,38,6,5,FALSE,Non quality on net,Default
20252026,Regular,273,2-28-2026,Ottawa,5,Boston,1,shot,2,3:10,1390,0,1,,,434,143,,1,97,222,1,FALSE,Non quality on net,Default
20252026,Regular,273,2-28-2026,Ottawa,5,Boston,1,shot,2,4:08,1448,0,1,,,528,99,,1,17,222,1,FALSE,Non quality on net,Default
20252026,Regular,273,2-28-2026,Ottawa,5,Boston,1,shot,2,6:25,1585,0,1,,,541,159,,1,78,222,1,FALSE,Quality on net,Default
20252026,Regular,273,2-28-2026,Ottawa,5,Boston,1,shot,2,9:01,1741,0,1,,,97,45,,-1,223,6,5,FALSE,Non quality on net,Default
20252026,Regular,273,2-28-2026,Ottawa,5,Boston,1,shot,2,11:23,1883,0,1,,,89,122,,-1,72,6,5,FALSE,Quality on net,Default
20252026,Regular,273,2-28-2026,Ottawa,5,Boston,1,shot,2,13:07,1987,0,1,,,425,59,,1,246,222,1,FALSE,Non quality on net,Default
20252026,Regular,273,2-28-2026,Ottawa,5,Boston,1,shot,2,15:31,2131,0,1,,,413,33,,1,185,222,1,FALSE,Non quality on net,Default
20252026,Regular,273,2-28-2026,Ottawa,5,Boston,1,shot,3,0:08,2408,0,1,,,61,127,,-1,72,6,5,TRUE,Quality goal,Default
20252026,Regular,273,2-28-2026,Ottawa,5,Boston,1,shot,3,1:42,2502,1,1,,,200,39,,0,219,6,5,FALSE,Non quality on net,Default
20252026,Regular,273,2-28-2026,Ottawa,5,Boston,1,shot,3,2:04,2524,1,1,,,94,108,,0,72,6,5,TRUE,Quality goal,Default
20252026,Regular,273,2-28-2026,Ottawa,5,Boston,1,shot,3,2:34,2554,2,1,,,393,176,,-1,12,222,1,FALSE,Non quality on net,Default
20252026,Regular,273,2-28-2026,Ottawa,5,Boston,1,shot,3,3:59,2639,2,1,,,177,238,,1,219,6,5,FALSE,Non quality on net,Default
20252026,Regular,273,2-28-2026,Ottawa,5,Boston,1,shot,3,5:46,2746,2,1,,,531,165,,-1,149,222,1,FALSE,Quality on net,Default
20252026,Regular,273,2-28-2026,Ottawa,5,Boston,1,shot,3,6:38,2798,2,1,,,391,146,,-1,246,222,1,FALSE,Non quality on net,Default
20252026,Regular,273,2-28-2026,Ottawa,5,Boston,1,shot,3,6:50,2810,2,1,,,102,142,,1,219,6,5,FALSE,Quality on net,Default
20252026,Regular,273,2-28-2026,Ottawa,5,Boston,1,shot,3,7:15,2835,2,1,,,488,128,,-1,12,222,1,FALSE,Quality on net,Default
20252026,Regular,273,2-28-2026,Ottawa,5,Boston,1,shot,3,9:17,2957,2,1,,,61,158,,1,72,6,5,FALSE,Quality on net,Default
20252026,Regular,273,2-28-2026,Ottawa,5,Boston,1,shot,3,9:22,2962,2,1,,,183,129,,1,72,6,5,FALSE,Non quality on net,Default
20252026,Regular,273,2-28-2026,Ottawa,5,Boston,1,shot,3,11:26,3086,2,1,,,435,234,,-1,183,222,1,FALSE,Non quality on net,Default
20252026,Regular,273,2-28-2026,Ottawa,5,Boston,1,shot,3,13:26,3206,2,1,,,532,149,,-1,15,222,1,TRUE,Quality goal,Default
20252026,Regular,273,2-28-2026,Ottawa,5,Boston,1,shot,3,15:18,3318,2,2,,,201,261,,0,219,6,5,FALSE,Non quality on net,Default
20252026,Regular,273,2-28-2026,Ottawa,5,Boston,1,shot,3,15:40,3340,2,2,,,495,143,,0,12,222,1,FALSE,Quality on net,Default
20252026,Regular,273,2-28-2026,Ottawa,5,Boston,1,shot,3,17:54,3474,2,2,,,243,206,,0,223,6,5,FALSE,Non quality on net,Default
20252026,Regular,273,2-28-2026,Ottawa,5,Boston,1,shot,3,19:45,3585,2,2,,,142,280,,0,72,6,5,FALSE,Non quality on net,Default
20252026,Regular,273,2-28-2026,Ottawa,5,Boston,1,shot,4,2:56,3776,2,2,,,540,154,,0,97,222,1,FALSE,Quality on net,Default
20252026,Regular,273,2-28-2026,Ottawa,5,Boston,1,shot,4,4:45,3885,2,2,,,546,100,,0,17,222,1,FALSE,Non quality on net,Default
20252026,Regular,273,2-28-2026,Ottawa,5,Boston,1,shot,4,5:00,3900,2,2,,,393,287,,0,58,6,5,FALSE,Non quality on net,Default
20252026,Regular,274,3-1-2026,Montréal,3,Minnesota,2,shot,1,0:39,39,0,0,,,47,129,,0,32,22,3,FALSE,Quality on net,Backhand
20252026,Regular,274,3-1-2026,Montréal,3,Minnesota,2,shot,1,2:40,160,0,0,,,215,261,,0,84,22,3,FALSE,Non quality on net,Snap
20252026,Regular,274,3-1-2026,Montréal,3,Minnesota,2,shot,1,4:24,264,0,0,,,61,101,,0,42,22,3,FALSE,Non quality on net,Wrist
20252026,Regular,274,3-1-2026,Montréal,3,Minnesota,2,shot,1,7:12,432,0,0,,,69,175,,0,32,22,3,FALSE,Quality on net,Snap
20252026,Regular,274,3-1-2026,Montréal,3,Minnesota,2,shot,1,7:38,458,0,0,,,213,22,,0,271,22,3,FALSE,Non quality on net,Wrist
20252026,Regular,274,3-1-2026,Montréal,3,Minnesota,2,shot,1,8:49,529,0,0,,,529,190,,0,264,28,2,FALSE,Quality on net,Snap
20252026,Regular,274,3-1-2026,Montréal,3,Minnesota,2,shot,1,9:48,588,0,0,,,422,66,,0,188,28,2,FALSE,Non quality on net,Snap
20252026,Regular,274,3-1-2026,Montréal,3,Minnesota,2,shot,1,10:59,659,0,0,,,57,247,,0,31,22,3,FALSE,Non quality on net,Snap
20252026,Regular,274,3-1-2026,Montréal,3,Minnesota,2,shot,1,11:14,674,0,0,,,74,237,,0,31,22,3,FALSE,Non quality on net,Wrist
20252026,Regular,274,3-1-2026,Montréal,3,Minnesota,2,shot,1,13:01,781,0,0,,,213,146,,0,79,22,3,TRUE,Non quality goal,Default
20252026,Regular,274,3-1-2026,Montréal,3,Minnesota,2,shot,1,14:11,851,1,0,,,75,147,,1,61,22,3,FALSE,Quality on net,Snap
20252026,Regular,274,3-1-2026,Montréal,3,Minnesota,2,shot,1,14:12,852,1,0,,,57,136,,1,199,22,3,TRUE,Quality goal,Wrist
20252026,Regular,274,3-1-2026,Montréal,3,Minnesota,2,shot,1,16:21,981,2,0,,,451,223,,-2,21,28,2,FALSE,Non quality on net,Slap
20252026,Regular,274,3-1-2026,Montréal,3,Minnesota,2,shot,1,17:03,1023,2,0,,,217,96,,2,79,22,3,FALSE,Non quality on net,Wrist
20252026,Regular,274,3-1-2026,Montréal,3,Minnesota,2,shot,1,17:47,1067,2,0,,,120,207,,2,201,22,3,FALSE,Quality on net,Wrist
20252026,Regular,274,3-1-2026,Montréal,3,Minnesota,2,shot,1,18:13,1093,2,0,,,387,279,,-2,167,28,2,FALSE,Non quality on net,Wrist
20252026,Regular,274,3-1-2026,Montréal,3,Minnesota,2,shot,1,19:04,1144,2,0,,,220,46,,2,5,22,3,FALSE,Non quality on net,Wrist
20252026,Regular,274,3-1-2026,Montréal,3,Minnesota,2,shot,1,19:45,1185,2,0,,,42,95,,2,274,22,3,FALSE,Non quality on net,Wrist
20252026,Regular,274,3-1-2026,Montréal,3,Minnesota,2,shot,2,1:01,1261,2,0,,,100,205,,2,42,22,3,FALSE,Quality on net,Snap
20252026,Regular,274,3-1-2026,Montréal,3,Minnesota,2,shot,2,1:48,1308,2,0,,,393,207,,-2,21,28,2,FALSE,Non quality on net,Tip
20252026,Regular,274,3-1-2026,Montréal,3,Minnesota,2,shot,2,3:13,1393,2,0,,,71,165,,2,272,22,3,FALSE,Quality on net,Snap
20252026,Regular,274,3-1-2026,Montréal,3,Minnesota,2,shot,2,6:07,1567,2,0,,,58,128,,2,61,22,3,FALSE,Quality on net,Backhand
20252026,Regular,274,3-1-2026,Montréal,3,Minnesota,2,shot,2,6:11,1571,2,0,,,174,230,,2,32,22,3,FALSE,Non quality on net,Slap
20252026,Regular,274,3-1-2026,Montréal,3,Minnesota,2,shot,2,6:48,1608,2,0,,,173,81,,2,32,22,3,FALSE,Non quality on net,Wrist
20252026,Regular,274,3-1-2026,Montréal,3,Minnesota,2,shot,2,7:17,1637,2,0,,,39,34,,2,35,22,3,FALSE,Non quality on net,Wrist
20252026,Regular,274,3-1-2026,Montréal,3,Minnesota,2,shot,2,8:52,1732,2,0,,,453,63,,-2,21,28,2,FALSE,Non quality on net,Wrist
20252026,Regular,274,3-1-2026,Montréal,3,Minnesota,2,shot,2,10:45,1845,2,0,,,543,141,,-2,190,28,2,FALSE,Quality on net,Tip
20252026,Regular,274,3-1-2026,Montréal,3,Minnesota,2,shot,2,10:47,1847,2,0,,,559,111,,-2,37,28,2,FALSE,Non quality on net,Backhand
20252026,Regular,274,3-1-2026,Montréal,3,Minnesota,2,shot,2,11:48,1908,2,0,,,129,220,,2,32,22,3,FALSE,Quality on net,Wrist
20252026,Regular,274,3-1-2026,Montréal,3,Minnesota,2,shot,2,12:41,1961,2,0,,,209,210,,2,271,22,3,FALSE,Non quality on net,Slap
20252026,Regular,274,3-1-2026,Montréal,3,Minnesota,2,shot,2,13:07,1987,2,0,,,126,158,,2,98,22,3,FALSE,Quality on net,Tip
20252026,Regular,274,3-1-2026,Montréal,3,Minnesota,2,shot,2,13:12,1992,2,0,,,130,212,,2,274,22,3,FALSE,Quality on net,Tip
20252026,Regular,274,3-1-2026,Montréal,3,Minnesota,2,shot,2,16:15,2175,2,0,,,516,51,,-2,263,28,2,FALSE,Non quality on net,Wrist
20252026,Regular,274,3-1-2026,Montréal,3,Minnesota,2,shot,3,4:09,2649,2,0,,,454,219,,-2,247,28,2,FALSE,Non quality on net,Wrist
20252026,Regular,274,3-1-2026,Montréal,3,Minnesota,2,shot,3,5:51,2751,2,0,,,456,91,,-2,167,28,2,FALSE,Quality on net,Snap
20252026,Regular,274,3-1-2026,Montréal,3,Minnesota,2,shot,3,7:52,2872,2,0,,,56,135,,2,274,22,3,FALSE,Quality on net,Snap
20252026,Regular,274,3-1-2026,Montréal,3,Minnesota,2,shot,3,8:09,2889,2,0,,,482,36,,-2,189,28,2,FALSE,Non quality on net,Snap
20252026,Regular,274,3-1-2026,Montréal,3,Minnesota,2,shot,3,11:22,3082,2,0,,,99,154,,2,98,22,3,TRUE,Quality goal,Snap
20252026,Regular,274,3-1-2026,Montréal,3,Minnesota,2,shot,3,11:43,3103,3,0,,,29,99,,3,42,22,3,FALSE,Non quality on net,Wrist
20252026,Regular,274,3-1-2026,Montréal,3,Minnesota,2,shot,3,12:03,3123,3,0,,,141,84,,3,32,22,3,FALSE,Quality on net,Wrist
20252026,Regular,274,3-1-2026,Montréal,3,Minnesota,2,shot,3,12:07,3127,3,0,,,155,104,,3,35,22,3,FALSE,Non quality on net,Snap
20252026,Regular,274,3-1-2026,Montréal,3,Minnesota,2,shot,3,12:31,3151,3,0,,,448,95,,-3,188,28,2,FALSE,Non quality on net,Wrist
20252026,Regular,274,3-1-2026,Montréal,3,Minnesota,2,shot,3,13:55,3235,3,0,,,400,232,,-3,167,28,2,FALSE,Non quality on net,Wrist
20252026,Regular,274,3-1-2026,Montréal,3,Minnesota,2,shot,3,14:09,3249,3,0,,,123,67,,3,32,22,3,TRUE,Non quality goal,Wrist
20252026,Regular,274,3-1-2026,Montréal,3,Minnesota,2,shot,3,16:32,3392,4,0,,,324,209,,-4,21,28,2,FALSE,Non quality on net,Wrist
20252026,Regular,274,3-1-2026,Montréal,3,Minnesota,2,shot,3,17:04,3424,4,0,,,72,45,,4,32,22,3,FALSE,Non quality on net,Wrist
20252026,Regular,274,3-1-2026,Montréal,3,Minnesota,2,shot,3,17:22,3442,4,0,,,530,226,,-4,23,28,2,FALSE,Non quality on net,Snap
20252026,Regular,274,3-1-2026,Montréal,3,Minnesota,2,shot,3,17:39,3459,4,0,,,214,273,,4,84,22,3,FALSE,Non quality on net,Wrist
20252026,Regular,274,3-1-2026,Montréal,3,Minnesota,2,shot,3,18:03,3483,4,0,,,440,250,,-4,264,28,2,FALSE,Non quality on net,Wrist
20252026,Regular,274,3-1-2026,Montréal,3,Minnesota,2,shot,3,19:15,3555,4,0,,,65,173,,4,35,22,3,FALSE,Quality on net,Wrist
20252026,Regular,275,3-1-2026,Vancouver,9,Toronto,6,shot,1,0:25,25,0,0,,,194,154,,0,161,211,9,FALSE,Non quality on net,Wrist
20252026,Regular,275,3-1-2026,Vancouver,9,Toronto,6,shot,1,0:30,30,0,0,,,66,63,,0,75,211,9,FALSE,Non quality on net,Wrist
20252026,Regular,275,3-1-2026,Vancouver,9,Toronto,6,shot,1,2:04,124,0,0,,,398,160,,0,44,59,6,FALSE,Non quality on net,Default
20252026,Regular,275,3-1-2026,Vancouver,9,Toronto,6,shot,1,3:01,181,0,0,,,442,219,,0,86,59,6,FALSE,Non quality on net,Wrist
20252026,Regular,275,3-1-2026,Vancouver,9,Toronto,6,shot,1,3:30,210,0,0,,,447,124,,0,73,59,6,FALSE,Non quality on net,Wrist
20252026,Regular,275,3-1-2026,Vancouver,9,Toronto,6,shot,1,6:39,399,0,0,,,536,117,,0,100,59,6,FALSE,Quality on net,Wrist
20252026,Regular,275,3-1-2026,Vancouver,9,Toronto,6,shot,1,7:10,430,0,0,,,506,172,,0,313,59,6,TRUE,Quality goal,Wrist
20252026,Regular,275,3-1-2026,Vancouver,9,Toronto,6,shot,1,7:39,459,0,1,,,191,110,,-1,180,211,9,FALSE,Non quality on net,Default
20252026,Regular,275,3-1-2026,Vancouver,9,Toronto,6,shot,1,8:07,487,0,1,,,492,110,,1,315,59,6,TRUE,Quality goal,Default
20252026,Regular,275,3-1-2026,Vancouver,9,Toronto,6,shot,1,10:13,613,0,2,,,85,188,,-2,310,211,9,FALSE,Quality on net,Default
20252026,Regular,275,3-1-2026,Vancouver,9,Toronto,6,shot,1,10:49,649,0,2,,,75,129,,-2,252,211,9,FALSE,Quality on net,Default
20252026,Regular,275,3-1-2026,Vancouver,9,Toronto,6,shot,1,11:51,711,0,2,,,147,73,,-2,11,211,9,FALSE,Non quality on net,Wrist
20252026,Regular,275,3-1-2026,Vancouver,9,Toronto,6,shot,1,13:48,828,0,2,,,162,43,,-2,180,211,9,FALSE,Non quality on net,Wrist
20252026,Regular,275,3-1-2026,Vancouver,9,Toronto,6,shot,1,15:47,947,0,2,,,330,142,,2,65,59,6,FALSE,Non quality on net,Wrist
20252026,Regular,275,3-1-2026,Vancouver,9,Toronto,6,shot,1,16:16,976,0,2,,,137,206,,-2,161,211,9,FALSE,Quality on net,Wrist
20252026,Regular,275,3-1-2026,Vancouver,9,Toronto,6,shot,1,17:13,1033,0,2,,,85,42,,-2,89,211,9,FALSE,Non quality on net,Wrist
20252026,Regular,275,3-1-2026,Vancouver,9,Toronto,6,shot,1,19:04,1144,0,2,,,124,138,,-2,11,211,9,FALSE,Quality on net,Wrist
20252026,Regular,275,3-1-2026,Vancouver,9,Toronto,6,shot,1,19:28,1168,0,2,,,433,180,,2,65,59,6,FALSE,Non quality on net,Wrist
20252026,Regular,275,3-1-2026,Vancouver,9,Toronto,6,shot,2,2:21,1341,0,2,,,515,97,,2,26,59,6,FALSE,Quality on net,Backhand
20252026,Regular,275,3-1-2026,Vancouver,9,Toronto,6,shot,2,4:45,1485,0,2,,,186,209,,-2,89,211,9,FALSE,Non quality on net,Wrist
20252026,Regular,275,3-1-2026,Vancouver,9,Toronto,6,shot,2,4:56,1496,0,2,,,549,116,,2,67,59,6,FALSE,Non quality on net,Snap
20252026,Regular,275,3-1-2026,Vancouver,9,Toronto,6,shot,2,8:53,1733,0,2,,,81,172,,-2,161,211,9,FALSE,Quality on net,Backhand
20252026,Regular,275,3-1-2026,Vancouver,9,Toronto,6,shot,2,11:08,1868,0,2,,,177,45,,-2,305,211,9,FALSE,Non quality on net,Wrist
20252026,Regular,275,3-1-2026,Vancouver,9,Toronto,6,shot,2,12:56,1976,0,2,,,474,78,,2,65,59,6,FALSE,Quality on net,Wrist
20252026,Regular,275,3-1-2026,Vancouver,9,Toronto,6,shot,2,13:45,2025,0,2,,,59,183,,-2,11,211,9,FALSE,Quality on net,Wrist
20252026,Regular,275,3-1-2026,Vancouver,9,Toronto,6,shot,2,14:59,2099,0,2,,,313,29,,-2,50,211,9,FALSE,Non quality on net,Wrist
20252026,Regular,275,3-1-2026,Vancouver,9,Toronto,6,shot,2,16:21,2181,0,2,,,40,24,,-2,75,211,9,FALSE,Non quality on net,Snap
20252026,Regular,275,3-1-2026,Vancouver,9,Toronto,6,shot,2,17:13,2233,0,2,,,57,145,,-2,252,211,9,FALSE,Quality on net,Wrist
20252026,Regular,275,3-1-2026,Vancouver,9,Toronto,6,shot,2,17:28,2248,0,2,,,519,171,,2,73,59,6,FALSE,Quality on net,Wrist
20252026,Regular,275,3-1-2026,Vancouver,9,Toronto,6,shot,2,17:44,2264,0,2,,,219,59,,-2,50,211,9,FALSE,Non quality on net,Snap
20252026,Regular,275,3-1-2026,Vancouver,9,Toronto,6,shot,2,19:45,2385,0,2,,,550,172,,2,86,59,6,FALSE,Quality on net,Snap
20252026,Regular,275,3-1-2026,Vancouver,9,Toronto,6,shot,3,1:30,2490,0,2,,,424,143,,2,100,59,6,FALSE,Non quality on net,Wrist
20252026,Regular,275,3-1-2026,Vancouver,9,Toronto,6,shot,3,3:43,2623,0,2,,,458,151,,2,26,59,6,FALSE,Quality on net,Wrist
20252026,Regular,275,3-1-2026,Vancouver,9,Toronto,6,shot,3,5:47,2747,0,2,,,533,106,,2,76,59,6,FALSE,Quality on net,Backhand
20252026,Regular,275,3-1-2026,Vancouver,9,Toronto,6,shot,3,6:15,2775,0,2,,,207,271,,-2,75,211,9,FALSE,Non quality on net,Slap
20252026,Regular,275,3-1-2026,Vancouver,9,Toronto,6,shot,3,6:25,2785,0,2,,,81,183,,-2,75,211,9,FALSE,Quality on net,Wrist
20252026,Regular,275,3-1-2026,Vancouver,9,Toronto,6,shot,3,6:46,2806,0,2,,,57,133,,-2,75,211,9,FALSE,Quality on net,Tip
20252026,Regular,275,3-1-2026,Vancouver,9,Toronto,6,shot,3,6:48,2808,0,2,,,39,141,,-2,75,211,9,FALSE,Quality on net,Backhand
20252026,Regular,275,3-1-2026,Vancouver,9,Toronto,6,shot,3,7:33,2853,0,2,,,555,110,,2,100,59,6,FALSE,Non quality on net,Wrist
20252026,Regular,275,3-1-2026,Vancouver,9,Toronto,6,shot,3,7:51,2871,0,2,,,441,111,,2,66,59,6,FALSE,Non quality on net,Wrist
20252026,Regular,275,3-1-2026,Vancouver,9,Toronto,6,shot,3,8:58,2938,0,2,,,113,156,,-2,198,211,9,FALSE,Quality on net,Backhand
20252026,Regular,275,3-1-2026,Vancouver,9,Toronto,6,shot,3,9:07,2947,0,2,,,110,107,,-2,209,211,9,TRUE,Quality goal,Snap
20252026,Regular,275,3-1-2026,Vancouver,9,Toronto,6,shot,3,10:10,3010,1,2,,,501,160,,1,100,59,6,FALSE,Quality on net,Wrist
20252026,Regular,275,3-1-2026,Vancouver,9,Toronto,6,shot,3,12:41,3161,1,2,,,98,271,,-1,252,211,9,FALSE,Non quality on net,Slap
20252026,Regular,275,3-1-2026,Vancouver,9,Toronto,6,shot,3,12:50,3170,1,2,,,468,192,,1,86,59,6,FALSE,Quality on net,Wrist
20252026,Regular,275,3-1-2026,Vancouver,9,Toronto,6,shot,3,14:10,3250,1,2,,,551,98,,1,317,59,6,FALSE,Non quality on net,Wrist
20252026,Regular,275,3-1-2026,Vancouver,9,Toronto,6,shot,3,15:06,3306,1,2,,,531,141,,1,65,59,6,FALSE,Quality on net,Wrist
20252026,Regular,275,3-1-2026,Vancouver,9,Toronto,6,shot,3,15:46,3346,1,2,,,553,177,,1,313,59,6,FALSE,Non quality on net,Wrist
20252026,Regular,275,3-1-2026,Vancouver,9,Toronto,6,shot,3,15:48,3348,1,2,,,546,158,,1,26,59,6,FALSE,Quality on net,Wrist
20252026,Regular,275,3-1-2026,Vancouver,9,Toronto,6,shot,3,19:07,3547,1,2,,,201,180,,-1,11,211,9,FALSE,Non quality on net,Wrist
20252026,Regular,276,3-3-2026,Toronto,6,Montréal,3,shot,1,0:19,19,0,0,,,392,81,,0,31,211,3,FALSE,Non quality on net,Wrist
20252026,Regular,276,3-3-2026,Toronto,6,Montréal,3,shot,1,3:33,213,0,0,,,386,33,,0,253,211,3,FALSE,Non quality on net,Snap
20252026,Regular,276,3-3-2026,Toronto,6,Montréal,3,shot,1,9:45,585,0,0,,,106,108,,0,86,48,6,FALSE,Quality on net,Wrist
20252026,Regular,276,3-3-2026,Toronto,6,Montréal,3,shot,1,10:35,635,0,0,,,15,210,,0,66,48,6,TRUE,Non quality goal,Wrist
20252026,Regular,276,3-3-2026,Toronto,6,Montréal,3,shot,1,11:40,700,1,0,,,240,144,,-1,253,211,3,FALSE,Non quality on net,Wrist
20252026,Regular,276,3-3-2026,Toronto,6,Montréal,3,shot,1,11:49,709,1,0,,,350,58,,-1,271,211,3,FALSE,Non quality on net,Default
20252026,Regular,276,3-3-2026,Toronto,6,Montréal,3,shot,1,11:54,714,1,0,,,409,46,,-1,5,211,3,FALSE,Non quality on net,Snap
20252026,Regular,276,3-3-2026,Toronto,6,Montréal,3,shot,1,12:23,743,1,0,,,536,226,,-1,31,211,3,FALSE,Non quality on net,Snap
20252026,Regular,276,3-3-2026,Toronto,6,Montréal,3,shot,1,12:52,772,1,0,,,443,285,,-1,32,211,3,FALSE,Non quality on net,Wrist
20252026,Regular,276,3-3-2026,Toronto,6,Montréal,3,shot,1,16:44,1004,1,0,,,551,179,,-1,31,211,3,FALSE,Non quality on net,Tip
20252026,Regular,276,3-3-2026,Toronto,6,Montréal,3,shot,1,17:06,1026,1,0,,,509,205,,-1,31,211,3,FALSE,Quality on net,Wrist
20252026,Regular,276,3-3-2026,Toronto,6,Montréal,3,shot,1,17:47,1067,1,0,,,28,63,,1,76,48,6,FALSE,Non quality on net,Wrist
20252026,Regular,276,3-3-2026,Toronto,6,Montréal,3,shot,2,0:51,1251,1,0,,,119,73,,1,44,48,6,FALSE,Non quality on net,Default
20252026,Regular,276,3-3-2026,Toronto,6,Montréal,3,shot,2,1:29,1289,1,0,,,112,61,,1,67,48,6,FALSE,Non quality on net,Wrist
20252026,Regular,276,3-3-2026,Toronto,6,Montréal,3,shot,2,1:40,1300,1,0,,,93,77,,1,56,48,6,FALSE,Non quality on net,Wrist
20252026,Regular,276,3-3-2026,Toronto,6,Montréal,3,shot,2,3:29,1409,1,0,,,395,222,,-1,51,211,3,FALSE,Non quality on net,Wrist
20252026,Regular,276,3-3-2026,Toronto,6,Montréal,3,shot,2,4:04,1444,1,0,,,167,77,,1,76,48,6,TRUE,Non quality goal,Wrist
20252026,Regular,276,3-3-2026,Toronto,6,Montréal,3,shot,2,4:56,1496,2,0,,,132,115,,2,76,48,6,FALSE,Quality on net,Snap
20252026,Regular,276,3-3-2026,Toronto,6,Montréal,3,shot,2,7:57,1677,2,0,,,573,104,,-2,42,211,3,FALSE,Non quality on net,Default
20252026,Regular,276,3-3-2026,Toronto,6,Montréal,3,shot,2,8:04,1684,2,0,,,502,160,,-2,31,211,3,TRUE,Quality goal,Wrist
20252026,Regular,276,3-3-2026,Toronto,6,Montréal,3,shot,2,9:18,1758,2,1,,,77,167,,1,76,48,6,FALSE,Quality on net,Slap
20252026,Regular,276,3-3-2026,Toronto,6,Montréal,3,shot,2,9:44,1784,2,1,,,473,210,,-1,32,211,3,FALSE,Quality on net,Wrist
20252026,Regular,276,3-3-2026,Toronto,6,Montréal,3,shot,2,9:53,1793,2,1,,,148,91,,1,56,48,6,FALSE,Non quality on net,Wrist
20252026,Regular,276,3-3-2026,Toronto,6,Montréal,3,shot,2,10:45,1845,2,1,,,69,82,,1,56,48,6,FALSE,Non quality on net,Wrist
20252026,Regular,276,3-3-2026,Toronto,6,Montréal,3,shot,2,12:09,1929,2,1,,,102,249,,1,66,48,6,FALSE,Non quality on net,Wrist
20252026,Regular,276,3-3-2026,Toronto,6,Montréal,3,shot,2,12:41,1961,2,1,,,55,172,,1,63,48,6,FALSE,Quality on net,Snap
20252026,Regular,276,3-3-2026,Toronto,6,Montréal,3,shot,2,12:56,1976,2,1,,,494,63,,-1,31,211,3,FALSE,Non quality on net,Default
20252026,Regular,276,3-3-2026,Toronto,6,Montréal,3,shot,2,13:19,1999,2,1,,,412,182,,-1,79,211,3,FALSE,Non quality on net,Wrist
20252026,Regular,276,3-3-2026,Toronto,6,Montréal,3,shot,2,13:20,2000,2,1,,,491,151,,-1,61,211,3,TRUE,Quality goal,Wrist
20252026,Regular,276,3-3-2026,Toronto,6,Montréal,3,shot,2,15:33,2133,2,2,,,71,267,,0,56,48,6,FALSE,Non quality on net,Wrist
20252026,Regular,276,3-3-2026,Toronto,6,Montréal,3,shot,2,16:36,2196,2,2,,,516,135,,0,98,211,3,FALSE,Quality on net,Wrist
20252026,Regular,276,3-3-2026,Toronto,6,Montréal,3,shot,2,17:27,2247,2,2,,,516,99,,0,42,211,3,FALSE,Quality on net,Wrist
20252026,Regular,276,3-3-2026,Toronto,6,Montréal,3,shot,2,18:02,2282,2,2,,,440,195,,0,31,211,3,FALSE,Non quality on net,Wrist
20252026,Regular,276,3-3-2026,Toronto,6,Montréal,3,shot,2,19:14,2354,2,2,,,546,228,,0,32,211,3,FALSE,Non quality on net,Default
20252026,Regular,276,3-3-2026,Toronto,6,Montréal,3,shot,3,1:19,2479,2,2,,,380,97,,0,253,211,3,FALSE,Non quality on net,Slap
20252026,Regular,276,3-3-2026,Toronto,6,Montréal,3,shot,3,2:02,2522,2,2,,,535,127,,0,35,211,3,FALSE,Quality on net,Wrist
20252026,Regular,276,3-3-2026,Toronto,6,Montréal,3,shot,3,5:50,2750,2,2,,,153,163,,0,65,48,6,FALSE,Non quality on net,Wrist
20252026,Regular,276,3-3-2026,Toronto,6,Montréal,3,shot,3,6:43,2803,2,2,,,529,208,,0,42,211,3,FALSE,Non quality on net,Wrist
20252026,Regular,276,3-3-2026,Toronto,6,Montréal,3,shot,3,7:01,2821,2,2,,,459,115,,0,274,211,3,FALSE,Quality on net,Wrist
20252026,Regular,276,3-3-2026,Toronto,6,Montréal,3,shot,3,7:07,2827,2,2,,,506,148,,0,274,211,3,FALSE,Quality on net,Wrist
20252026,Regular,276,3-3-2026,Toronto,6,Montréal,3,shot,3,7:29,2849,2,2,,,533,153,,0,274,211,3,FALSE,Quality on net,Wrist
20252026,Regular,276,3-3-2026,Toronto,6,Montréal,3,shot,3,7:30,2850,2,2,,,523,157,,0,201,211,3,TRUE,Quality goal,Default
20252026,Regular,276,3-3-2026,Toronto,6,Montréal,3,shot,3,9:43,2983,2,3,,,168,77,,-1,66,48,6,FALSE,Non quality on net,Wrist
20252026,Regular,276,3-3-2026,Toronto,6,Montréal,3,shot,3,10:38,3038,2,3,,,56,175,,-1,66,48,6,FALSE,Quality on net,Backhand
20252026,Regular,276,3-3-2026,Toronto,6,Montréal,3,shot,3,13:07,3187,2,3,,,75,206,,-1,315,48,6,FALSE,Non quality on net,Wrist
20252026,Regular,276,3-3-2026,Toronto,6,Montréal,3,shot,3,15:20,3320,2,3,,,334,71,,1,253,211,3,FALSE,Non quality on net,Wrist
20252026,Regular,276,3-3-2026,Toronto,6,Montréal,3,shot,3,16:27,3387,2,3,,,123,63,,-1,26,48,6,FALSE,Non quality on net,Tip
20252026,Regular,276,3-3-2026,Toronto,6,Montréal,3,shot,3,16:51,3411,2,3,,,93,56,,-1,63,48,6,FALSE,Non quality on net,Wrist
20252026,Regular,276,3-3-2026,Toronto,6,Montréal,3,shot,3,16:58,3418,2,3,,,63,51,,-1,63,48,6,FALSE,Non quality on net,Wrist
20252026,Regular,276,3-3-2026,Toronto,6,Montréal,3,shot,3,18:56,3536,2,3,,,49,190,,-1,65,48,6,TRUE,Non quality goal,Wrist
20252026,Regular,276,3-3-2026,Toronto,6,Montréal,3,shot,3,19:44,3584,3,3,,,437,51,,0,4,211,3,FALSE,Non quality on net,Wrist
20252026,Regular,276,3-3-2026,Toronto,6,Montréal,3,shot,4,2:10,3730,3,3,,,71,133,,0,76,48,6,FALSE,Quality on net,Backhand
20252026,Regular,276,3-3-2026,Toronto,6,Montréal,3,shot,4,2:35,3755,3,3,,,540,153,,0,98,211,3,FALSE,Quality on net,Backhand
20252026,Regular,276,3-3-2026,Toronto,6,Montréal,3,shot,4,2:47,3767,3,3,,,475,198,,0,35,211,3,FALSE,Quality on net,Default
20252026,Regular,276,3-3-2026,Toronto,6,Montréal,3,shot,4,3:08,3788,3,3,,,52,139,,0,44,48,6,FALSE,Quality on net,Wrist
20252026,Regular,276,3-3-2026,Toronto,6,Montréal,3,shot,4,3:21,3801,3,3,,,53,179,,0,73,48,6,FALSE,Quality on net,Wrist
20252026,Regular,276,3-3-2026,Toronto,6,Montréal,3,shot,4,3:28,3808,3,3,,,78,122,,0,73,48,6,FALSE,Quality on net,Default
20252026,Regular,276,3-3-2026,Toronto,6,Montréal,3,shot,4,3:42,3822,3,3,,,498,209,,0,253,211,3,FALSE,Quality on net,Wrist
20252026,Regular,276,3-3-2026,Toronto,6,Montréal,3,shot,4,4:18,3858,3,3,,,446,177,,0,253,211,3,FALSE,Non quality on net,Wrist
20252026,Regular,276,3-3-2026,Toronto,6,Montréal,3,shot,4,4:32,3872,3,3,,,459,151,,0,61,211,3,FALSE,Quality on net,Wrist
20252026,Regular,277,3-4-2026,Ottawa,5,Seattle,8,shot,1,1:34,94,0,0,,,181,99,,0,58,250,5,FALSE,Non quality on net,Default
20252026,Regular,277,3-4-2026,Ottawa,5,Seattle,8,shot,1,2:28,148,0,0,,,39,102,,0,217,250,5,FALSE,Non quality on net,Default
20252026,Regular,277,3-4-2026,Ottawa,5,Seattle,8,shot,1,3:46,226,0,0,,,75,38,,0,192,250,5,FALSE,Non quality on net,Default
20252026,Regular,277,3-4-2026,Ottawa,5,Seattle,8,shot,1,4:33,273,0,0,,,423,242,,0,196,222,8,FALSE,Non quality on net,Default
20252026,Regular,277,3-4-2026,Ottawa,5,Seattle,8,shot,1,5:25,325,0,0,,,423,35,,0,208,222,8,FALSE,Non quality on net,Default
20252026,Regular,277,3-4-2026,Ottawa,5,Seattle,8,shot,1,8:21,501,0,0,,,57,120,,0,88,250,5,FALSE,Quality on net,Default
20252026,Regular,277,3-4-2026,Ottawa,5,Seattle,8,shot,1,9:45,585,0,0,,,187,136,,0,72,250,5,FALSE,Non quality on net,Default
20252026,Regular,277,3-4-2026,Ottawa,5,Seattle,8,shot,1,10:02,602,0,0,,,498,128,,0,49,222,8,FALSE,Quality on net,Default
20252026,Regular,277,3-4-2026,Ottawa,5,Seattle,8,shot,1,10:14,614,0,0,,,451,18,,0,2,222,8,FALSE,Non quality on net,Default
20252026,Regular,277,3-4-2026,Ottawa,5,Seattle,8,shot,1,12:05,725,0,0,,,117,84,,0,53,250,5,FALSE,Quality on net,Default
20252026,Regular,277,3-4-2026,Ottawa,5,Seattle,8,shot,1,14:13,853,0,0,,,192,239,,0,118,250,5,FALSE,Non quality on net,Default
20252026,Regular,277,3-4-2026,Ottawa,5,Seattle,8,shot,1,14:15,855,0,0,,,87,143,,0,101,250,5,TRUE,Quality goal,Default
20252026,Regular,277,3-4-2026,Ottawa,5,Seattle,8,shot,1,16:11,971,1,0,,,158,201,,1,58,250,5,FALSE,Non quality on net,Default
20252026,Regular,277,3-4-2026,Ottawa,5,Seattle,8,shot,1,17:27,1047,1,0,,,474,213,,-1,142,222,8,FALSE,Quality on net,Default
20252026,Regular,277,3-4-2026,Ottawa,5,Seattle,8,shot,1,19:02,1142,1,0,,,52,172,,1,240,250,5,TRUE,Quality goal,Default
20252026,Regular,277,3-4-2026,Ottawa,5,Seattle,8,shot,2,0:23,1223,2,0,,,453,174,,-2,210,222,8,FALSE,Non quality on net,Default
20252026,Regular,277,3-4-2026,Ottawa,5,Seattle,8,shot,2,1:03,1263,2,0,,,236,274,,2,38,250,5,FALSE,Non quality on net,Default
20252026,Regular,277,3-4-2026,Ottawa,5,Seattle,8,shot,2,1:23,1283,2,0,,,75,103,,2,58,250,5,FALSE,Quality on net,Default
20252026,Regular,277,3-4-2026,Ottawa,5,Seattle,8,shot,2,1:46,1306,2,0,,,219,51,,2,289,250,5,FALSE,Non quality on net,Default
20252026,Regular,277,3-4-2026,Ottawa,5,Seattle,8,shot,2,3:47,1427,2,0,,,453,75,,-2,210,222,8,FALSE,Non quality on net,Default
20252026,Regular,277,3-4-2026,Ottawa,5,Seattle,8,shot,2,4:08,1448,2,0,,,82,138,,2,72,250,5,FALSE,Quality on net,Default
20252026,Regular,277,3-4-2026,Ottawa,5,Seattle,8,shot,2,4:57,1497,2,0,,,311,129,,-2,142,222,8,FALSE,Non quality on net,Default
20252026,Regular,277,3-4-2026,Ottawa,5,Seattle,8,shot,2,7:00,1620,2,0,,,208,161,,2,242,250,5,FALSE,Non quality on net,Default
20252026,Regular,277,3-4-2026,Ottawa,5,Seattle,8,shot,2,7:41,1661,2,0,,,533,135,,-2,138,222,8,FALSE,Quality on net,Default
20252026,Regular,277,3-4-2026,Ottawa,5,Seattle,8,shot,2,9:11,1751,2,0,,,549,155,,-2,210,222,8,FALSE,Quality on net,Default
20252026,Regular,277,3-4-2026,Ottawa,5,Seattle,8,shot,2,9:13,1753,2,0,,,551,117,,-2,36,222,8,TRUE,Non quality goal,Default
20252026,Regular,277,3-4-2026,Ottawa,5,Seattle,8,shot,2,9:34,1774,2,1,,,387,229,,-1,224,222,8,FALSE,Non quality on net,Default
20252026,Regular,277,3-4-2026,Ottawa,5,Seattle,8,shot,2,9:55,1795,2,1,,,59,168,,1,53,250,5,TRUE,Quality goal,Default
20252026,Regular,277,3-4-2026,Ottawa,5,Seattle,8,shot,2,12:01,1921,3,1,,,573,178,,-2,138,222,8,FALSE,Non quality on net,Default
20252026,Regular,277,3-4-2026,Ottawa,5,Seattle,8,shot,2,13:38,2018,3,1,,,499,199,,-2,196,222,8,FALSE,Quality on net,Default
20252026,Regular,277,3-4-2026,Ottawa,5,Seattle,8,shot,2,13:47,2027,3,1,,,519,115,,-2,237,222,8,FALSE,Quality on net,Default
20252026,Regular,277,3-4-2026,Ottawa,5,Seattle,8,shot,2,14:11,2051,3,1,,,562,70,,-2,36,222,8,FALSE,Non quality on net,Default
20252026,Regular,277,3-4-2026,Ottawa,5,Seattle,8,shot,2,14:26,2066,3,1,,,518,101,,-2,210,222,8,FALSE,Quality on net,Default
20252026,Regular,277,3-4-2026,Ottawa,5,Seattle,8,shot,2,14:35,2075,3,1,,,439,172,,-2,62,222,8,FALSE,Non quality on net,Default
20252026,Regular,277,3-4-2026,Ottawa,5,Seattle,8,shot,2,14:46,2086,3,1,,,507,171,,-2,210,222,8,FALSE,Quality on net,Default
20252026,Regular,277,3-4-2026,Ottawa,5,Seattle,8,shot,2,14:47,2087,3,1,,,548,114,,-2,36,222,8,TRUE,Non quality goal,Default
20252026,Regular,277,3-4-2026,Ottawa,5,Seattle,8,shot,2,15:45,2145,3,2,,,136,148,,-1,91,222,8,FALSE,Quality on net,Default
20252026,Regular,277,3-4-2026,Ottawa,5,Seattle,8,shot,2,18:10,2290,3,2,,,514,153,,-1,210,222,8,FALSE,Quality on net,Default
20252026,Regular,277,3-4-2026,Ottawa,5,Seattle,8,shot,2,18:30,2310,3,2,,,51,100,,1,101,250,5,FALSE,Non quality on net,Default
20252026,Regular,277,3-4-2026,Ottawa,5,Seattle,8,shot,3,0:46,2446,3,2,,,540,159,,-1,210,222,8,FALSE,Quality on net,Default
20252026,Regular,277,3-4-2026,Ottawa,5,Seattle,8,shot,3,1:11,2471,3,2,,,443,75,,-1,203,222,8,FALSE,Non quality on net,Default
20252026,Regular,277,3-4-2026,Ottawa,5,Seattle,8,shot,3,1:47,2507,3,2,,,129,99,,1,57,250,5,FALSE,Quality on net,Default
20252026,Regular,277,3-4-2026,Ottawa,5,Seattle,8,shot,3,3:12,2592,3,2,,,115,145,,1,88,250,5,FALSE,Quality on net,Default
20252026,Regular,277,3-4-2026,Ottawa,5,Seattle,8,shot,3,5:18,2718,3,2,,,445,189,,-1,36,222,8,FALSE,Non quality on net,Default
20252026,Regular,277,3-4-2026,Ottawa,5,Seattle,8,shot,3,7:03,2823,3,2,,,521,237,,-1,36,222,8,FALSE,Non quality on net,Default
20252026,Regular,277,3-4-2026,Ottawa,5,Seattle,8,shot,3,9:20,2960,3,2,,,556,250,,-1,91,222,8,FALSE,Non quality on net,Default
20252026,Regular,277,3-4-2026,Ottawa,5,Seattle,8,shot,3,10:07,3007,3,2,,,525,134,,-1,34,222,8,FALSE,Quality on net,Default
20252026,Regular,277,3-4-2026,Ottawa,5,Seattle,8,penaltyshot,3,10:08,3008,3,2,,,,,,-1,34,222,8,TRUE,,
20252026,Regular,277,3-4-2026,Ottawa,5,Seattle,8,shot,3,11:02,3062,3,3,,,69,184,,0,286,250,5,FALSE,Quality on net,Default
20252026,Regular,277,3-4-2026,Ottawa,5,Seattle,8,shot,3,11:05,3065,3,3,,,175,196,,0,53,250,5,FALSE,Non quality on net,Default
20252026,Regular,277,3-4-2026,Ottawa,5,Seattle,8,shot,3,11:11,3071,3,3,,,88,154,,0,192,250,5,FALSE,Quality on net,Default
20252026,Regular,277,3-4-2026,Ottawa,5,Seattle,8,shot,3,14:01,3241,3,3,,,57,105,,0,192,250,5,FALSE,Non quality on net,Default
20252026,Regular,277,3-4-2026,Ottawa,5,Seattle,8,shot,3,15:28,3328,3,3,,,517,136,,0,142,222,8,FALSE,Quality on net,Default
20252026,Regular,277,3-4-2026,Ottawa,5,Seattle,8,shot,3,15:28,3328,3,3,,,547,182,,0,224,222,8,FALSE,Non quality on net,Default
20252026,Regular,277,3-4-2026,Ottawa,5,Seattle,8,shot,3,16:22,3382,3,3,,,145,114,,0,286,250,5,FALSE,Non quality on net,Default
20252026,Regular,277,3-4-2026,Ottawa,5,Seattle,8,shot,3,17:06,3426,3,3,,,129,129,,0,57,250,5,FALSE,Quality on net,Default
20252026,Regular,277,3-4-2026,Ottawa,5,Seattle,8,shot,3,17:11,3431,3,3,,,144,134,,0,223,250,5,FALSE,Non quality on net,Default
20252026,Regular,277,3-4-2026,Ottawa,5,Seattle,8,shot,3,17:39,3459,3,3,,,309,294,,0,210,222,8,FALSE,Non quality on net,Default
20252026,Regular,277,3-4-2026,Ottawa,5,Seattle,8,shot,3,18:14,3494,3,3,,,134,33,,0,240,250,5,TRUE,Non quality goal,Default
20252026,Regular,277,3-4-2026,Ottawa,5,Seattle,8,shot,3,18:36,3516,4,3,,,453,25,,-1,210,222,8,FALSE,Non quality on net,Default
20252026,Regular,277,3-4-2026,Ottawa,5,Seattle,8,shot,3,18:39,3519,4,3,,,437,120,,-1,36,222,8,FALSE,Non quality on net,Default
20252026,Regular,277,3-4-2026,Ottawa,5,Seattle,8,shot,3,19:59,3599,4,3,,,528,137,,-1,36,222,8,FALSE,Quality on net,Default
20252026,Regular,277,3-4-2026,Ottawa,5,Seattle,8,shot,3,20:00,3600,4,3,,,543,254,,-1,210,222,8,FALSE,Non quality on net,Default
20252026,Regular,278,3-5-2026,New York,4,Boston,1,shot,1,7:05,425,0,0,,,103,141,,0,30,6,4,FALSE,Quality on net,Default
20252026,Regular,278,3-5-2026,New York,4,Boston,1,shot,1,7:15,435,0,0,,,500,117,,0,15,228,1,FALSE,Quality on net,Wrist
20252026,Regular,278,3-5-2026,New York,4,Boston,1,shot,1,7:44,464,0,0,,,132,147,,0,249,6,4,FALSE,Quality on net,Wrist
20252026,Regular,278,3-5-2026,New York,4,Boston,1,shot,1,8:03,483,0,0,,,380,171,,0,15,228,1,FALSE,Non quality on net,Wrist
20252026,Regular,278,3-5-2026,New York,4,Boston,1,shot,1,14:00,840,0,0,,,415,175,,0,246,228,1,FALSE,Non quality on net,Wrist
20252026,Regular,278,3-5-2026,New York,4,Boston,1,shot,1,14:20,860,0,0,,,537,90,,0,78,228,1,FALSE,Non quality on net,Wrist
20252026,Regular,278,3-5-2026,New York,4,Boston,1,shot,1,14:36,876,0,0,,,429,147,,0,246,228,1,FALSE,Non quality on net,Wrist
20252026,Regular,278,3-5-2026,New York,4,Boston,1,shot,1,16:06,966,0,0,,,398,274,,0,255,228,1,FALSE,Non quality on net,Wrist
20252026,Regular,278,3-5-2026,New York,4,Boston,1,shot,1,16:07,967,0,0,,,508,70,,0,149,228,1,FALSE,Non quality on net,Wrist
20252026,Regular,278,3-5-2026,New York,4,Boston,1,shot,1,16:15,975,0,0,,,471,153,,0,243,228,1,TRUE,Quality goal,Wrist
20252026,Regular,278,3-5-2026,New York,4,Boston,1,shot,1,16:51,1011,0,1,,,81,125,,-1,207,6,4,FALSE,Quality on net,Backhand
20252026,Regular,278,3-5-2026,New York,4,Boston,1,shot,1,17:24,1044,0,1,,,501,186,,1,8,228,1,FALSE,Quality on net,Slap
20252026,Regular,278,3-5-2026,New York,4,Boston,1,shot,2,0:57,1257,0,1,,,552,117,,1,78,228,1,FALSE,Non quality on net,Backhand
20252026,Regular,278,3-5-2026,New York,4,Boston,1,shot,2,1:40,1300,0,1,,,88,198,,-1,245,6,4,FALSE,Quality on net,Wrist
20252026,Regular,278,3-5-2026,New York,4,Boston,1,shot,2,1:56,1316,0,1,,,492,234,,1,212,228,1,FALSE,Non quality on net,Wrist
20252026,Regular,278,3-5-2026,New York,4,Boston,1,shot,2,2:54,1374,0,1,,,154,227,,-1,251,6,4,FALSE,Non quality on net,Slap
20252026,Regular,278,3-5-2026,New York,4,Boston,1,shot,2,4:16,1456,0,1,,,120,168,,-1,9,6,4,FALSE,Quality on net,Wrist
20252026,Regular,278,3-5-2026,New York,4,Boston,1,shot,2,5:17,1517,0,1,,,501,191,,-1,207,6,4,FALSE,Quality on net,Snap
20252026,Regular,278,3-5-2026,New York,4,Boston,1,shot,2,5:19,1519,0,1,,,444,212,,1,97,228,1,FALSE,Non quality on net,Wrist
20252026,Regular,278,3-5-2026,New York,4,Boston,1,shot,2,8:19,1699,0,1,,,143,116,,-1,230,6,4,FALSE,Quality on net,Wrist
20252026,Regular,278,3-5-2026,New York,4,Boston,1,shot,2,8:31,1711,0,1,,,42,131,,-1,207,6,4,FALSE,Non quality on net,Wrist
20252026,Regular,278,3-5-2026,New York,4,Boston,1,shot,2,9:58,1798,0,1,,,189,212,,-1,60,6,4,FALSE,Non quality on net,Wrist
20252026,Regular,278,3-5-2026,New York,4,Boston,1,shot,2,10:29,1829,0,1,,,425,33,,1,12,228,1,FALSE,Non quality on net,Wrist
20252026,Regular,278,3-5-2026,New York,4,Boston,1,shot,2,12:34,1954,0,1,,,213,37,,-1,47,6,4,FALSE,Non quality on net,Wrist
20252026,Regular,278,3-5-2026,New York,4,Boston,1,shot,2,13:34,2014,0,1,,,217,77,,-1,87,6,4,FALSE,Non quality on net,Slap
20252026,Regular,278,3-5-2026,New York,4,Boston,1,shot,2,13:53,2033,0,1,,,390,25,,1,78,228,1,FALSE,Non quality on net,Wrist
20252026,Regular,278,3-5-2026,New York,4,Boston,1,shot,2,14:54,2094,0,1,,,477,180,,1,12,228,1,FALSE,Quality on net,Slap
20252026,Regular,278,3-5-2026,New York,4,Boston,1,shot,2,16:55,2215,0,1,,,202,256,,-1,60,6,4,FALSE,Non quality on net,Wrist
20252026,Regular,278,3-5-2026,New York,4,Boston,1,shot,2,17:16,2236,0,1,,,115,201,,-1,9,6,4,FALSE,Quality on net,Wrist
20252026,Regular,278,3-5-2026,New York,4,Boston,1,shot,2,19:19,2359,0,1,,,107,113,,-1,245,6,4,FALSE,Quality on net,Backhand
20252026,Regular,278,3-5-2026,New York,4,Boston,1,shot,2,19:44,2384,0,1,,,56,140,,-1,245,6,4,FALSE,Quality on net,Wrist
20252026,Regular,278,3-5-2026,New York,4,Boston,1,shot,3,0:20,2420,0,1,,,490,166,,1,15,228,1,FALSE,Quality on net,Wrist
20252026,Regular,278,3-5-2026,New York,4,Boston,1,shot,3,1:49,2509,0,1,,,422,146,,1,246,228,1,FALSE,Non quality on net,Wrist
20252026,Regular,278,3-5-2026,New York,4,Boston,1,shot,3,2:22,2542,0,1,,,510,197,,1,12,228,1,FALSE,Quality on net,Slap
20252026,Regular,278,3-5-2026,New York,4,Boston,1,shot,3,3:28,2608,0,1,,,449,63,,1,15,228,1,FALSE,Non quality on net,Wrist
20252026,Regular,278,3-5-2026,New York,4,Boston,1,shot,3,3:54,2634,0,1,,,470,243,,1,12,228,1,FALSE,Non quality on net,Slap
20252026,Regular,278,3-5-2026,New York,4,Boston,1,shot,3,5:29,2729,0,1,,,479,51,,1,97,228,1,FALSE,Non quality on net,Wrist
20252026,Regular,278,3-5-2026,New York,4,Boston,1,shot,3,11:01,3061,0,1,,,387,113,,1,185,228,1,FALSE,Non quality on net,Wrist
20252026,Regular,278,3-5-2026,New York,4,Boston,1,shot,3,14:07,3247,0,1,,,128,167,,-1,245,6,4,FALSE,Quality on net,Wrist
20252026,Regular,278,3-5-2026,New York,4,Boston,1,shot,3,14:28,3268,0,1,,,59,160,,-1,249,6,4,FALSE,Quality on net,Tip
20252026,Regular,278,3-5-2026,New York,4,Boston,1,shot,3,15:53,3353,0,1,,,84,172,,-1,249,6,4,FALSE,Quality on net,Wrist
20252026,Regular,278,3-5-2026,New York,4,Boston,1,shot,3,16:11,3371,0,1,,,183,75,,-1,40,6,4,FALSE,Non quality on net,Wrist
20252026,Regular,278,3-5-2026,New York,4,Boston,1,shot,3,17:59,3479,0,1,,,85,137,,-1,9,6,4,FALSE,Quality on net,Wrist
20252026,Regular,278,3-5-2026,New York,4,Boston,1,shot,3,18:34,3514,0,1,,,76,134,,-1,30,6,4,FALSE,Quality on net,Wrist
20252026,Regular,278,3-5-2026,New York,4,Boston,1,shot,3,18:56,3536,0,1,,,129,83,,-1,205,6,4,FALSE,Quality on net,Wrist
20252026,Regular,279,3-8-2026,New York,4,Ottawa,5,shot,1,0:59,59,0,0,,,52,168,,0,205,222,4,FALSE,Quality on net,Tip
20252026,Regular,279,3-8-2026,New York,4,Ottawa,5,shot,1,1:22,82,0,0,,,39,183,,0,205,222,4,FALSE,Non quality on net,Wrist
20252026,Regular,279,3-8-2026,New York,4,Ottawa,5,shot,1,1:34,94,0,0,,,63,201,,0,30,222,4,FALSE,Non quality on net,Snap
20252026,Regular,279,3-8-2026,New York,4,Ottawa,5,shot,1,4:08,248,0,0,,,56,153,,0,40,222,4,FALSE,Quality on net,Tip
20252026,Regular,279,3-8-2026,New York,4,Ottawa,5,shot,1,4:31,271,0,0,,,501,175,,0,72,228,5,FALSE,Quality on net,Default
20252026,Regular,279,3-8-2026,New York,4,Ottawa,5,shot,1,7:12,432,0,0,,,459,32,,0,72,228,5,FALSE,Non quality on net,Wrist
20252026,Regular,279,3-8-2026,New York,4,Ottawa,5,shot,1,8:06,486,0,0,,,112,218,,0,285,222,4,FALSE,Quality on net,Snap
20252026,Regular,279,3-8-2026,New York,4,Ottawa,5,shot,1,8:21,501,0,0,,,130,168,,0,30,222,4,FALSE,Quality on net,Snap
20252026,Regular,279,3-8-2026,New York,4,Ottawa,5,shot,1,8:49,529,0,0,,,58,111,,0,249,222,4,FALSE,Non quality on net,Wrist
20252026,Regular,279,3-8-2026,New York,4,Ottawa,5,shot,1,8:55,535,0,0,,,71,95,,0,207,222,4,FALSE,Non quality on net,Backhand
20252026,Regular,279,3-8-2026,New York,4,Ottawa,5,shot,1,9:15,555,0,0,,,431,258,,0,58,228,5,FALSE,Non quality on net,Default
20252026,Regular,279,3-8-2026,New York,4,Ottawa,5,shot,1,9:15,555,0,0,,,429,249,,0,40,222,4,FALSE,Non quality on net,Wrist
20252026,Regular,279,3-8-2026,New York,4,Ottawa,5,shot,1,12:12,732,0,0,,,447,144,,0,249,222,4,FALSE,Non quality on net,Wrist
20252026,Regular,279,3-8-2026,New York,4,Ottawa,5,shot,1,12:34,754,0,0,,,489,144,,0,241,228,5,FALSE,Quality on net,Wrist
20252026,Regular,279,3-8-2026,New York,4,Ottawa,5,shot,1,12:58,778,0,0,,,431,130,,0,101,228,5,FALSE,Non quality on net,Wrist
20252026,Regular,279,3-8-2026,New York,4,Ottawa,5,shot,1,13:12,792,0,0,,,166,91,,0,87,222,4,FALSE,Non quality on net,Wrist
20252026,Regular,279,3-8-2026,New York,4,Ottawa,5,shot,1,13:14,794,0,0,,,63,171,,0,285,222,4,TRUE,Quality goal,Wrist
20252026,Regular,279,3-8-2026,New York,4,Ottawa,5,shot,1,13:33,813,1,0,,,393,204,,-1,223,228,5,FALSE,Non quality on net,Wrist
20252026,Regular,279,3-8-2026,New York,4,Ottawa,5,shot,1,14:51,891,1,0,,,69,140,,1,205,222,4,TRUE,Quality goal,Snap
20252026,Regular,279,3-8-2026,New York,4,Ottawa,5,shot,1,15:28,928,2,0,,,201,183,,2,87,222,4,FALSE,Non quality on net,Slap
20252026,Regular,279,3-8-2026,New York,4,Ottawa,5,shot,1,17:10,1030,2,0,,,68,123,,2,9,222,4,TRUE,Quality goal,Wrist
20252026,Regular,279,3-8-2026,New York,4,Ottawa,5,shot,1,18:03,1083,3,0,,,528,151,,-3,58,228,5,TRUE,Quality goal,Wrist
20252026,Regular,279,3-8-2026,New York,4,Ottawa,5,shot,2,0:37,1237,3,1,,,417,263,,-2,53,228,5,FALSE,Non quality on net,Default
20252026,Regular,279,3-8-2026,New York,4,Ottawa,5,shot,2,3:29,1409,3,1,,,118,96,,2,45,222,4,FALSE,Quality on net,Snap
20252026,Regular,279,3-8-2026,New York,4,Ottawa,5,shot,2,3:49,1429,3,1,,,555,175,,-2,101,228,5,FALSE,Non quality on net,Wrist
20252026,Regular,279,3-8-2026,New York,4,Ottawa,5,shot,2,4:04,1444,3,1,,,522,108,,-2,57,228,5,FALSE,Quality on net,Default
20252026,Regular,279,3-8-2026,New York,4,Ottawa,5,shot,2,4:49,1489,3,1,,,448,149,,-2,72,228,5,FALSE,Non quality on net,Wrist
20252026,Regular,279,3-8-2026,New York,4,Ottawa,5,shot,2,6:30,1590,3,1,,,75,184,,-2,101,228,5,FALSE,Quality on net,Backhand
20252026,Regular,279,3-8-2026,New York,4,Ottawa,5,shot,2,7:21,1641,3,1,,,212,224,,2,230,222,4,FALSE,Non quality on net,Snap
20252026,Regular,279,3-8-2026,New York,4,Ottawa,5,shot,2,8:33,1713,3,1,,,442,201,,-2,286,228,5,FALSE,Non quality on net,Slap
20252026,Regular,279,3-8-2026,New York,4,Ottawa,5,shot,2,10:18,1818,3,1,,,119,182,,2,285,222,4,FALSE,Quality on net,Default
20252026,Regular,279,3-8-2026,New York,4,Ottawa,5,shot,2,12:33,1953,3,1,,,547,171,,-2,53,228,5,FALSE,Quality on net,Wrist
20252026,Regular,279,3-8-2026,New York,4,Ottawa,5,shot,2,14:08,2048,3,1,,,157,184,,2,204,222,4,FALSE,Non quality on net,Snap
20252026,Regular,279,3-8-2026,New York,4,Ottawa,5,shot,2,14:56,2096,3,1,,,461,56,,-2,57,228,5,FALSE,Non quality on net,Wrist
20252026,Regular,279,3-8-2026,New York,4,Ottawa,5,shot,2,15:26,2126,3,1,,,102,174,,2,30,222,4,FALSE,Quality on net,Snap
20252026,Regular,279,3-8-2026,New York,4,Ottawa,5,shot,2,17:09,2229,3,1,,,141,146,,2,249,222,4,FALSE,Quality on net,Wrist
20252026,Regular,279,3-8-2026,New York,4,Ottawa,5,shot,2,17:41,2261,3,1,,,63,92,,2,206,222,4,FALSE,Non quality on net,Wrist
20252026,Regular,279,3-8-2026,New York,4,Ottawa,5,shot,2,18:00,2280,3,1,,,123,129,,2,30,222,4,FALSE,Quality on net,Wrist
20252026,Regular,279,3-8-2026,New York,4,Ottawa,5,shot,2,19:45,2385,3,1,,,169,174,,2,245,222,4,FALSE,Non quality on net,Wrist
20252026,Regular,279,3-8-2026,New York,4,Ottawa,5,shot,3,3:18,2598,3,1,,,544,171,,-2,57,228,5,TRUE,Quality goal,Snap
20252026,Regular,279,3-8-2026,New York,4,Ottawa,5,shot,3,8:04,2884,3,2,,,549,177,,-1,242,228,5,FALSE,Quality on net,Backhand
20252026,Regular,279,3-8-2026,New York,4,Ottawa,5,shot,3,9:29,2969,3,2,,,195,89,,1,45,222,4,FALSE,Non quality on net,Wrist
20252026,Regular,279,3-8-2026,New York,4,Ottawa,5,shot,3,9:35,2975,3,2,,,214,79,,1,207,222,4,FALSE,Non quality on net,Wrist
20252026,Regular,279,3-8-2026,New York,4,Ottawa,5,shot,3,10:45,3045,3,2,,,46,165,,1,9,222,4,TRUE,Quality goal,Wrist
20252026,Regular,279,3-8-2026,New York,4,Ottawa,5,shot,3,11:14,3074,4,2,,,193,141,,2,229,222,4,FALSE,Non quality on net,Wrist
20252026,Regular,279,3-8-2026,New York,4,Ottawa,5,shot,3,15:27,3327,4,2,,,57,149,,2,230,222,4,TRUE,Quality goal,Wrist
20252026,Regular,279,3-8-2026,New York,4,Ottawa,5,shot,3,16:19,3379,5,2,,,72,220,,3,40,222,4,FALSE,Non quality on net,Wrist
20252026,Regular,279,3-8-2026,New York,4,Ottawa,5,shot,3,17:40,3460,5,2,,,128,83,,3,87,222,4,FALSE,Quality on net,Slap
20252026,Regular,279,3-8-2026,New York,4,Ottawa,5,shot,3,19:09,3549,5,2,,,531,165,,-3,241,228,5,FALSE,Quality on net,Default
20252026,Regular,279,3-8-2026,New York,4,Ottawa,5,shot,3,19:15,3555,5,2,,,62,143,,3,205,0,4,TRUE,Quality goal,Backhand
20252026,Regular,280,3-8-2026,Toronto,6,Minnesota,2,shot,1,2:53,173,0,0,,,107,205,,0,63,123,6,FALSE,Quality on net,Wrist
20252026,Regular,280,3-8-2026,Toronto,6,Minnesota,2,shot,1,3:45,225,0,0,,,51,116,,0,244,123,6,FALSE,Non quality on net,Snap
20252026,Regular,280,3-8-2026,Toronto,6,Minnesota,2,shot,1,3:58,238,0,0,,,156,68,,0,316,123,6,FALSE,Non quality on net,Backhand
20252026,Regular,280,3-8-2026,Toronto,6,Minnesota,2,shot,1,4:47,287,0,0,,,548,96,,0,247,211,2,FALSE,Non quality on net,Snap
20252026,Regular,280,3-8-2026,Toronto,6,Minnesota,2,shot,1,5:08,308,0,0,,,516,52,,0,263,211,2,FALSE,Non quality on net,Wrist
20252026,Regular,280,3-8-2026,Toronto,6,Minnesota,2,shot,1,6:26,386,0,0,,,136,160,,0,44,123,6,FALSE,Quality on net,Snap
20252026,Regular,280,3-8-2026,Toronto,6,Minnesota,2,shot,1,6:37,397,0,0,,,140,88,,0,316,123,6,FALSE,Quality on net,Wrist
20252026,Regular,280,3-8-2026,Toronto,6,Minnesota,2,shot,1,6:46,406,0,0,,,198,162,,0,86,123,6,FALSE,Non quality on net,Slap
20252026,Regular,280,3-8-2026,Toronto,6,Minnesota,2,shot,1,8:09,489,0,0,,,393,33,,0,24,211,2,FALSE,Non quality on net,Wrist
20252026,Regular,280,3-8-2026,Toronto,6,Minnesota,2,shot,1,8:37,517,0,0,,,579,181,,0,269,211,2,FALSE,Non quality on net,Default
20252026,Regular,280,3-8-2026,Toronto,6,Minnesota,2,shot,1,8:39,519,0,0,,,547,180,,0,247,211,2,FALSE,Non quality on net,Wrist
20252026,Regular,280,3-8-2026,Toronto,6,Minnesota,2,shot,1,9:46,586,0,0,,,510,175,,0,21,211,2,FALSE,Quality on net,Default
20252026,Regular,280,3-8-2026,Toronto,6,Minnesota,2,shot,1,10:11,611,0,0,,,564,169,,0,104,211,2,TRUE,Non quality goal,Backhand
20252026,Regular,280,3-8-2026,Toronto,6,Minnesota,2,shot,1,10:34,634,0,1,,,151,131,,-1,73,123,6,FALSE,Non quality on net,Wrist
20252026,Regular,280,3-8-2026,Toronto,6,Minnesota,2,shot,1,11:06,666,0,1,,,41,123,,-1,73,123,6,FALSE,Non quality on net,Snap
20252026,Regular,280,3-8-2026,Toronto,6,Minnesota,2,shot,1,12:10,730,0,1,,,513,267,,1,194,211,2,FALSE,Non quality on net,Wrist
20252026,Regular,280,3-8-2026,Toronto,6,Minnesota,2,shot,1,12:47,767,0,1,,,564,127,,1,247,211,2,FALSE,Non quality on net,Wrist
20252026,Regular,280,3-8-2026,Toronto,6,Minnesota,2,shot,1,13:10,790,0,1,,,531,134,,1,247,211,2,FALSE,Quality on net,Tip
20252026,Regular,280,3-8-2026,Toronto,6,Minnesota,2,shot,1,13:35,815,0,1,,,548,120,,1,25,211,2,FALSE,Non quality on net,Wrist
20252026,Regular,280,3-8-2026,Toronto,6,Minnesota,2,shot,1,14:41,881,0,1,,,155,87,,-1,26,123,6,FALSE,Non quality on net,Wrist
20252026,Regular,280,3-8-2026,Toronto,6,Minnesota,2,shot,1,18:10,1090,0,1,,,53,161,,-1,67,123,6,FALSE,Quality on net,Wrist
20252026,Regular,280,3-8-2026,Toronto,6,Minnesota,2,shot,1,18:12,1092,0,1,,,60,147,,-1,86,123,6,TRUE,Quality goal,Wrist
20252026,Regular,280,3-8-2026,Toronto,6,Minnesota,2,shot,1,19:32,1172,1,1,,,135,166,,0,66,123,6,FALSE,Quality on net,Wrist
20252026,Regular,280,3-8-2026,Toronto,6,Minnesota,2,shot,2,3:56,1436,1,1,,,412,34,,0,167,211,2,FALSE,Non quality on net,Backhand
20252026,Regular,280,3-8-2026,Toronto,6,Minnesota,2,shot,2,4:16,1456,1,1,,,395,56,,0,162,211,2,FALSE,Non quality on net,Wrist
20252026,Regular,280,3-8-2026,Toronto,6,Minnesota,2,shot,2,4:32,1472,1,1,,,537,142,,0,23,211,2,FALSE,Quality on net,Wrist
20252026,Regular,280,3-8-2026,Toronto,6,Minnesota,2,shot,2,5:27,1527,1,1,,,81,155,,0,313,123,6,FALSE,Quality on net,Wrist
20252026,Regular,280,3-8-2026,Toronto,6,Minnesota,2,shot,2,7:10,1630,1,1,,,528,247,,0,104,211,2,FALSE,Non quality on net,Slap
20252026,Regular,280,3-8-2026,Toronto,6,Minnesota,2,shot,2,8:04,1684,1,1,,,22,128,,0,63,123,6,TRUE,Non quality goal,Wrist
20252026,Regular,280,3-8-2026,Toronto,6,Minnesota,2,shot,2,10:24,1824,2,1,,,36,194,,1,67,123,6,FALSE,Non quality on net,Wrist
20252026,Regular,280,3-8-2026,Toronto,6,Minnesota,2,shot,2,12:21,1941,2,1,,,87,56,,1,68,123,6,FALSE,Non quality on net,Wrist
20252026,Regular,280,3-8-2026,Toronto,6,Minnesota,2,shot,2,12:30,1950,2,1,,,193,210,,1,74,123,6,FALSE,Non quality on net,Wrist
20252026,Regular,280,3-8-2026,Toronto,6,Minnesota,2,shot,2,14:10,2050,2,1,,,52,151,,-1,189,211,2,FALSE,Quality on net,Backhand
20252026,Regular,280,3-8-2026,Toronto,6,Minnesota,2,shot,2,14:13,2053,2,1,,,409,260,,-1,90,211,2,FALSE,Non quality on net,Wrist
20252026,Regular,280,3-8-2026,Toronto,6,Minnesota,2,shot,2,15:02,2102,2,1,,,527,200,,-1,236,211,2,FALSE,Quality on net,Wrist
20252026,Regular,280,3-8-2026,Toronto,6,Minnesota,2,shot,2,19:11,2351,2,1,,,398,251,,-1,24,211,2,FALSE,Non quality on net,Snap
20252026,Regular,280,3-8-2026,Toronto,6,Minnesota,2,shot,2,19:14,2354,2,1,,,540,129,,-1,247,211,2,FALSE,Quality on net,Wrist
20252026,Regular,280,3-8-2026,Toronto,6,Minnesota,2,shot,2,19:23,2363,2,1,,,145,167,,1,63,123,6,FALSE,Non quality on net,Snap
20252026,Regular,280,3-8-2026,Toronto,6,Minnesota,2,shot,3,0:51,2451,2,1,,,394,43,,-1,188,211,2,FALSE,Non quality on net,Slap
20252026,Regular,280,3-8-2026,Toronto,6,Minnesota,2,shot,3,2:05,2525,2,1,,,548,116,,-1,194,211,2,FALSE,Non quality on net,Wrist
20252026,Regular,280,3-8-2026,Toronto,6,Minnesota,2,shot,3,3:20,2600,2,1,,,548,130,,-1,191,211,2,FALSE,Quality on net,Wrist
20252026,Regular,280,3-8-2026,Toronto,6,Minnesota,2,shot,3,3:40,2620,2,1,,,410,186,,-1,167,211,2,FALSE,Non quality on net,Wrist
20252026,Regular,280,3-8-2026,Toronto,6,Minnesota,2,shot,3,4:04,2644,2,1,,,562,124,,-1,191,211,2,FALSE,Non quality on net,Wrist
20252026,Regular,280,3-8-2026,Toronto,6,Minnesota,2,shot,3,4:06,2646,2,1,,,557,137,,-1,167,211,2,FALSE,Quality on net,Backhand
20252026,Regular,280,3-8-2026,Toronto,6,Minnesota,2,shot,3,5:18,2718,2,1,,,476,77,,-1,21,211,2,TRUE,Quality goal,Slap
20252026,Regular,280,3-8-2026,Toronto,6,Minnesota,2,shot,3,5:39,2739,2,2,,,561,58,,0,23,211,2,FALSE,Non quality on net,Wrist
20252026,Regular,280,3-8-2026,Toronto,6,Minnesota,2,shot,3,6:03,2763,2,2,,,123,143,,0,67,123,6,FALSE,Quality on net,Backhand
20252026,Regular,280,3-8-2026,Toronto,6,Minnesota,2,shot,3,7:15,2835,2,2,,,105,74,,0,65,123,6,FALSE,Quality on net,Wrist
20252026,Regular,280,3-8-2026,Toronto,6,Minnesota,2,shot,3,8:20,2900,2,2,,,480,216,,0,189,211,2,FALSE,Quality on net,Wrist
20252026,Regular,280,3-8-2026,Toronto,6,Minnesota,2,shot,3,9:28,2968,2,2,,,217,99,,0,66,123,6,FALSE,Non quality on net,Slap
20252026,Regular,280,3-8-2026,Toronto,6,Minnesota,2,shot,3,9:49,2989,2,2,,,211,44,,0,190,211,2,FALSE,Non quality on net,Wrist
20252026,Regular,280,3-8-2026,Toronto,6,Minnesota,2,shot,3,11:49,3109,2,2,,,543,78,,0,247,211,2,FALSE,Non quality on net,Snap
20252026,Regular,280,3-8-2026,Toronto,6,Minnesota,2,shot,3,15:48,3348,2,2,,,535,184,,0,104,211,2,FALSE,Quality on net,Wrist
20252026,Regular,280,3-8-2026,Toronto,6,Minnesota,2,shot,3,17:22,3442,2,2,,,107,112,,0,73,123,6,FALSE,Quality on net,Tip
20252026,Regular,280,3-8-2026,Toronto,6,Minnesota,2,shot,4,0:26,3626,2,2,,,64,143,,0,63,123,6,FALSE,Quality on net,Backhand
20252026,Regular,280,3-8-2026,Toronto,6,Minnesota,2,shot,4,0:42,3642,2,2,,,489,100,,0,21,211,2,FALSE,Quality on net,Wrist
20252026,Regular,280,3-8-2026,Toronto,6,Minnesota,2,shot,4,1:35,3695,2,2,,,479,165,,0,25,211,2,FALSE,Quality on net,Wrist
20252026,Regular,280,3-8-2026,Toronto,6,Minnesota,2,shot,4,2:07,3727,2,2,,,88,88,,0,76,123,6,FALSE,Quality on net,Snap
20252026,Regular,280,3-8-2026,Toronto,6,Minnesota,2,shot,4,2:28,3748,2,2,,,545,135,,0,23,211,2,TRUE,Quality goal,Snap
20252026,Regular,281,3-10-2026,Vancouver,9,Boston,1,shot,1,1:50,110,0,0,,,416,237,,0,246,64,1,FALSE,Non quality on net,Wrist
20252026,Regular,281,3-10-2026,Vancouver,9,Boston,1,shot,1,6:54,414,0,0,,,434,69,,0,17,64,1,FALSE,Non quality on net,Wrist
20252026,Regular,281,3-10-2026,Vancouver,9,Boston,1,shot,1,7:40,460,0,0,,,155,222,,0,198,6,9,FALSE,Non quality on net,Wrist
20252026,Regular,281,3-10-2026,Vancouver,9,Boston,1,shot,1,8:08,488,0,0,,,48,129,,0,89,6,9,FALSE,Quality on net,Tip
20252026,Regular,281,3-10-2026,Vancouver,9,Boston,1,shot,1,11:24,684,0,0,,,331,122,,0,259,64,1,FALSE,Non quality on net,Wrist
20252026,Regular,281,3-10-2026,Vancouver,9,Boston,1,shot,1,12:15,735,0,0,,,411,171,,0,16,64,1,FALSE,Non quality on net,Wrist
20252026,Regular,281,3-10-2026,Vancouver,9,Boston,1,shot,1,12:31,751,0,0,,,445,36,,0,11,6,9,FALSE,Non quality on net,Wrist
20252026,Regular,281,3-10-2026,Vancouver,9,Boston,1,shot,1,13:22,802,0,0,,,98,238,,0,221,6,9,FALSE,Non quality on net,Wrist
20252026,Regular,281,3-10-2026,Vancouver,9,Boston,1,shot,1,13:50,830,0,0,,,465,38,,0,16,64,1,FALSE,Non quality on net,Wrist
20252026,Regular,281,3-10-2026,Vancouver,9,Boston,1,shot,1,15:02,902,0,0,,,63,151,,0,169,6,9,FALSE,Quality on net,Backhand
20252026,Regular,281,3-10-2026,Vancouver,9,Boston,1,shot,1,18:27,1107,0,0,,,501,151,,0,8,64,1,FALSE,Quality on net,Wrist
20252026,Regular,281,3-10-2026,Vancouver,9,Boston,1,shot,2,1:21,1281,0,0,,,401,199,,0,255,64,1,FALSE,Non quality on net,Wrist
20252026,Regular,281,3-10-2026,Vancouver,9,Boston,1,shot,2,3:11,1391,0,0,,,282,285,,0,248,6,9,FALSE,Non quality on net,Wrist
20252026,Regular,281,3-10-2026,Vancouver,9,Boston,1,shot,2,3:18,1398,0,0,,,210,11,,0,11,6,9,FALSE,Non quality on net,Slap
20252026,Regular,281,3-10-2026,Vancouver,9,Boston,1,shot,2,4:54,1494,0,0,,,459,190,,0,12,64,1,FALSE,Quality on net,Wrist
20252026,Regular,281,3-10-2026,Vancouver,9,Boston,1,shot,2,5:01,1501,0,0,,,409,73,,0,246,64,1,FALSE,Non quality on net,Wrist
20252026,Regular,281,3-10-2026,Vancouver,9,Boston,1,shot,2,5:25,1525,0,0,,,423,217,,0,246,64,1,FALSE,Non quality on net,Wrist
20252026,Regular,281,3-10-2026,Vancouver,9,Boston,1,shot,2,6:19,1579,0,0,,,463,38,,0,8,64,1,FALSE,Non quality on net,Wrist
20252026,Regular,281,3-10-2026,Vancouver,9,Boston,1,shot,2,6:20,1580,0,0,,,445,242,,0,243,64,1,FALSE,Non quality on net,Wrist
20252026,Regular,281,3-10-2026,Vancouver,9,Boston,1,shot,2,6:38,1598,0,0,,,147,271,,0,114,6,9,FALSE,Non quality on net,Wrist
20252026,Regular,281,3-10-2026,Vancouver,9,Boston,1,shot,2,6:43,1603,0,0,,,179,123,,0,180,6,9,FALSE,Non quality on net,Wrist
20252026,Regular,281,3-10-2026,Vancouver,9,Boston,1,shot,2,8:04,1684,0,0,,,432,69,,0,246,64,1,FALSE,Non quality on net,Slap
20252026,Regular,281,3-10-2026,Vancouver,9,Boston,1,shot,2,9:18,1758,0,0,,,543,129,,0,17,64,1,FALSE,Quality on net,Wrist
20252026,Regular,281,3-10-2026,Vancouver,9,Boston,1,shot,2,9:20,1760,0,0,,,517,7,,0,11,6,9,FALSE,Non quality on net,Wrist
20252026,Regular,281,3-10-2026,Vancouver,9,Boston,1,shot,2,9:43,1783,0,0,,,462,222,,0,16,64,1,FALSE,Quality on net,Wrist
20252026,Regular,281,3-10-2026,Vancouver,9,Boston,1,shot,2,11:43,1903,0,0,,,62,129,,0,75,6,9,FALSE,Quality on net,Backhand
20252026,Regular,281,3-10-2026,Vancouver,9,Boston,1,shot,2,14:24,2064,0,0,,,53,145,,0,75,6,9,FALSE,Quality on net,Backhand
20252026,Regular,281,3-10-2026,Vancouver,9,Boston,1,shot,2,14:25,2065,0,0,,,61,148,,0,89,6,9,FALSE,Quality on net,Wrist
20252026,Regular,281,3-10-2026,Vancouver,9,Boston,1,shot,2,16:48,2208,0,0,,,38,162,,0,227,6,9,FALSE,Quality on net,Wrist
20252026,Regular,281,3-10-2026,Vancouver,9,Boston,1,shot,2,17:53,2273,0,0,,,523,141,,0,243,64,1,FALSE,Quality on net,Default
20252026,Regular,281,3-10-2026,Vancouver,9,Boston,1,shot,2,18:35,2315,0,0,,,543,175,,0,15,64,1,FALSE,Quality on net,Backhand
20252026,Regular,281,3-10-2026,Vancouver,9,Boston,1,shot,2,18:50,2330,0,0,,,543,19,,0,78,64,1,FALSE,Non quality on net,Wrist
20252026,Regular,281,3-10-2026,Vancouver,9,Boston,1,shot,2,19:03,2343,0,0,,,135,146,,0,89,6,9,FALSE,Quality on net,Wrist
20252026,Regular,281,3-10-2026,Vancouver,9,Boston,1,shot,2,19:33,2373,0,0,,,154,124,,0,11,6,9,FALSE,Non quality on net,Wrist
20252026,Regular,281,3-10-2026,Vancouver,9,Boston,1,shot,3,2:45,2565,0,0,,,212,75,,0,11,6,9,FALSE,Non quality on net,Wrist
20252026,Regular,281,3-10-2026,Vancouver,9,Boston,1,shot,3,3:11,2591,0,0,,,555,138,,0,15,64,1,FALSE,Quality on net,Wrist
20252026,Regular,281,3-10-2026,Vancouver,9,Boston,1,shot,3,3:19,2599,0,0,,,465,182,,0,246,64,1,TRUE,Quality goal,Default
20252026,Regular,281,3-10-2026,Vancouver,9,Boston,1,shot,3,5:14,2714,0,1,,,90,188,,-1,89,6,9,FALSE,Quality on net,Wrist
20252026,Regular,281,3-10-2026,Vancouver,9,Boston,1,shot,3,5:33,2733,0,1,,,201,159,,-1,11,6,9,FALSE,Non quality on net,Wrist
20252026,Regular,281,3-10-2026,Vancouver,9,Boston,1,shot,3,6:42,2802,0,1,,,189,241,,-1,180,6,9,FALSE,Non quality on net,Wrist
20252026,Regular,281,3-10-2026,Vancouver,9,Boston,1,shot,3,7:55,2875,0,1,,,49,165,,-1,220,6,9,FALSE,Quality on net,Backhand
20252026,Regular,281,3-10-2026,Vancouver,9,Boston,1,shot,3,8:49,2929,0,1,,,492,72,,1,78,64,1,FALSE,Non quality on net,Wrist
20252026,Regular,281,3-10-2026,Vancouver,9,Boston,1,shot,3,9:07,2947,0,1,,,487,189,,1,246,64,1,FALSE,Quality on net,Wrist
20252026,Regular,281,3-10-2026,Vancouver,9,Boston,1,shot,3,9:16,2956,0,1,,,511,111,,1,15,64,1,FALSE,Quality on net,Wrist
20252026,Regular,281,3-10-2026,Vancouver,9,Boston,1,shot,3,11:17,3077,0,1,,,535,153,,1,16,64,1,FALSE,Quality on net,Backhand
20252026,Regular,281,3-10-2026,Vancouver,9,Boston,1,shot,3,11:45,3105,0,1,,,504,159,,1,12,64,1,FALSE,Quality on net,Wrist
20252026,Regular,281,3-10-2026,Vancouver,9,Boston,1,shot,3,12:58,3178,0,1,,,81,246,,-1,89,6,9,FALSE,Non quality on net,Wrist
20252026,Regular,281,3-10-2026,Vancouver,9,Boston,1,shot,3,13:28,3208,0,1,,,109,208,,-1,89,6,9,FALSE,Quality on net,Wrist
20252026,Regular,281,3-10-2026,Vancouver,9,Boston,1,shot,3,14:50,3290,0,1,,,451,116,,1,243,64,1,FALSE,Non quality on net,Wrist
20252026,Regular,281,3-10-2026,Vancouver,9,Boston,1,shot,3,16:34,3394,0,1,,,140,213,,-1,89,6,9,TRUE,Quality goal,Default
20252026,Regular,281,3-10-2026,Vancouver,9,Boston,1,shot,3,17:51,3471,1,1,,,111,147,,0,11,6,9,FALSE,Quality on net,Wrist
20252026,Regular,281,3-10-2026,Vancouver,9,Boston,1,shot,3,18:57,3537,1,1,,,86,177,,0,209,6,9,FALSE,Quality on net,Backhand
20252026,Regular,281,3-10-2026,Vancouver,9,Boston,1,shot,4,0:41,3641,1,1,,,538,171,,0,183,64,1,TRUE,Quality goal,Default
20252026,Regular,282,4-3-2026,Ottawa,5,Montréal,3,shot,1,0:07,7,0,0,,,83,84,,0,53,48,5,FALSE,Non quality on net,Default
20252026,Regular,282,4-3-2026,Ottawa,5,Montréal,3,shot,1,0:21,21,0,0,,,389,291,,0,32,222,3,FALSE,Non quality on net,Default
20252026,Regular,282,4-3-2026,Ottawa,5,Montréal,3,shot,1,1:50,110,0,0,,,224,20,,0,289,48,5,FALSE,Non quality on net,Default
20252026,Regular,282,4-3-2026,Ottawa,5,Montréal,3,shot,1,2:02,122,0,0,,,135,223,,0,219,48,5,FALSE,Quality on net,Default
20252026,Regular,282,4-3-2026,Ottawa,5,Montréal,3,shot,1,2:37,157,0,0,,,143,74,,0,219,48,5,FALSE,Quality on net,Default
20252026,Regular,282,4-3-2026,Ottawa,5,Montréal,3,shot,1,6:30,390,0,0,,,137,213,,0,72,48,5,FALSE,Quality on net,Default
20252026,Regular,282,4-3-2026,Ottawa,5,Montréal,3,shot,1,8:09,489,0,0,,,40,180,,0,115,48,5,FALSE,Non quality on net,Default
20252026,Regular,282,4-3-2026,Ottawa,5,Montréal,3,shot,1,8:18,498,0,0,,,64,17,,0,71,48,5,FALSE,Non quality on net,Default
20252026,Regular,282,4-3-2026,Ottawa,5,Montréal,3,shot,1,9:14,554,0,0,,,553,159,,0,201,222,3,FALSE,Quality on net,Default
20252026,Regular,282,4-3-2026,Ottawa,5,Montréal,3,shot,1,9:28,568,0,0,,,94,153,,0,241,48,5,FALSE,Quality on net,Default
20252026,Regular,282,4-3-2026,Ottawa,5,Montréal,3,shot,1,9:30,570,0,0,,,36,128,,0,58,48,5,FALSE,Non quality on net,Default
20252026,Regular,282,4-3-2026,Ottawa,5,Montréal,3,shot,1,10:26,626,0,0,,,519,134,,0,157,222,3,FALSE,Quality on net,Default
20252026,Regular,282,4-3-2026,Ottawa,5,Montréal,3,shot,1,10:29,629,0,0,,,556,128,,0,39,222,3,FALSE,Non quality on net,Default
20252026,Regular,282,4-3-2026,Ottawa,5,Montréal,3,shot,1,10:44,644,0,0,,,509,166,,0,39,222,3,FALSE,Quality on net,Default
20252026,Regular,282,4-3-2026,Ottawa,5,Montréal,3,shot,1,11:11,671,0,0,,,554,114,,0,201,222,3,FALSE,Non quality on net,Default
20252026,Regular,282,4-3-2026,Ottawa,5,Montréal,3,shot,1,11:53,713,0,0,,,91,274,,0,57,48,5,FALSE,Non quality on net,Default
20252026,Regular,282,4-3-2026,Ottawa,5,Montréal,3,shot,1,13:59,839,0,0,,,126,28,,0,288,48,5,FALSE,Non quality on net,Default
20252026,Regular,282,4-3-2026,Ottawa,5,Montréal,3,shot,1,15:38,938,0,0,,,144,119,,0,242,48,5,FALSE,Quality on net,Default
20252026,Regular,282,4-3-2026,Ottawa,5,Montréal,3,shot,1,15:49,949,0,0,,,166,156,,0,58,48,5,FALSE,Non quality on net,Default
20252026,Regular,282,4-3-2026,Ottawa,5,Montréal,3,shot,1,16:18,978,0,0,,,40,167,,0,241,48,5,FALSE,Non quality on net,Default
20252026,Regular,282,4-3-2026,Ottawa,5,Montréal,3,shot,1,17:13,1033,0,0,,,57,157,,0,223,48,5,FALSE,Quality on net,Default
20252026,Regular,282,4-3-2026,Ottawa,5,Montréal,3,shot,1,18:06,1086,0,0,,,452,229,,0,32,222,3,FALSE,Non quality on net,Default
20252026,Regular,282,4-3-2026,Ottawa,5,Montréal,3,shot,1,19:23,1163,0,0,,,546,158,,0,32,222,3,FALSE,Quality on net,Default
20252026,Regular,282,4-3-2026,Ottawa,5,Montréal,3,shot,2,1:42,1302,0,0,,,217,296,,0,241,48,5,FALSE,Non quality on net,Default
20252026,Regular,282,4-3-2026,Ottawa,5,Montréal,3,shot,2,1:46,1306,0,0,,,123,60,,0,240,48,5,FALSE,Non quality on net,Default
20252026,Regular,282,4-3-2026,Ottawa,5,Montréal,3,shot,2,2:40,1360,0,0,,,287,255,,0,192,48,5,FALSE,Non quality on net,Default
20252026,Regular,282,4-3-2026,Ottawa,5,Montréal,3,shot,2,3:15,1395,0,0,,,535,130,,0,39,222,3,FALSE,Quality on net,Default
20252026,Regular,282,4-3-2026,Ottawa,5,Montréal,3,shot,2,3:24,1404,0,0,,,439,56,,0,84,222,3,FALSE,Non quality on net,Default
20252026,Regular,282,4-3-2026,Ottawa,5,Montréal,3,shot,2,3:51,1431,0,0,,,49,153,,0,53,48,5,FALSE,Quality on net,Default
20252026,Regular,282,4-3-2026,Ottawa,5,Montréal,3,shot,2,5:08,1508,0,0,,,76,147,,0,240,48,5,FALSE,Quality on net,Default
20252026,Regular,282,4-3-2026,Ottawa,5,Montréal,3,shot,2,5:53,1553,0,0,,,52,123,,0,286,48,5,FALSE,Quality on net,Default
20252026,Regular,282,4-3-2026,Ottawa,5,Montréal,3,shot,2,5:59,1559,0,0,,,53,124,,0,286,48,5,FALSE,Quality on net,Default
20252026,Regular,282,4-3-2026,Ottawa,5,Montréal,3,shot,2,6:21,1581,0,0,,,531,195,,0,128,222,3,TRUE,Non quality goal,Default
20252026,Regular,282,4-3-2026,Ottawa,5,Montréal,3,shot,2,6:21,1581,0,1,,,66,99,,-1,101,48,5,FALSE,Non quality on net,Default
20252026,Regular,282,4-3-2026,Ottawa,5,Montréal,3,shot,2,6:43,1603,0,1,,,87,195,,-1,58,48,5,FALSE,Quality on net,Default
20252026,Regular,282,4-3-2026,Ottawa,5,Montréal,3,shot,2,6:44,1604,0,1,,,513,73,,1,253,222,3,FALSE,Non quality on net,Default
20252026,Regular,282,4-3-2026,Ottawa,5,Montréal,3,shot,2,8:06,1686,0,1,,,543,213,,1,157,222,3,FALSE,Non quality on net,Default
20252026,Regular,282,4-3-2026,Ottawa,5,Montréal,3,shot,2,9:13,1753,0,1,,,535,177,,1,42,222,3,TRUE,Quality goal,Default
20252026,Regular,282,4-3-2026,Ottawa,5,Montréal,3,shot,2,10:57,1857,0,2,,,204,187,,-2,241,48,5,FALSE,Non quality on net,Default
20252026,Regular,282,4-3-2026,Ottawa,5,Montréal,3,shot,2,11:47,1907,0,2,,,535,222,,2,274,222,3,FALSE,Non quality on net,Default
20252026,Regular,282,4-3-2026,Ottawa,5,Montréal,3,shot,2,14:13,2053,0,2,,,542,143,,2,128,222,3,FALSE,Quality on net,Default
20252026,Regular,282,4-3-2026,Ottawa,5,Montréal,3,shot,2,15:34,2134,0,2,,,49,129,,-2,240,48,5,FALSE,Quality on net,Default
20252026,Regular,282,4-3-2026,Ottawa,5,Montréal,3,shot,2,16:03,2163,0,2,,,558,177,,2,157,222,3,FALSE,Non quality on net,Default
20252026,Regular,282,4-3-2026,Ottawa,5,Montréal,3,shot,2,16:23,2183,0,2,,,539,153,,2,4,222,3,FALSE,Quality on net,Default
20252026,Regular,282,4-3-2026,Ottawa,5,Montréal,3,shot,2,17:06,2226,0,2,,,496,92,,2,84,222,3,FALSE,Quality on net,Default
20252026,Regular,282,4-3-2026,Ottawa,5,Montréal,3,shot,2,17:38,2258,0,2,,,61,257,,-2,53,48,5,FALSE,Non quality on net,Default
20252026,Regular,282,4-3-2026,Ottawa,5,Montréal,3,shot,2,17:51,2271,0,2,,,123,143,,-2,242,48,5,FALSE,Quality on net,Default
20252026,Regular,282,4-3-2026,Ottawa,5,Montréal,3,shot,2,19:02,2342,0,2,,,45,165,,-2,88,48,5,FALSE,Quality on net,Default
20252026,Regular,282,4-3-2026,Ottawa,5,Montréal,3,shot,2,19:53,2393,0,2,,,513,196,,2,199,222,3,FALSE,Quality on net,Default
20252026,Regular,282,4-3-2026,Ottawa,5,Montréal,3,shot,3,1:25,2485,0,2,,,166,27,,-2,72,48,5,FALSE,Non quality on net,Default
20252026,Regular,282,4-3-2026,Ottawa,5,Montréal,3,shot,3,2:31,2551,0,2,,,540,191,,2,274,222,3,FALSE,Non quality on net,Default
20252026,Regular,282,4-3-2026,Ottawa,5,Montréal,3,shot,3,2:39,2559,0,2,,,476,110,,2,128,222,3,FALSE,Quality on net,Default
20252026,Regular,282,4-3-2026,Ottawa,5,Montréal,3,shot,3,3:17,2597,0,2,,,193,17,,-2,288,48,5,FALSE,Non quality on net,Default
20252026,Regular,282,4-3-2026,Ottawa,5,Montréal,3,shot,3,3:25,2605,0,2,,,63,160,,-2,53,48,5,FALSE,Quality on net,Default
20252026,Regular,282,4-3-2026,Ottawa,5,Montréal,3,shot,3,3:35,2615,0,2,,,57,131,,-2,57,48,5,FALSE,Quality on net,Default
20252026,Regular,282,4-3-2026,Ottawa,5,Montréal,3,shot,3,7:12,2832,0,2,,,141,29,,-2,72,48,5,FALSE,Non quality on net,Default
20252026,Regular,282,4-3-2026,Ottawa,5,Montréal,3,shot,3,7:32,2852,0,2,,,32,166,,-2,58,48,5,FALSE,Non quality on net,Default
20252026,Regular,282,4-3-2026,Ottawa,5,Montréal,3,shot,3,7:38,2858,0,2,,,36,163,,-2,72,48,5,FALSE,Non quality on net,Default
20252026,Regular,282,4-3-2026,Ottawa,5,Montréal,3,shot,3,9:46,2986,0,2,,,551,138,,2,4,222,3,FALSE,Quality on net,Default
20252026,Regular,282,4-3-2026,Ottawa,5,Montréal,3,shot,3,11:08,3068,0,2,,,462,27,,2,5,222,3,FALSE,Non quality on net,Default
20252026,Regular,282,4-3-2026,Ottawa,5,Montréal,3,shot,3,13:29,3209,0,2,,,78,95,,-2,72,48,5,FALSE,Quality on net,Default
20252026,Regular,282,4-3-2026,Ottawa,5,Montréal,3,shot,3,13:39,3219,0,2,,,98,249,,-2,241,48,5,FALSE,Non quality on net,Default
20252026,Regular,282,4-3-2026,Ottawa,5,Montréal,3,shot,3,14:41,3281,0,2,,,498,248,,2,201,222,3,FALSE,Non quality on net,Default
20252026,Regular,282,4-3-2026,Ottawa,5,Montréal,3,shot,3,15:07,3307,0,2,,,49,114,,-2,71,48,5,FALSE,Non quality on net,Default
20252026,Regular,282,4-3-2026,Ottawa,5,Montréal,3,shot,3,19:17,3557,0,2,,,526,127,,2,128,0,3,TRUE,Quality goal,Default
20252026,Regular,283,3-11-2026,Seattle,8,Boston,1,shot,1,0:25,25,0,0,,,145,69,,0,36,41,8,FALSE,Non quality on net,Default
20252026,Regular,283,3-11-2026,Seattle,8,Boston,1,shot,1,1:23,83,0,0,,,551,141,,0,185,155,1,FALSE,Quality on net,Default
20252026,Regular,283,3-11-2026,Seattle,8,Boston,1,shot,1,3:24,204,0,0,,,486,231,,0,1,155,1,FALSE,Non quality on net,Wrist
20252026,Regular,283,3-11-2026,Seattle,8,Boston,1,shot,1,4:37,277,0,0,,,421,27,,0,185,155,1,FALSE,Non quality on net,Wrist
20252026,Regular,283,3-11-2026,Seattle,8,Boston,1,shot,1,4:38,278,0,0,,,488,90,,0,17,155,1,FALSE,Quality on net,Wrist
20252026,Regular,283,3-11-2026,Seattle,8,Boston,1,shot,1,4:47,287,0,0,,,492,75,,0,78,155,1,FALSE,Quality on net,Snap
20252026,Regular,283,3-11-2026,Seattle,8,Boston,1,shot,1,7:24,444,0,0,,,121,89,,0,210,41,8,FALSE,Quality on net,Wrist
20252026,Regular,283,3-11-2026,Seattle,8,Boston,1,shot,1,8:45,525,0,0,,,419,71,,0,232,155,1,FALSE,Non quality on net,Wrist
20252026,Regular,283,3-11-2026,Seattle,8,Boston,1,shot,1,10:12,612,0,0,,,79,111,,0,36,41,8,FALSE,Quality on net,Wrist
20252026,Regular,283,3-11-2026,Seattle,8,Boston,1,shot,1,10:43,643,0,0,,,59,209,,0,138,41,8,FALSE,Non quality on net,Wrist
20252026,Regular,283,3-11-2026,Seattle,8,Boston,1,shot,1,12:30,750,0,0,,,523,175,,0,17,155,1,TRUE,Quality goal,Wrist
20252026,Regular,283,3-11-2026,Seattle,8,Boston,1,shot,1,12:59,779,0,1,,,68,169,,-1,196,41,8,FALSE,Quality on net,Backhand
20252026,Regular,283,3-11-2026,Seattle,8,Boston,1,shot,1,13:12,792,0,1,,,156,54,,-1,36,41,8,FALSE,Non quality on net,Wrist
20252026,Regular,283,3-11-2026,Seattle,8,Boston,1,shot,1,13:13,793,0,1,,,55,153,,-1,196,41,8,FALSE,Quality on net,Backhand
20252026,Regular,283,3-11-2026,Seattle,8,Boston,1,shot,1,15:36,936,0,1,,,549,153,,1,78,155,1,FALSE,Quality on net,Tip
20252026,Regular,283,3-11-2026,Seattle,8,Boston,1,shot,1,17:00,1020,0,1,,,459,222,,1,182,155,1,FALSE,Quality on net,Wrist
20252026,Regular,283,3-11-2026,Seattle,8,Boston,1,shot,1,17:05,1025,0,1,,,557,211,,1,15,155,1,FALSE,Non quality on net,Tip
20252026,Regular,283,3-11-2026,Seattle,8,Boston,1,shot,1,17:08,1028,0,1,,,543,190,,1,15,155,1,FALSE,Non quality on net,Wrist
20252026,Regular,283,3-11-2026,Seattle,8,Boston,1,shot,1,18:51,1131,0,1,,,143,220,,-1,203,41,8,FALSE,Quality on net,Wrist
20252026,Regular,283,3-11-2026,Seattle,8,Boston,1,shot,1,19:19,1159,0,1,,,524,155,,1,149,155,1,FALSE,Quality on net,Wrist
20252026,Regular,283,3-11-2026,Seattle,8,Boston,1,shot,1,19:45,1185,0,1,,,461,101,,1,97,155,1,FALSE,Quality on net,Wrist
20252026,Regular,283,3-11-2026,Seattle,8,Boston,1,shot,1,19:54,1194,0,1,,,58,119,,-1,34,41,8,TRUE,Quality goal,Backhand
20252026,Regular,283,3-11-2026,Seattle,8,Boston,1,shot,2,0:25,1225,1,1,,,549,80,,0,1,155,1,FALSE,Non quality on net,Wrist
20252026,Regular,283,3-11-2026,Seattle,8,Boston,1,shot,2,1:22,1282,1,1,,,141,244,,0,142,41,8,FALSE,Non quality on net,Wrist
20252026,Regular,283,3-11-2026,Seattle,8,Boston,1,shot,2,1:38,1298,1,1,,,108,76,,0,224,41,8,FALSE,Quality on net,Snap
20252026,Regular,283,3-11-2026,Seattle,8,Boston,1,shot,2,2:13,1333,1,1,,,172,145,,0,2,41,8,FALSE,Non quality on net,Wrist
20252026,Regular,283,3-11-2026,Seattle,8,Boston,1,shot,2,2:23,1343,1,1,,,243,255,,0,2,41,8,FALSE,Non quality on net,Wrist
20252026,Regular,283,3-11-2026,Seattle,8,Boston,1,shot,2,3:15,1395,1,1,,,535,150,,0,149,155,1,FALSE,Quality on net,Wrist
20252026,Regular,283,3-11-2026,Seattle,8,Boston,1,shot,2,4:45,1485,1,1,,,363,229,,0,182,155,1,FALSE,Non quality on net,Wrist
20252026,Regular,283,3-11-2026,Seattle,8,Boston,1,shot,2,7:29,1649,1,1,,,63,150,,0,237,41,8,FALSE,Quality on net,Wrist
20252026,Regular,283,3-11-2026,Seattle,8,Boston,1,shot,2,7:49,1669,1,1,,,418,250,,0,246,155,1,FALSE,Non quality on net,Snap
20252026,Regular,283,3-11-2026,Seattle,8,Boston,1,shot,2,8:31,1711,1,1,,,101,146,,0,49,41,8,FALSE,Quality on net,Wrist
20252026,Regular,283,3-11-2026,Seattle,8,Boston,1,shot,2,8:41,1721,1,1,,,84,130,,0,34,41,8,FALSE,Quality on net,Tip
20252026,Regular,283,3-11-2026,Seattle,8,Boston,1,shot,2,8:42,1722,1,1,,,40,124,,0,91,41,8,FALSE,Non quality on net,Wrist
20252026,Regular,283,3-11-2026,Seattle,8,Boston,1,shot,2,9:24,1764,1,1,,,65,114,,0,210,41,8,FALSE,Quality on net,Wrist
20252026,Regular,283,3-11-2026,Seattle,8,Boston,1,shot,2,9:45,1785,1,1,,,99,38,,0,34,41,8,FALSE,Non quality on net,Wrist
20252026,Regular,283,3-11-2026,Seattle,8,Boston,1,shot,2,9:55,1795,1,1,,,31,177,,0,36,41,8,FALSE,Non quality on net,Wrist
20252026,Regular,283,3-11-2026,Seattle,8,Boston,1,shot,2,9:57,1797,1,1,,,33,182,,0,36,41,8,FALSE,Non quality on net,Backhand
20252026,Regular,283,3-11-2026,Seattle,8,Boston,1,shot,2,9:58,1798,1,1,,,27,189,,0,36,41,8,FALSE,Non quality on net,Wrist
20252026,Regular,283,3-11-2026,Seattle,8,Boston,1,shot,2,9:59,1799,1,1,,,140,142,,0,196,41,8,FALSE,Quality on net,Wrist
20252026,Regular,283,3-11-2026,Seattle,8,Boston,1,shot,2,10:35,1835,1,1,,,138,102,,0,138,41,8,FALSE,Quality on net,Wrist
20252026,Regular,283,3-11-2026,Seattle,8,Boston,1,shot,2,10:36,1836,1,1,,,53,73,,0,142,41,8,FALSE,Non quality on net,Wrist
20252026,Regular,283,3-11-2026,Seattle,8,Boston,1,shot,2,10:41,1841,1,1,,,116,92,,0,142,41,8,FALSE,Quality on net,Wrist
20252026,Regular,283,3-11-2026,Seattle,8,Boston,1,shot,2,11:09,1869,1,1,,,497,89,,0,8,155,1,FALSE,Quality on net,Wrist
20252026,Regular,283,3-11-2026,Seattle,8,Boston,1,shot,2,11:27,1887,1,1,,,537,165,,0,78,155,1,TRUE,Quality goal,Wrist
20252026,Regular,283,3-11-2026,Seattle,8,Boston,1,shot,2,11:27,1887,1,2,,,516,86,,1,8,155,1,FALSE,Non quality on net,Wrist
20252026,Regular,283,3-11-2026,Seattle,8,Boston,1,shot,2,12:52,1972,1,2,,,201,129,,-1,203,41,8,FALSE,Non quality on net,Wrist
20252026,Regular,283,3-11-2026,Seattle,8,Boston,1,shot,2,15:02,2102,1,2,,,459,70,,1,17,155,1,FALSE,Non quality on net,Wrist
20252026,Regular,283,3-11-2026,Seattle,8,Boston,1,shot,2,15:12,2112,1,2,,,406,38,,1,185,155,1,FALSE,Non quality on net,Wrist
20252026,Regular,283,3-11-2026,Seattle,8,Boston,1,shot,2,17:11,2231,1,2,,,63,66,,-1,138,41,8,FALSE,Non quality on net,Slap
20252026,Regular,283,3-11-2026,Seattle,8,Boston,1,shot,3,1:50,2510,1,2,,,91,165,,-1,34,41,8,FALSE,Quality on net,Wrist
20252026,Regular,283,3-11-2026,Seattle,8,Boston,1,shot,3,2:18,2538,1,2,,,59,168,,-1,34,41,8,FALSE,Quality on net,Tip
20252026,Regular,283,3-11-2026,Seattle,8,Boston,1,shot,3,2:40,2560,1,2,,,141,225,,-1,203,41,8,FALSE,Quality on net,Wrist
20252026,Regular,283,3-11-2026,Seattle,8,Boston,1,shot,3,3:26,2606,1,2,,,487,177,,1,16,155,1,FALSE,Quality on net,Wrist
20252026,Regular,283,3-11-2026,Seattle,8,Boston,1,shot,3,5:13,2713,1,2,,,389,219,,1,12,155,1,FALSE,Non quality on net,Slap
20252026,Regular,283,3-11-2026,Seattle,8,Boston,1,shot,3,6:36,2796,1,2,,,90,224,,-1,138,41,8,FALSE,Non quality on net,Wrist
20252026,Regular,283,3-11-2026,Seattle,8,Boston,1,shot,3,6:43,2803,1,2,,,65,174,,-1,224,41,8,FALSE,Quality on net,Backhand
20252026,Regular,283,3-11-2026,Seattle,8,Boston,1,shot,3,9:06,2946,1,2,,,113,89,,-1,210,41,8,FALSE,Quality on net,Wrist
20252026,Regular,283,3-11-2026,Seattle,8,Boston,1,shot,3,10:19,3019,1,2,,,87,121,,-1,224,41,8,FALSE,Quality on net,Wrist
20252026,Regular,283,3-11-2026,Seattle,8,Boston,1,shot,3,12:59,3179,1,2,,,134,215,,-1,224,41,8,FALSE,Quality on net,Wrist
20252026,Regular,283,3-11-2026,Seattle,8,Boston,1,shot,3,13:51,3231,1,2,,,402,132,,1,12,155,1,FALSE,Non quality on net,Slap
20252026,Regular,283,3-11-2026,Seattle,8,Boston,1,shot,3,14:01,3241,1,2,,,513,111,,1,259,155,1,FALSE,Quality on net,Wrist
20252026,Regular,283,3-11-2026,Seattle,8,Boston,1,shot,3,14:05,3245,1,2,,,486,123,,1,15,155,1,FALSE,Quality on net,Wrist
20252026,Regular,283,3-11-2026,Seattle,8,Boston,1,shot,3,14:47,3287,1,2,,,44,135,,-1,138,41,8,TRUE,Quality goal,Backhand
20252026,Regular,283,3-11-2026,Seattle,8,Boston,1,shot,3,16:14,3374,2,2,,,50,126,,0,224,41,8,TRUE,Quality goal,Wrist
20252026,Regular,284,3-13-2026,Minnesota,2,Seattle,8,shot,1,1:23,83,0,0,,,515,255,,0,224,123,8,FALSE,Non quality on net,Wrist
20252026,Regular,284,3-13-2026,Minnesota,2,Seattle,8,shot,1,2:30,150,0,0,,,62,158,,0,263,155,2,TRUE,Quality goal,Backhand
20252026,Regular,284,3-13-2026,Minnesota,2,Seattle,8,shot,1,2:48,168,1,0,,,213,99,,1,90,155,2,FALSE,Non quality on net,Snap
20252026,Regular,284,3-13-2026,Minnesota,2,Seattle,8,shot,1,4:26,266,1,0,,,81,182,,1,162,155,2,FALSE,Quality on net,Wrist
20252026,Regular,284,3-13-2026,Minnesota,2,Seattle,8,shot,1,5:55,355,1,0,,,399,261,,-1,196,123,8,FALSE,Non quality on net,Snap
20252026,Regular,284,3-13-2026,Minnesota,2,Seattle,8,shot,1,6:40,400,1,0,,,97,153,,1,24,155,2,FALSE,Quality on net,Wrist
20252026,Regular,284,3-13-2026,Minnesota,2,Seattle,8,shot,1,7:33,453,1,0,,,525,153,,-1,224,123,8,FALSE,Quality on net,Backhand
20252026,Regular,284,3-13-2026,Minnesota,2,Seattle,8,shot,1,8:26,506,1,0,,,45,128,,1,25,155,2,FALSE,Non quality on net,Snap
20252026,Regular,284,3-13-2026,Minnesota,2,Seattle,8,shot,1,8:37,517,1,0,,,175,53,,1,90,155,2,FALSE,Non quality on net,Wrist
20252026,Regular,284,3-13-2026,Minnesota,2,Seattle,8,shot,1,12:57,777,1,0,,,46,177,,1,25,155,2,FALSE,Non quality on net,Wrist
20252026,Regular,284,3-13-2026,Minnesota,2,Seattle,8,shot,1,13:37,817,1,0,,,56,94,,1,189,155,2,FALSE,Non quality on net,Backhand
20252026,Regular,284,3-13-2026,Minnesota,2,Seattle,8,shot,1,14:01,841,1,0,,,84,141,,1,191,155,2,FALSE,Quality on net,Snap
20252026,Regular,284,3-13-2026,Minnesota,2,Seattle,8,shot,1,14:51,891,1,0,,,483,145,,-1,34,123,8,FALSE,Quality on net,Slap
20252026,Regular,284,3-13-2026,Minnesota,2,Seattle,8,shot,1,15:41,941,1,0,,,395,216,,-1,99,123,8,FALSE,Non quality on net,Wrist
20252026,Regular,284,3-13-2026,Minnesota,2,Seattle,8,shot,1,16:07,967,1,0,,,64,171,,1,167,155,2,FALSE,Quality on net,Backhand
20252026,Regular,284,3-13-2026,Minnesota,2,Seattle,8,shot,1,17:28,1048,1,0,,,83,148,,1,247,155,2,TRUE,Quality goal,Wrist
20252026,Regular,284,3-13-2026,Minnesota,2,Seattle,8,shot,1,18:49,1129,2,0,,,463,266,,-2,196,123,8,FALSE,Non quality on net,Wrist
20252026,Regular,284,3-13-2026,Minnesota,2,Seattle,8,shot,1,19:08,1148,2,0,,,164,249,,2,24,155,2,FALSE,Non quality on net,Wrist
20252026,Regular,284,3-13-2026,Minnesota,2,Seattle,8,shot,2,0:55,1255,2,0,,,91,96,,2,189,155,2,FALSE,Quality on net,Snap
20252026,Regular,284,3-13-2026,Minnesota,2,Seattle,8,shot,2,2:40,1360,2,0,,,69,148,,2,263,155,2,FALSE,Quality on net,Snap
20252026,Regular,284,3-13-2026,Minnesota,2,Seattle,8,shot,2,3:42,1422,2,0,,,131,120,,2,24,155,2,FALSE,Quality on net,Wrist
20252026,Regular,284,3-13-2026,Minnesota,2,Seattle,8,shot,2,4:31,1471,2,0,,,99,182,,2,269,155,2,FALSE,Quality on net,Wrist
20252026,Regular,284,3-13-2026,Minnesota,2,Seattle,8,shot,2,6:56,1616,2,0,,,120,173,,2,189,155,2,FALSE,Quality on net,Wrist
20252026,Regular,284,3-13-2026,Minnesota,2,Seattle,8,shot,2,8:08,1688,2,0,,,131,164,,2,247,155,2,FALSE,Quality on net,Slap
20252026,Regular,284,3-13-2026,Minnesota,2,Seattle,8,shot,2,9:35,1775,2,0,,,392,115,,-2,210,123,8,FALSE,Non quality on net,Wrist
20252026,Regular,284,3-13-2026,Minnesota,2,Seattle,8,shot,2,9:42,1782,2,0,,,542,176,,-2,142,123,8,FALSE,Quality on net,Wrist
20252026,Regular,284,3-13-2026,Minnesota,2,Seattle,8,shot,2,9:54,1794,2,0,,,512,126,,-2,138,123,8,FALSE,Quality on net,Snap
20252026,Regular,284,3-13-2026,Minnesota,2,Seattle,8,shot,2,10:33,1833,2,0,,,531,119,,-2,203,123,8,FALSE,Quality on net,Wrist
20252026,Regular,284,3-13-2026,Minnesota,2,Seattle,8,shot,2,14:51,2091,2,0,,,536,163,,-2,36,123,8,FALSE,Quality on net,Backhand
20252026,Regular,284,3-13-2026,Minnesota,2,Seattle,8,shot,2,15:22,2122,2,0,,,81,177,,2,190,155,2,TRUE,Quality goal,Wrist
20252026,Regular,284,3-13-2026,Minnesota,2,Seattle,8,shot,2,17:36,2256,3,0,,,132,243,,3,21,155,2,FALSE,Non quality on net,Wrist
20252026,Regular,284,3-13-2026,Minnesota,2,Seattle,8,shot,2,17:37,2257,3,0,,,50,169,,3,104,155,2,FALSE,Quality on net,Tip
20252026,Regular,284,3-13-2026,Minnesota,2,Seattle,8,shot,2,17:57,2277,3,0,,,207,50,,3,90,155,2,FALSE,Non quality on net,Wrist
20252026,Regular,284,3-13-2026,Minnesota,2,Seattle,8,shot,2,18:46,2326,3,0,,,61,138,,3,23,155,2,FALSE,Quality on net,Wrist
20252026,Regular,284,3-13-2026,Minnesota,2,Seattle,8,shot,3,0:28,2428,3,0,,,430,42,,-3,62,123,8,FALSE,Non quality on net,Wrist
20252026,Regular,284,3-13-2026,Minnesota,2,Seattle,8,shot,3,1:07,2467,3,0,,,475,116,,-3,34,123,8,FALSE,Quality on net,Snap
20252026,Regular,284,3-13-2026,Minnesota,2,Seattle,8,shot,3,4:05,2645,3,0,,,531,126,,-3,295,123,8,FALSE,Quality on net,Snap
20252026,Regular,284,3-13-2026,Minnesota,2,Seattle,8,shot,3,5:26,2726,3,0,,,158,98,,3,21,155,2,FALSE,Non quality on net,Slap
20252026,Regular,284,3-13-2026,Minnesota,2,Seattle,8,shot,3,5:52,2752,3,0,,,524,212,,-3,142,123,8,FALSE,Non quality on net,Snap
20252026,Regular,284,3-13-2026,Minnesota,2,Seattle,8,shot,3,6:19,2779,3,0,,,117,244,,3,263,155,2,FALSE,Non quality on net,Wrist
20252026,Regular,284,3-13-2026,Minnesota,2,Seattle,8,shot,3,7:00,2820,3,0,,,467,223,,-3,34,123,8,FALSE,Quality on net,Wrist
20252026,Regular,284,3-13-2026,Minnesota,2,Seattle,8,shot,3,8:18,2898,3,0,,,542,129,,-3,224,123,8,FALSE,Quality on net,Backhand
20252026,Regular,284,3-13-2026,Minnesota,2,Seattle,8,shot,3,8:19,2899,3,0,,,521,165,,-3,49,123,8,TRUE,Quality goal,Tip
20252026,Regular,284,3-13-2026,Minnesota,2,Seattle,8,shot,3,8:47,2927,3,1,,,555,93,,-2,210,123,8,FALSE,Non quality on net,Wrist
20252026,Regular,284,3-13-2026,Minnesota,2,Seattle,8,shot,3,9:18,2958,3,1,,,48,129,,2,247,155,2,FALSE,Quality on net,Wrist
20252026,Regular,284,3-13-2026,Minnesota,2,Seattle,8,shot,3,11:10,3070,3,1,,,29,86,,-2,2,123,8,FALSE,Non quality on net,Snap
20252026,Regular,284,3-13-2026,Minnesota,2,Seattle,8,shot,3,11:45,3105,3,1,,,58,169,,2,191,155,2,FALSE,Quality on net,Snap
20252026,Regular,284,3-13-2026,Minnesota,2,Seattle,8,shot,3,12:25,3145,3,1,,,135,229,,2,24,155,2,FALSE,Non quality on net,Snap
20252026,Regular,284,3-13-2026,Minnesota,2,Seattle,8,shot,3,13:34,3214,3,1,,,404,200,,-2,203,123,8,FALSE,Non quality on net,Wrist
20252026,Regular,284,3-13-2026,Minnesota,2,Seattle,8,shot,3,13:44,3224,3,1,,,65,127,,2,25,155,2,FALSE,Quality on net,Tip
20252026,Regular,284,3-13-2026,Minnesota,2,Seattle,8,shot,3,14:04,3244,3,1,,,471,155,,-2,295,123,8,FALSE,Quality on net,Snap
20252026,Regular,284,3-13-2026,Minnesota,2,Seattle,8,shot,3,15:35,3335,3,1,,,97,201,,2,162,155,2,FALSE,Quality on net,Wrist
20252026,Regular,284,3-13-2026,Minnesota,2,Seattle,8,shot,3,16:37,3397,3,1,,,423,148,,-2,291,123,8,FALSE,Non quality on net,Wrist
20252026,Regular,284,3-13-2026,Minnesota,2,Seattle,8,shot,3,16:38,3398,3,1,,,555,112,,-2,36,123,8,FALSE,Non quality on net,Backhand
20252026,Regular,284,3-13-2026,Minnesota,2,Seattle,8,shot,3,17:35,3455,3,1,,,532,155,,-2,224,123,8,FALSE,Quality on net,Wrist
20252026,Regular,284,3-13-2026,Minnesota,2,Seattle,8,shot,3,18:07,3487,3,1,,,384,117,,-2,62,123,8,FALSE,Non quality on net,Snap
20252026,Regular,284,3-13-2026,Minnesota,2,Seattle,8,shot,3,19:13,3553,3,1,,,165,146,,2,21,0,2,TRUE,Non quality goal,Wrist
20252026,Regular,284,3-13-2026,Minnesota,2,Seattle,8,shot,3,19:22,3562,4,1,,,528,61,,-3,293,123,8,FALSE,Non quality on net,Backhand
20252026,Regular,284,3-13-2026,Minnesota,2,Seattle,8,shot,3,19:29,3569,4,1,,,407,64,,-3,2,123,8,FALSE,Non quality on net,Wrist
20252026,Regular,284,3-13-2026,Minnesota,2,Seattle,8,shot,3,19:36,3576,4,1,,,391,256,,-3,293,123,8,FALSE,Non quality on net,Wrist
20252026,Regular,285,3-14-2026,Vancouver,9,Ottawa,5,shot,1,0:25,25,0,0,,,163,232,,0,221,222,9,FALSE,Non quality on net,Wrist
20252026,Regular,285,3-14-2026,Vancouver,9,Ottawa,5,shot,1,0:41,41,0,0,,,196,21,,0,75,222,9,FALSE,Non quality on net,Wrist
20252026,Regular,285,3-14-2026,Vancouver,9,Ottawa,5,shot,1,0:47,47,0,0,,,69,184,,0,75,222,9,FALSE,Quality on net,Tip
20252026,Regular,285,3-14-2026,Vancouver,9,Ottawa,5,shot,1,1:12,72,0,0,,,106,153,,0,75,222,9,FALSE,Quality on net,Wrist
20252026,Regular,285,3-14-2026,Vancouver,9,Ottawa,5,shot,1,7:52,472,0,0,,,441,236,,0,72,64,5,FALSE,Non quality on net,Default
20252026,Regular,285,3-14-2026,Vancouver,9,Ottawa,5,shot,1,8:06,486,0,0,,,567,183,,0,38,64,5,FALSE,Non quality on net,Default
20252026,Regular,285,3-14-2026,Vancouver,9,Ottawa,5,shot,1,8:07,487,0,0,,,548,179,,0,38,64,5,FALSE,Quality on net,Default
20252026,Regular,285,3-14-2026,Vancouver,9,Ottawa,5,shot,1,10:21,621,0,0,,,129,215,,0,89,222,9,FALSE,Quality on net,Wrist
20252026,Regular,285,3-14-2026,Vancouver,9,Ottawa,5,shot,1,10:22,622,0,0,,,87,163,,0,129,222,9,FALSE,Quality on net,Default
20252026,Regular,285,3-14-2026,Vancouver,9,Ottawa,5,shot,1,10:30,630,0,0,,,40,179,,0,180,222,9,FALSE,Non quality on net,Wrist
20252026,Regular,285,3-14-2026,Vancouver,9,Ottawa,5,shot,1,11:43,703,0,0,,,133,192,,0,89,222,9,FALSE,Quality on net,Wrist
20252026,Regular,285,3-14-2026,Vancouver,9,Ottawa,5,shot,1,13:32,812,0,0,,,117,207,,0,161,222,9,FALSE,Quality on net,Snap
20252026,Regular,285,3-14-2026,Vancouver,9,Ottawa,5,shot,1,16:37,997,0,0,,,215,167,,0,305,222,9,FALSE,Non quality on net,Wrist
20252026,Regular,285,3-14-2026,Vancouver,9,Ottawa,5,shot,1,17:44,1064,0,0,,,183,230,,0,129,222,9,FALSE,Non quality on net,Wrist
20252026,Regular,285,3-14-2026,Vancouver,9,Ottawa,5,shot,1,19:38,1178,0,0,,,212,142,,0,252,222,9,FALSE,Non quality on net,Slap
20252026,Regular,285,3-14-2026,Vancouver,9,Ottawa,5,shot,2,1:41,1301,0,0,,,525,95,,0,240,64,5,FALSE,Non quality on net,Wrist
20252026,Regular,285,3-14-2026,Vancouver,9,Ottawa,5,shot,2,4:05,1445,0,0,,,289,125,,0,11,222,9,FALSE,Non quality on net,Wrist
20252026,Regular,285,3-14-2026,Vancouver,9,Ottawa,5,shot,2,6:06,1566,0,0,,,64,288,,0,89,222,9,FALSE,Non quality on net,Default
20252026,Regular,285,3-14-2026,Vancouver,9,Ottawa,5,shot,2,6:29,1589,0,0,,,81,112,,0,75,222,9,FALSE,Quality on net,Wrist
20252026,Regular,285,3-14-2026,Vancouver,9,Ottawa,5,shot,2,7:10,1630,0,0,,,99,11,,0,114,222,9,FALSE,Non quality on net,Wrist
20252026,Regular,285,3-14-2026,Vancouver,9,Ottawa,5,shot,2,7:42,1662,0,0,,,110,285,,0,252,222,9,FALSE,Non quality on net,Default
20252026,Regular,285,3-14-2026,Vancouver,9,Ottawa,5,shot,2,9:01,1741,0,0,,,431,273,,0,115,64,5,FALSE,Non quality on net,Wrist
20252026,Regular,285,3-14-2026,Vancouver,9,Ottawa,5,shot,2,9:25,1765,0,0,,,464,91,,0,53,64,5,FALSE,Quality on net,Wrist
20252026,Regular,285,3-14-2026,Vancouver,9,Ottawa,5,shot,2,10:27,1827,0,0,,,393,261,,0,242,64,5,FALSE,Non quality on net,Wrist
20252026,Regular,285,3-14-2026,Vancouver,9,Ottawa,5,shot,2,10:58,1858,0,0,,,57,207,,0,75,222,9,FALSE,Non quality on net,Wrist
20252026,Regular,285,3-14-2026,Vancouver,9,Ottawa,5,shot,2,12:48,1968,0,0,,,69,117,,0,161,222,9,FALSE,Quality on net,Backhand
20252026,Regular,285,3-14-2026,Vancouver,9,Ottawa,5,shot,2,13:33,2013,0,0,,,50,126,,0,252,222,9,FALSE,Quality on net,Wrist
20252026,Regular,285,3-14-2026,Vancouver,9,Ottawa,5,shot,2,19:05,2345,0,0,,,117,69,,0,198,222,9,FALSE,Non quality on net,Snap
20252026,Regular,285,3-14-2026,Vancouver,9,Ottawa,5,shot,2,19:25,2365,0,0,,,537,201,,0,240,64,5,TRUE,Non quality goal,Wrist
20252026,Regular,285,3-14-2026,Vancouver,9,Ottawa,5,shot,3,1:17,2477,0,1,,,514,146,,1,58,64,5,FALSE,Quality on net,Wrist
20252026,Regular,285,3-14-2026,Vancouver,9,Ottawa,5,shot,3,1:35,2495,0,1,,,316,17,,1,118,64,5,FALSE,Non quality on net,Wrist
20252026,Regular,285,3-14-2026,Vancouver,9,Ottawa,5,shot,3,2:22,2542,0,1,,,555,87,,1,217,64,5,FALSE,Non quality on net,Wrist
20252026,Regular,285,3-14-2026,Vancouver,9,Ottawa,5,shot,3,3:11,2591,0,1,,,99,113,,-1,11,222,9,FALSE,Quality on net,Wrist
20252026,Regular,285,3-14-2026,Vancouver,9,Ottawa,5,shot,3,3:43,2623,0,1,,,107,188,,-1,89,222,9,FALSE,Quality on net,Wrist
20252026,Regular,285,3-14-2026,Vancouver,9,Ottawa,5,shot,3,4:33,2673,0,1,,,390,106,,1,223,64,5,FALSE,Non quality on net,Wrist
20252026,Regular,285,3-14-2026,Vancouver,9,Ottawa,5,shot,3,5:25,2725,0,1,,,470,93,,1,58,64,5,FALSE,Quality on net,Wrist
20252026,Regular,285,3-14-2026,Vancouver,9,Ottawa,5,shot,3,6:59,2819,0,1,,,59,145,,-1,220,222,9,FALSE,Quality on net,Tip
20252026,Regular,285,3-14-2026,Vancouver,9,Ottawa,5,shot,3,7:46,2866,0,1,,,99,201,,-1,75,222,9,FALSE,Quality on net,Wrist
20252026,Regular,285,3-14-2026,Vancouver,9,Ottawa,5,shot,3,8:53,2933,0,1,,,170,42,,-1,221,222,9,FALSE,Non quality on net,Wrist
20252026,Regular,285,3-14-2026,Vancouver,9,Ottawa,5,shot,3,9:00,2940,0,1,,,85,87,,-1,169,222,9,FALSE,Non quality on net,Backhand
20252026,Regular,285,3-14-2026,Vancouver,9,Ottawa,5,shot,3,9:50,2990,0,1,,,99,129,,-1,75,222,9,TRUE,Quality goal,Wrist
20252026,Regular,285,3-14-2026,Vancouver,9,Ottawa,5,shot,3,10:24,3024,1,1,,,387,268,,0,72,64,5,FALSE,Non quality on net,Wrist
20252026,Regular,285,3-14-2026,Vancouver,9,Ottawa,5,shot,3,12:29,3149,1,1,,,62,63,,0,305,222,9,FALSE,Non quality on net,Wrist
20252026,Regular,285,3-14-2026,Vancouver,9,Ottawa,5,shot,3,12:38,3158,1,1,,,74,106,,0,221,222,9,FALSE,Quality on net,Backhand
20252026,Regular,285,3-14-2026,Vancouver,9,Ottawa,5,shot,3,14:06,3246,1,1,,,150,78,,0,198,222,9,FALSE,Non quality on net,Wrist
20252026,Regular,285,3-14-2026,Vancouver,9,Ottawa,5,shot,3,14:38,3278,1,1,,,140,177,,0,11,222,9,TRUE,Quality goal,Default
20252026,Regular,285,3-14-2026,Vancouver,9,Ottawa,5,shot,3,15:28,3328,2,1,,,579,255,,-1,72,64,5,FALSE,Non quality on net,Wrist
20252026,Regular,285,3-14-2026,Vancouver,9,Ottawa,5,shot,3,18:13,3493,2,1,,,95,119,,1,221,222,9,FALSE,Quality on net,Wrist
20252026,Regular,285,3-14-2026,Vancouver,9,Ottawa,5,shot,3,19:06,3546,2,1,,,468,93,,-1,241,64,5,TRUE,Quality goal,Default
20252026,Regular,285,3-14-2026,Vancouver,9,Ottawa,5,shot,4,1:16,3676,2,2,,,177,155,,0,89,222,9,FALSE,Non quality on net,Wrist
20252026,Regular,285,3-14-2026,Vancouver,9,Ottawa,5,shot,4,1:23,3683,2,2,,,154,93,,0,161,222,9,FALSE,Non quality on net,Slap
20252026,Regular,285,3-14-2026,Vancouver,9,Ottawa,5,shot,4,2:31,3751,2,2,,,108,152,,0,169,222,9,FALSE,Quality on net,Backhand
20252026,Regular,285,3-14-2026,Vancouver,9,Ottawa,5,shot,4,2:59,3779,2,2,,,470,114,,0,72,64,5,TRUE,Quality goal,Default
20252026,Regular,286,3-15-2026,Montréal,3,Boston,1,shot,1,0:35,35,0,0,,,425,236,,0,246,28,1,FALSE,Non quality on net,Wrist
20252026,Regular,286,3-15-2026,Montréal,3,Boston,1,shot,1,2:20,140,0,0,,,99,260,,0,201,6,3,FALSE,Non quality on net,Wrist
20252026,Regular,286,3-15-2026,Montréal,3,Boston,1,shot,1,2:58,178,0,0,,,420,109,,0,185,28,1,FALSE,Non quality on net,Wrist
20252026,Regular,286,3-15-2026,Montréal,3,Boston,1,shot,1,4:55,295,0,0,,,87,171,,0,274,6,3,FALSE,Quality on net,Tip
20252026,Regular,286,3-15-2026,Montréal,3,Boston,1,shot,1,5:10,310,0,0,,,168,115,,0,5,6,3,FALSE,Non quality on net,Wrist
20252026,Regular,286,3-15-2026,Montréal,3,Boston,1,shot,1,6:15,375,0,0,,,420,142,,0,246,28,1,FALSE,Non quality on net,Wrist
20252026,Regular,286,3-15-2026,Montréal,3,Boston,1,shot,1,6:47,407,0,0,,,532,108,,0,243,28,1,FALSE,Quality on net,Snap
20252026,Regular,286,3-15-2026,Montréal,3,Boston,1,shot,1,7:20,440,0,0,,,128,119,,0,32,6,3,FALSE,Quality on net,Wrist
20252026,Regular,286,3-15-2026,Montréal,3,Boston,1,shot,1,7:22,442,0,0,,,63,192,,0,253,6,3,FALSE,Non quality on net,Wrist
20252026,Regular,286,3-15-2026,Montréal,3,Boston,1,shot,1,10:24,624,0,0,,,193,143,,0,274,6,3,FALSE,Non quality on net,Wrist
20252026,Regular,286,3-15-2026,Montréal,3,Boston,1,shot,1,11:27,687,0,0,,,82,84,,0,98,6,3,FALSE,Non quality on net,Wrist
20252026,Regular,286,3-15-2026,Montréal,3,Boston,1,shot,1,12:49,769,0,0,,,271,236,,0,5,6,3,FALSE,Non quality on net,Wrist
20252026,Regular,286,3-15-2026,Montréal,3,Boston,1,shot,1,13:04,784,0,0,,,412,281,,0,246,28,1,FALSE,Non quality on net,Wrist
20252026,Regular,286,3-15-2026,Montréal,3,Boston,1,shot,1,13:16,796,0,0,,,161,100,,0,42,6,3,FALSE,Non quality on net,Wrist
20252026,Regular,286,3-15-2026,Montréal,3,Boston,1,shot,1,14:50,890,0,0,,,183,147,,0,31,6,3,TRUE,Non quality goal,Tip
20252026,Regular,286,3-15-2026,Montréal,3,Boston,1,shot,1,15:46,946,1,0,,,408,78,,-1,149,28,1,FALSE,Non quality on net,Slap
20252026,Regular,286,3-15-2026,Montréal,3,Boston,1,shot,1,16:24,984,1,0,,,189,58,,1,32,6,3,FALSE,Non quality on net,Slap
20252026,Regular,286,3-15-2026,Montréal,3,Boston,1,shot,1,16:27,987,1,0,,,195,85,,1,253,6,3,FALSE,Non quality on net,Wrist
20252026,Regular,286,3-15-2026,Montréal,3,Boston,1,shot,1,17:00,1020,1,0,,,156,96,,1,84,6,3,TRUE,Non quality goal,Slap
20252026,Regular,286,3-15-2026,Montréal,3,Boston,1,shot,1,17:34,1054,2,0,,,209,280,,2,5,6,3,FALSE,Non quality on net,Wrist
20252026,Regular,286,3-15-2026,Montréal,3,Boston,1,shot,2,2:28,1348,2,0,,,77,217,,2,35,6,3,FALSE,Non quality on net,Backhand
20252026,Regular,286,3-15-2026,Montréal,3,Boston,1,shot,2,4:47,1487,2,0,,,476,233,,-2,15,28,1,FALSE,Non quality on net,Wrist
20252026,Regular,286,3-15-2026,Montréal,3,Boston,1,shot,2,6:50,1610,2,0,,,421,191,,-2,255,28,1,FALSE,Non quality on net,Snap
20252026,Regular,286,3-15-2026,Montréal,3,Boston,1,shot,2,7:08,1628,2,0,,,423,160,,-2,246,28,1,FALSE,Non quality on net,Wrist
20252026,Regular,286,3-15-2026,Montréal,3,Boston,1,shot,2,7:10,1630,2,0,,,549,131,,-2,212,28,1,FALSE,Quality on net,Wrist
20252026,Regular,286,3-15-2026,Montréal,3,Boston,1,shot,2,7:34,1654,2,0,,,481,175,,-2,15,28,1,FALSE,Quality on net,Snap
20252026,Regular,286,3-15-2026,Montréal,3,Boston,1,shot,2,9:44,1784,2,0,,,290,13,,-2,16,28,1,FALSE,Non quality on net,Wrist
20252026,Regular,286,3-15-2026,Montréal,3,Boston,1,shot,2,10:09,1809,2,0,,,99,35,,2,42,6,3,FALSE,Non quality on net,Wrist
20252026,Regular,286,3-15-2026,Montréal,3,Boston,1,shot,2,10:12,1812,2,0,,,58,276,,2,84,6,3,FALSE,Non quality on net,Wrist
20252026,Regular,286,3-15-2026,Montréal,3,Boston,1,shot,2,12:00,1920,2,0,,,242,220,,2,39,6,3,FALSE,Non quality on net,Wrist
20252026,Regular,286,3-15-2026,Montréal,3,Boston,1,shot,2,12:01,1921,2,0,,,58,130,,2,128,6,3,FALSE,Quality on net,Wrist
20252026,Regular,286,3-15-2026,Montréal,3,Boston,1,shot,2,12:24,1944,2,0,,,132,236,,2,5,6,3,FALSE,Non quality on net,Wrist
20252026,Regular,286,3-15-2026,Montréal,3,Boston,1,shot,2,13:25,2005,2,0,,,79,150,,2,42,6,3,FALSE,Quality on net,Tip
20252026,Regular,286,3-15-2026,Montréal,3,Boston,1,shot,2,13:26,2006,2,0,,,47,153,,2,42,6,3,FALSE,Quality on net,Backhand
20252026,Regular,286,3-15-2026,Montréal,3,Boston,1,shot,2,13:27,2007,2,0,,,75,160,,2,32,6,3,FALSE,Quality on net,Backhand
20252026,Regular,286,3-15-2026,Montréal,3,Boston,1,shot,2,16:58,2218,2,0,,,87,159,,2,42,6,3,TRUE,Quality goal,Wrist
20252026,Regular,286,3-15-2026,Montréal,3,Boston,1,shot,2,19:38,2378,3,0,,,123,21,,3,51,6,3,FALSE,Non quality on net,Snap
20252026,Regular,286,3-15-2026,Montréal,3,Boston,1,shot,3,1:25,2485,3,0,,,341,27,,-3,255,28,1,FALSE,Non quality on net,Wrist
20252026,Regular,286,3-15-2026,Montréal,3,Boston,1,shot,3,1:39,2499,3,0,,,58,131,,3,35,6,3,FALSE,Quality on net,Snap
20252026,Regular,286,3-15-2026,Montréal,3,Boston,1,shot,3,3:27,2607,3,0,,,272,218,,3,253,6,3,FALSE,Non quality on net,Wrist
20252026,Regular,286,3-15-2026,Montréal,3,Boston,1,shot,3,4:10,2650,3,0,,,526,161,,-3,149,28,1,FALSE,Quality on net,Tip
20252026,Regular,286,3-15-2026,Montréal,3,Boston,1,shot,3,6:00,2760,3,0,,,531,170,,-3,12,28,1,FALSE,Quality on net,Wrist
20252026,Regular,286,3-15-2026,Montréal,3,Boston,1,shot,3,6:01,2761,3,0,,,538,136,,-3,8,28,1,TRUE,Quality goal,Wrist
20252026,Regular,286,3-15-2026,Montréal,3,Boston,1,shot,3,8:45,2925,3,1,,,495,63,,-2,8,28,1,FALSE,Non quality on net,Wrist
20252026,Regular,286,3-15-2026,Montréal,3,Boston,1,shot,3,9:49,2989,3,1,,,59,163,,2,42,6,3,FALSE,Quality on net,Wrist
20252026,Regular,286,3-15-2026,Montréal,3,Boston,1,shot,3,10:45,3045,3,1,,,550,136,,-2,78,28,1,FALSE,Quality on net,Wrist
20252026,Regular,286,3-15-2026,Montréal,3,Boston,1,shot,3,10:57,3057,3,1,,,512,137,,-2,16,28,1,FALSE,Quality on net,Tip
20252026,Regular,286,3-15-2026,Montréal,3,Boston,1,shot,3,12:26,3146,3,1,,,489,145,,-2,17,28,1,FALSE,Quality on net,Tip
20252026,Regular,286,3-15-2026,Montréal,3,Boston,1,shot,3,16:09,3369,3,1,,,439,231,,-2,12,28,1,FALSE,Non quality on net,Slap
20252026,Regular,286,3-15-2026,Montréal,3,Boston,1,shot,3,16:39,3399,3,1,,,449,93,,-2,246,28,1,FALSE,Non quality on net,Wrist
20252026,Regular,286,3-15-2026,Montréal,3,Boston,1,shot,3,17:26,3446,3,1,,,422,241,,-2,12,28,1,TRUE,Non quality goal,Slap
20252026,Regular,286,3-15-2026,Montréal,3,Boston,1,shot,3,19:45,3585,3,2,,,533,121,,-1,78,28,1,TRUE,Quality goal,Snap
20252026,Regular,286,3-15-2026,Montréal,3,Boston,1,shot,4,0:18,3618,3,3,,,64,150,,0,32,6,3,FALSE,Quality on net,Wrist
20252026,Regular,286,3-15-2026,Montréal,3,Boston,1,shot,4,0:45,3645,3,3,,,522,69,,0,78,28,1,FALSE,Non quality on net,Wrist
20252026,Regular,286,3-15-2026,Montréal,3,Boston,1,shot,4,1:16,3676,3,3,,,99,218,,0,35,6,3,FALSE,Quality on net,Wrist
20252026,Regular,286,3-15-2026,Montréal,3,Boston,1,shot,4,1:33,3693,3,3,,,481,118,,0,243,28,1,TRUE,Quality goal,Wrist
20252026,Regular,287,3-15-2026,Toronto,6,Seattle,8,shot,1,1:44,104,0,0,,,313,27,,0,62,211,8,FALSE,Non quality on net,Snap
20252026,Regular,287,3-15-2026,Toronto,6,Seattle,8,shot,1,3:48,228,0,0,,,417,254,,0,203,211,8,FALSE,Non quality on net,Wrist
20252026,Regular,287,3-15-2026,Toronto,6,Seattle,8,shot,1,4:00,240,0,0,,,60,189,,0,76,250,6,TRUE,Non quality goal,Wrist
20252026,Regular,287,3-15-2026,Toronto,6,Seattle,8,shot,1,4:12,252,1,0,,,238,265,,1,44,250,6,FALSE,Non quality on net,Snap
20252026,Regular,287,3-15-2026,Toronto,6,Seattle,8,shot,1,5:54,354,1,0,,,391,81,,-1,91,211,8,FALSE,Non quality on net,Wrist
20252026,Regular,287,3-15-2026,Toronto,6,Seattle,8,shot,1,7:04,424,1,0,,,477,166,,-1,295,211,8,FALSE,Quality on net,Wrist
20252026,Regular,287,3-15-2026,Toronto,6,Seattle,8,shot,1,7:57,477,1,0,,,449,171,,-1,34,211,8,FALSE,Non quality on net,Backhand
20252026,Regular,287,3-15-2026,Toronto,6,Seattle,8,shot,1,10:12,612,1,0,,,183,201,,1,244,250,6,FALSE,Non quality on net,Snap
20252026,Regular,287,3-15-2026,Toronto,6,Seattle,8,shot,1,12:26,746,1,0,,,47,111,,1,66,250,6,FALSE,Non quality on net,Wrist
20252026,Regular,287,3-15-2026,Toronto,6,Seattle,8,shot,1,14:55,895,1,0,,,185,76,,1,67,250,6,FALSE,Non quality on net,Default
20252026,Regular,287,3-15-2026,Toronto,6,Seattle,8,shot,1,16:20,980,1,0,,,205,213,,1,68,250,6,FALSE,Non quality on net,Slap
20252026,Regular,287,3-15-2026,Toronto,6,Seattle,8,shot,1,17:53,1073,1,0,,,403,83,,-1,208,211,8,FALSE,Non quality on net,Snap
20252026,Regular,287,3-15-2026,Toronto,6,Seattle,8,shot,1,17:53,1073,1,0,,,542,114,,-1,142,211,8,FALSE,Non quality on net,Default
20252026,Regular,287,3-15-2026,Toronto,6,Seattle,8,shot,2,0:43,1243,1,0,,,147,179,,1,76,250,6,FALSE,Non quality on net,Wrist
20252026,Regular,287,3-15-2026,Toronto,6,Seattle,8,shot,2,2:22,1342,1,0,,,147,106,,1,44,250,6,FALSE,Non quality on net,Wrist
20252026,Regular,287,3-15-2026,Toronto,6,Seattle,8,shot,2,2:29,1349,1,0,,,162,54,,1,244,250,6,FALSE,Non quality on net,Tip
20252026,Regular,287,3-15-2026,Toronto,6,Seattle,8,shot,2,4:50,1490,1,0,,,135,34,,1,68,250,6,FALSE,Non quality on net,Wrist
20252026,Regular,287,3-15-2026,Toronto,6,Seattle,8,shot,2,5:18,1518,1,0,,,471,81,,-1,34,211,8,FALSE,Quality on net,Wrist
20252026,Regular,287,3-15-2026,Toronto,6,Seattle,8,shot,2,6:11,1571,1,0,,,551,217,,-1,224,211,8,FALSE,Non quality on net,Slap
20252026,Regular,287,3-15-2026,Toronto,6,Seattle,8,shot,2,6:53,1613,1,0,,,33,182,,1,68,250,6,FALSE,Non quality on net,Wrist
20252026,Regular,287,3-15-2026,Toronto,6,Seattle,8,shot,2,7:39,1659,1,0,,,177,225,,1,44,250,6,FALSE,Non quality on net,Slap
20252026,Regular,287,3-15-2026,Toronto,6,Seattle,8,shot,2,10:07,1807,1,0,,,507,201,,-1,210,211,8,FALSE,Quality on net,Backhand
20252026,Regular,287,3-15-2026,Toronto,6,Seattle,8,shot,2,10:08,1808,1,0,,,542,153,,-1,36,211,8,FALSE,Quality on net,Default
20252026,Regular,287,3-15-2026,Toronto,6,Seattle,8,shot,2,10:36,1836,1,0,,,115,59,,1,86,250,6,FALSE,Non quality on net,Wrist
20252026,Regular,287,3-15-2026,Toronto,6,Seattle,8,shot,2,11:33,1893,1,0,,,546,132,,-1,224,211,8,FALSE,Quality on net,Tip
20252026,Regular,287,3-15-2026,Toronto,6,Seattle,8,shot,2,11:53,1913,1,0,,,466,41,,-1,224,211,8,FALSE,Non quality on net,Slap
20252026,Regular,287,3-15-2026,Toronto,6,Seattle,8,shot,2,12:01,1921,1,0,,,437,207,,-1,196,211,8,FALSE,Non quality on net,Wrist
20252026,Regular,287,3-15-2026,Toronto,6,Seattle,8,shot,2,12:11,1931,1,0,,,543,119,,-1,224,211,8,FALSE,Quality on net,Backhand
20252026,Regular,287,3-15-2026,Toronto,6,Seattle,8,shot,2,15:58,2158,1,0,,,418,107,,-1,224,211,8,FALSE,Non quality on net,Slap
20252026,Regular,287,3-15-2026,Toronto,6,Seattle,8,shot,2,16:55,2215,1,0,,,48,124,,1,100,250,6,FALSE,Non quality on net,Wrist
20252026,Regular,287,3-15-2026,Toronto,6,Seattle,8,shot,2,18:54,2334,1,0,,,528,99,,-1,210,211,8,FALSE,Non quality on net,Backhand
20252026,Regular,287,3-15-2026,Toronto,6,Seattle,8,shot,2,18:59,2339,1,0,,,508,96,,-1,34,211,8,FALSE,Quality on net,Slap
20252026,Regular,287,3-15-2026,Toronto,6,Seattle,8,shot,2,19:59,2399,1,0,,,530,225,,-1,34,211,8,FALSE,Non quality on net,Default
20252026,Regular,287,3-15-2026,Toronto,6,Seattle,8,shot,3,0:34,2434,1,0,,,83,219,,1,76,250,6,FALSE,Non quality on net,Wrist
20252026,Regular,287,3-15-2026,Toronto,6,Seattle,8,shot,3,1:45,2505,1,0,,,249,278,,1,56,250,6,FALSE,Non quality on net,Wrist
20252026,Regular,287,3-15-2026,Toronto,6,Seattle,8,shot,3,4:06,2646,1,0,,,483,205,,-1,91,211,8,FALSE,Quality on net,Wrist
20252026,Regular,287,3-15-2026,Toronto,6,Seattle,8,shot,3,4:14,2654,1,0,,,127,207,,1,73,250,6,FALSE,Quality on net,Wrist
20252026,Regular,287,3-15-2026,Toronto,6,Seattle,8,shot,3,4:44,2684,1,0,,,478,45,,-1,203,211,8,FALSE,Non quality on net,Wrist
20252026,Regular,287,3-15-2026,Toronto,6,Seattle,8,shot,3,5:04,2704,1,0,,,389,225,,-1,203,211,8,FALSE,Non quality on net,Wrist
20252026,Regular,287,3-15-2026,Toronto,6,Seattle,8,shot,3,5:14,2714,1,0,,,463,249,,-1,295,211,8,FALSE,Non quality on net,Wrist
20252026,Regular,287,3-15-2026,Toronto,6,Seattle,8,shot,3,5:47,2747,1,0,,,62,153,,1,26,250,6,FALSE,Quality on net,Wrist
20252026,Regular,287,3-15-2026,Toronto,6,Seattle,8,shot,3,5:52,2752,1,0,,,106,189,,1,26,250,6,FALSE,Quality on net,Wrist
20252026,Regular,287,3-15-2026,Toronto,6,Seattle,8,shot,3,6:16,2776,1,0,,,459,208,,-1,224,211,8,FALSE,Quality on net,Wrist
20252026,Regular,287,3-15-2026,Toronto,6,Seattle,8,shot,3,6:17,2777,1,0,,,543,156,,-1,49,211,8,FALSE,Quality on net,Backhand
20252026,Regular,287,3-15-2026,Toronto,6,Seattle,8,shot,3,7:25,2845,1,0,,,67,185,,1,65,250,6,FALSE,Quality on net,Tip
20252026,Regular,287,3-15-2026,Toronto,6,Seattle,8,shot,3,9:03,2943,1,0,,,64,161,,1,65,250,6,FALSE,Quality on net,Wrist
20252026,Regular,287,3-15-2026,Toronto,6,Seattle,8,shot,3,9:31,2971,1,0,,,96,216,,1,66,250,6,FALSE,Quality on net,Wrist
20252026,Regular,287,3-15-2026,Toronto,6,Seattle,8,shot,3,9:55,2995,1,0,,,98,54,,-1,62,211,8,FALSE,Non quality on net,Wrist
20252026,Regular,287,3-15-2026,Toronto,6,Seattle,8,shot,3,10:20,3020,1,0,,,45,193,,1,100,250,6,FALSE,Non quality on net,Wrist
20252026,Regular,287,3-15-2026,Toronto,6,Seattle,8,shot,3,10:30,3030,1,0,,,429,56,,-1,142,211,8,FALSE,Non quality on net,Default
20252026,Regular,287,3-15-2026,Toronto,6,Seattle,8,shot,3,13:08,3188,1,0,,,63,210,,1,100,250,6,FALSE,Non quality on net,Wrist
20252026,Regular,287,3-15-2026,Toronto,6,Seattle,8,shot,3,14:02,3242,1,0,,,129,60,,1,313,250,6,FALSE,Non quality on net,Slap
20252026,Regular,287,3-15-2026,Toronto,6,Seattle,8,shot,3,15:52,3352,1,0,,,455,89,,-1,99,211,8,FALSE,Non quality on net,Wrist
20252026,Regular,287,3-15-2026,Toronto,6,Seattle,8,shot,3,16:00,3360,1,0,,,416,273,,-1,62,211,8,FALSE,Non quality on net,Wrist
20252026,Regular,287,3-15-2026,Toronto,6,Seattle,8,shot,3,17:08,3428,1,0,,,407,70,,-1,208,211,8,FALSE,Non quality on net,Wrist
20252026,Regular,287,3-15-2026,Toronto,6,Seattle,8,shot,3,17:57,3477,1,0,,,451,117,,-1,224,211,8,FALSE,Non quality on net,Wrist
20252026,Regular,287,3-15-2026,Toronto,6,Seattle,8,shot,3,18:03,3483,1,0,,,527,111,,-1,49,211,8,FALSE,Quality on net,Wrist
20252026,Regular,287,3-15-2026,Toronto,6,Seattle,8,shot,3,19:52,3592,1,0,,,68,231,,1,313,0,6,TRUE,Non quality goal,Wrist
20252026,Regular,288,3-15-2026,Minnesota,2,New York,4,shot,1,1:25,85,0,0,,,86,204,,0,24,228,2,FALSE,Quality on net,Wrist
20252026,Regular,288,3-15-2026,Minnesota,2,New York,4,shot,1,1:49,109,0,0,,,124,151,,0,247,228,2,FALSE,Quality on net,Wrist
20252026,Regular,288,3-15-2026,Minnesota,2,New York,4,shot,1,3:29,209,0,0,,,38,129,,0,104,228,2,FALSE,Non quality on net,Wrist
20252026,Regular,288,3-15-2026,Minnesota,2,New York,4,shot,1,5:15,315,0,0,,,97,69,,0,188,228,2,FALSE,Non quality on net,Wrist
20252026,Regular,288,3-15-2026,Minnesota,2,New York,4,shot,1,6:35,395,0,0,,,105,18,,0,90,228,2,FALSE,Non quality on net,Wrist
20252026,Regular,288,3-15-2026,Minnesota,2,New York,4,shot,1,7:06,426,0,0,,,448,204,,0,147,22,4,FALSE,Quality on net,Wrist
20252026,Regular,288,3-15-2026,Minnesota,2,New York,4,shot,1,7:17,437,0,0,,,527,113,,0,45,22,4,FALSE,Quality on net,Wrist
20252026,Regular,288,3-15-2026,Minnesota,2,New York,4,shot,1,8:41,521,0,0,,,384,116,,0,245,22,4,FALSE,Non quality on net,Slap
20252026,Regular,288,3-15-2026,Minnesota,2,New York,4,shot,1,9:16,556,0,0,,,478,181,,0,40,22,4,FALSE,Quality on net,Wrist
20252026,Regular,288,3-15-2026,Minnesota,2,New York,4,shot,1,9:34,574,0,0,,,387,184,,0,47,22,4,FALSE,Non quality on net,Wrist
20252026,Regular,288,3-15-2026,Minnesota,2,New York,4,shot,1,10:04,604,0,0,,,36,171,,0,25,228,2,TRUE,Non quality goal,Snap
20252026,Regular,288,3-15-2026,Minnesota,2,New York,4,shot,1,11:13,673,1,0,,,298,22,,1,167,228,2,FALSE,Non quality on net,Wrist
20252026,Regular,288,3-15-2026,Minnesota,2,New York,4,shot,1,12:57,777,1,0,,,496,35,,-1,30,22,4,FALSE,Non quality on net,Wrist
20252026,Regular,288,3-15-2026,Minnesota,2,New York,4,shot,1,14:14,854,1,0,,,552,172,,-1,277,22,4,FALSE,Quality on net,Wrist
20252026,Regular,288,3-15-2026,Minnesota,2,New York,4,shot,1,16:02,962,1,0,,,194,81,,1,24,228,2,FALSE,Non quality on net,Slap
20252026,Regular,288,3-15-2026,Minnesota,2,New York,4,shot,1,17:24,1044,1,0,,,69,126,,1,269,228,2,FALSE,Quality on net,Backhand
20252026,Regular,288,3-15-2026,Minnesota,2,New York,4,shot,1,19:02,1142,1,0,,,549,133,,-1,47,22,4,FALSE,Quality on net,Tip
20252026,Regular,288,3-15-2026,Minnesota,2,New York,4,shot,2,0:22,1222,1,0,,,34,171,,1,21,228,2,TRUE,Non quality goal,Snap
20252026,Regular,288,3-15-2026,Minnesota,2,New York,4,shot,2,0:46,1246,2,0,,,135,231,,2,189,228,2,FALSE,Quality on net,Wrist
20252026,Regular,288,3-15-2026,Minnesota,2,New York,4,shot,2,0:53,1253,2,0,,,189,106,,2,167,228,2,FALSE,Non quality on net,Wrist
20252026,Regular,288,3-15-2026,Minnesota,2,New York,4,shot,2,1:03,1263,2,0,,,213,159,,2,162,228,2,FALSE,Non quality on net,Wrist
20252026,Regular,288,3-15-2026,Minnesota,2,New York,4,shot,2,2:20,1340,2,0,,,543,150,,-2,147,22,4,FALSE,Quality on net,Wrist
20252026,Regular,288,3-15-2026,Minnesota,2,New York,4,shot,2,3:25,1405,2,0,,,466,177,,-2,249,22,4,FALSE,Quality on net,Wrist
20252026,Regular,288,3-15-2026,Minnesota,2,New York,4,shot,2,4:27,1467,2,0,,,561,98,,-2,206,22,4,FALSE,Non quality on net,Wrist
20252026,Regular,288,3-15-2026,Minnesota,2,New York,4,shot,2,5:05,1505,2,0,,,535,23,,-2,60,22,4,FALSE,Non quality on net,Wrist
20252026,Regular,288,3-15-2026,Minnesota,2,New York,4,shot,2,5:30,1530,2,0,,,496,189,,-2,245,22,4,FALSE,Quality on net,Wrist
20252026,Regular,288,3-15-2026,Minnesota,2,New York,4,shot,2,6:04,1564,2,0,,,201,18,,2,189,228,2,FALSE,Non quality on net,Wrist
20252026,Regular,288,3-15-2026,Minnesota,2,New York,4,shot,2,7:09,1629,2,0,,,105,164,,2,236,228,2,FALSE,Quality on net,Wrist
20252026,Regular,288,3-15-2026,Minnesota,2,New York,4,shot,2,8:22,1702,2,0,,,121,139,,2,189,228,2,TRUE,Quality goal,Slap
20252026,Regular,288,3-15-2026,Minnesota,2,New York,4,shot,2,9:43,1783,3,0,,,553,123,,-3,205,22,4,FALSE,Quality on net,Wrist
20252026,Regular,288,3-15-2026,Minnesota,2,New York,4,shot,2,10:41,1841,3,0,,,447,63,,-3,249,22,4,FALSE,Non quality on net,Snap
20252026,Regular,288,3-15-2026,Minnesota,2,New York,4,shot,2,12:19,1939,3,0,,,89,151,,3,247,228,2,FALSE,Quality on net,Wrist
20252026,Regular,288,3-15-2026,Minnesota,2,New York,4,shot,2,12:32,1952,3,0,,,98,109,,3,25,228,2,TRUE,Quality goal,Default
20252026,Regular,288,3-15-2026,Minnesota,2,New York,4,shot,2,15:19,2119,4,0,,,58,114,,4,189,228,2,FALSE,Non quality on net,Snap
20252026,Regular,288,3-15-2026,Minnesota,2,New York,4,shot,2,15:50,2150,4,0,,,207,113,,4,167,228,2,FALSE,Non quality on net,Wrist
20252026,Regular,288,3-15-2026,Minnesota,2,New York,4,shot,2,16:20,2180,4,0,,,459,133,,-4,229,22,4,FALSE,Quality on net,Wrist
20252026,Regular,288,3-15-2026,Minnesota,2,New York,4,shot,2,17:40,2260,4,0,,,435,244,,-4,230,22,4,FALSE,Non quality on net,Wrist
20252026,Regular,288,3-15-2026,Minnesota,2,New York,4,shot,2,18:37,2317,4,0,,,122,212,,4,191,228,2,FALSE,Quality on net,Wrist
20252026,Regular,288,3-15-2026,Minnesota,2,New York,4,shot,2,18:47,2327,4,0,,,51,123,,4,247,228,2,FALSE,Quality on net,Tip
20252026,Regular,288,3-15-2026,Minnesota,2,New York,4,shot,2,19:47,2387,4,0,,,497,110,,-4,30,22,4,FALSE,Quality on net,Wrist
20252026,Regular,288,3-15-2026,Minnesota,2,New York,4,shot,3,1:19,2479,4,0,,,473,92,,-4,245,22,4,FALSE,Quality on net,Wrist
20252026,Regular,288,3-15-2026,Minnesota,2,New York,4,shot,3,1:51,2511,4,0,,,65,111,,4,25,228,2,FALSE,Quality on net,Wrist
20252026,Regular,288,3-15-2026,Minnesota,2,New York,4,shot,3,3:01,2581,4,0,,,389,113,,-4,230,22,4,FALSE,Non quality on net,Slap
20252026,Regular,288,3-15-2026,Minnesota,2,New York,4,shot,3,4:25,2665,4,0,,,188,142,,4,167,228,2,FALSE,Non quality on net,Slap
20252026,Regular,288,3-15-2026,Minnesota,2,New York,4,shot,3,5:11,2711,4,0,,,50,167,,4,25,228,2,FALSE,Quality on net,Backhand
20252026,Regular,288,3-15-2026,Minnesota,2,New York,4,shot,3,7:37,2857,4,0,,,100,188,,4,189,228,2,FALSE,Quality on net,Wrist
20252026,Regular,288,3-15-2026,Minnesota,2,New York,4,shot,3,10:08,3008,4,0,,,465,160,,-4,147,22,4,FALSE,Quality on net,Snap
20252026,Regular,288,3-15-2026,Minnesota,2,New York,4,shot,3,11:23,3083,4,0,,,387,214,,-4,229,22,4,FALSE,Non quality on net,Snap
20252026,Regular,288,3-15-2026,Minnesota,2,New York,4,shot,3,12:34,3154,4,0,,,495,152,,-4,277,22,4,TRUE,Quality goal,Slap
20252026,Regular,288,3-15-2026,Minnesota,2,New York,4,shot,3,12:48,3168,4,1,,,117,137,,3,21,228,2,FALSE,Quality on net,Wrist
20252026,Regular,288,3-15-2026,Minnesota,2,New York,4,shot,3,13:50,3230,4,1,,,553,144,,-3,40,22,4,TRUE,Quality goal,Snap
20252026,Regular,288,3-15-2026,Minnesota,2,New York,4,shot,3,15:42,3342,4,2,,,449,189,,-2,229,22,4,FALSE,Non quality on net,Snap
20252026,Regular,288,3-15-2026,Minnesota,2,New York,4,shot,3,16:48,3408,4,2,,,511,153,,2,264,228,2,FALSE,Quality on net,Default
20252026,Regular,288,3-15-2026,Minnesota,2,New York,4,shot,3,16:59,3419,4,2,,,447,249,,-2,230,22,4,TRUE,Non quality goal,Default
20252026,Regular,289,3-17-2026,Boston,1,Toronto,6,shot,1,0:59,59,0,0,,,93,188,,0,185,211,1,FALSE,Quality on net,Default
20252026,Regular,289,3-17-2026,Boston,1,Toronto,6,shot,1,1:19,79,0,0,,,79,111,,0,183,211,1,FALSE,Quality on net,Default
20252026,Regular,289,3-17-2026,Boston,1,Toronto,6,shot,1,2:46,166,0,0,,,73,138,,0,183,211,1,FALSE,Quality on net,Snap
20252026,Regular,289,3-17-2026,Boston,1,Toronto,6,shot,1,3:36,216,0,0,,,449,160,,0,66,6,6,FALSE,Non quality on net,Wrist
20252026,Regular,289,3-17-2026,Boston,1,Toronto,6,shot,1,8:46,526,0,0,,,561,122,,0,86,6,6,FALSE,Non quality on net,Tip
20252026,Regular,289,3-17-2026,Boston,1,Toronto,6,shot,1,9:58,598,0,0,,,399,144,,0,68,6,6,FALSE,Non quality on net,Slap
20252026,Regular,289,3-17-2026,Boston,1,Toronto,6,shot,1,10:34,634,0,0,,,465,173,,0,100,6,6,FALSE,Quality on net,Default
20252026,Regular,289,3-17-2026,Boston,1,Toronto,6,shot,1,11:31,691,0,0,,,138,70,,0,246,211,1,FALSE,Non quality on net,Snap
20252026,Regular,289,3-17-2026,Boston,1,Toronto,6,shot,1,12:50,770,0,0,,,204,252,,0,8,211,1,FALSE,Non quality on net,Wrist
20252026,Regular,289,3-17-2026,Boston,1,Toronto,6,shot,1,13:17,797,0,0,,,175,138,,0,97,211,1,FALSE,Non quality on net,Wrist
20252026,Regular,289,3-17-2026,Boston,1,Toronto,6,shot,1,13:38,818,0,0,,,45,180,,0,16,211,1,FALSE,Non quality on net,Wrist
20252026,Regular,289,3-17-2026,Boston,1,Toronto,6,shot,1,15:26,926,0,0,,,465,255,,0,65,6,6,FALSE,Non quality on net,Snap
20252026,Regular,289,3-17-2026,Boston,1,Toronto,6,shot,1,16:52,1012,0,0,,,506,118,,0,66,6,6,FALSE,Quality on net,Wrist
20252026,Regular,289,3-17-2026,Boston,1,Toronto,6,shot,1,16:52,1012,0,0,,,431,265,,0,67,6,6,FALSE,Non quality on net,Snap
20252026,Regular,289,3-17-2026,Boston,1,Toronto,6,shot,1,18:37,1117,0,0,,,413,182,,0,56,6,6,FALSE,Non quality on net,Wrist
20252026,Regular,289,3-17-2026,Boston,1,Toronto,6,shot,1,18:59,1139,0,0,,,72,159,,0,1,211,1,FALSE,Quality on net,Default
20252026,Regular,289,3-17-2026,Boston,1,Toronto,6,shot,2,0:45,1245,0,0,,,75,143,,0,78,211,1,FALSE,Quality on net,Tip
20252026,Regular,289,3-17-2026,Boston,1,Toronto,6,shot,2,1:58,1318,0,0,,,476,228,,0,65,6,6,FALSE,Non quality on net,Snap
20252026,Regular,289,3-17-2026,Boston,1,Toronto,6,shot,2,3:31,1411,0,0,,,119,51,,0,12,211,1,FALSE,Non quality on net,Slap
20252026,Regular,289,3-17-2026,Boston,1,Toronto,6,shot,2,4:45,1485,0,0,,,155,47,,0,97,211,1,FALSE,Non quality on net,Default
20252026,Regular,289,3-17-2026,Boston,1,Toronto,6,shot,2,7:24,1644,0,0,,,117,24,,0,36,211,1,FALSE,Non quality on net,Snap
20252026,Regular,289,3-17-2026,Boston,1,Toronto,6,shot,2,8:35,1715,0,0,,,425,122,,0,313,6,6,FALSE,Non quality on net,Snap
20252026,Regular,289,3-17-2026,Boston,1,Toronto,6,shot,2,8:57,1737,0,0,,,291,91,,0,182,211,1,FALSE,Non quality on net,Snap
20252026,Regular,289,3-17-2026,Boston,1,Toronto,6,shot,2,12:56,1976,0,0,,,81,132,,0,183,211,1,FALSE,Quality on net,Default
20252026,Regular,289,3-17-2026,Boston,1,Toronto,6,shot,2,12:57,1977,0,0,,,67,135,,0,97,211,1,FALSE,Quality on net,Default
20252026,Regular,289,3-17-2026,Boston,1,Toronto,6,shot,2,13:44,2024,0,0,,,498,70,,0,66,6,6,FALSE,Non quality on net,Snap
20252026,Regular,289,3-17-2026,Boston,1,Toronto,6,shot,2,14:08,2048,0,0,,,445,212,,0,56,6,6,FALSE,Non quality on net,Default
20252026,Regular,289,3-17-2026,Boston,1,Toronto,6,shot,2,14:52,2092,0,0,,,399,245,,0,67,6,6,FALSE,Non quality on net,Default
20252026,Regular,289,3-17-2026,Boston,1,Toronto,6,shot,2,15:00,2100,0,0,,,537,166,,0,244,6,6,FALSE,Quality on net,Default
20252026,Regular,289,3-17-2026,Boston,1,Toronto,6,shot,2,16:50,2210,0,0,,,201,43,,0,182,211,1,FALSE,Non quality on net,Snap
20252026,Regular,289,3-17-2026,Boston,1,Toronto,6,shot,2,18:46,2326,0,0,,,524,117,,0,63,6,6,FALSE,Quality on net,Wrist
20252026,Regular,289,3-17-2026,Boston,1,Toronto,6,shot,2,19:19,2359,0,0,,,456,93,,0,65,6,6,FALSE,Non quality on net,Snap
20252026,Regular,289,3-17-2026,Boston,1,Toronto,6,shot,3,0:42,2442,0,0,,,62,181,,0,12,211,1,FALSE,Quality on net,Wrist
20252026,Regular,289,3-17-2026,Boston,1,Toronto,6,shot,3,3:07,2587,0,0,,,148,145,,0,15,211,1,FALSE,Non quality on net,Snap
20252026,Regular,289,3-17-2026,Boston,1,Toronto,6,shot,3,3:19,2599,0,0,,,189,189,,0,185,211,1,FALSE,Non quality on net,Snap
20252026,Regular,289,3-17-2026,Boston,1,Toronto,6,shot,3,4:17,2657,0,0,,,196,42,,0,246,211,1,FALSE,Non quality on net,Snap
20252026,Regular,289,3-17-2026,Boston,1,Toronto,6,shot,3,4:26,2666,0,0,,,64,129,,0,183,211,1,FALSE,Quality on net,Default
20252026,Regular,289,3-17-2026,Boston,1,Toronto,6,shot,3,5:24,2724,0,0,,,407,40,,0,56,6,6,FALSE,Non quality on net,Snap
20252026,Regular,289,3-17-2026,Boston,1,Toronto,6,shot,3,5:50,2750,0,0,,,412,79,,0,244,6,6,FALSE,Non quality on net,Snap
20252026,Regular,289,3-17-2026,Boston,1,Toronto,6,shot,3,6:03,2763,0,0,,,555,165,,0,100,6,6,FALSE,Quality on net,Default
20252026,Regular,289,3-17-2026,Boston,1,Toronto,6,shot,3,6:05,2765,0,0,,,543,132,,0,313,6,6,FALSE,Quality on net,Default
20252026,Regular,289,3-17-2026,Boston,1,Toronto,6,shot,3,6:13,2773,0,0,,,435,241,,0,67,6,6,FALSE,Non quality on net,Snap
20252026,Regular,289,3-17-2026,Boston,1,Toronto,6,shot,3,6:39,2799,0,0,,,515,155,,0,76,6,6,FALSE,Quality on net,Default
20252026,Regular,289,3-17-2026,Boston,1,Toronto,6,shot,3,6:53,2813,0,0,,,525,129,,0,44,6,6,FALSE,Quality on net,Default
20252026,Regular,289,3-17-2026,Boston,1,Toronto,6,shot,3,8:59,2939,0,0,,,493,105,,0,63,6,6,TRUE,Quality goal,Snap
20252026,Regular,289,3-17-2026,Boston,1,Toronto,6,shot,3,10:06,3006,0,1,,,141,77,,-1,12,211,1,FALSE,Quality on net,Slap
20252026,Regular,289,3-17-2026,Boston,1,Toronto,6,shot,3,10:14,3014,0,1,,,122,231,,-1,78,211,1,FALSE,Non quality on net,Snap
20252026,Regular,289,3-17-2026,Boston,1,Toronto,6,shot,3,13:02,3182,0,1,,,48,178,,-1,259,211,1,FALSE,Non quality on net,Default
20252026,Regular,289,3-17-2026,Boston,1,Toronto,6,shot,3,15:45,3345,0,1,,,169,57,,-1,182,211,1,FALSE,Non quality on net,Wrist
20252026,Regular,289,3-17-2026,Boston,1,Toronto,6,shot,3,16:27,3387,0,1,,,510,85,,1,74,6,6,FALSE,Quality on net,Wrist
20252026,Regular,289,3-17-2026,Boston,1,Toronto,6,shot,3,17:05,3425,0,1,,,496,110,,1,63,6,6,FALSE,Quality on net,Default
20252026,Regular,289,3-17-2026,Boston,1,Toronto,6,shot,3,17:12,3432,0,1,,,439,107,,1,67,6,6,FALSE,Non quality on net,Default
20252026,Regular,289,3-17-2026,Boston,1,Toronto,6,shot,3,18:13,3493,0,1,,,555,231,,1,66,6,6,FALSE,Non quality on net,Default
20252026,Regular,289,3-17-2026,Boston,1,Toronto,6,shot,3,18:20,3500,0,1,,,418,248,,1,44,6,6,FALSE,Non quality on net,Default
20252026,Regular,289,3-17-2026,Boston,1,Toronto,6,shot,3,19:15,3555,0,1,,,63,186,,-1,183,211,1,FALSE,Quality on net,Tip
20252026,Regular,289,3-17-2026,Boston,1,Toronto,6,shot,3,19:33,3573,0,1,,,247,142,,1,76,0,6,TRUE,Non quality goal,Default
20252026,Regular,290,3-18-2026,Minnesota,2,Ottawa,5,shot,1,0:27,27,0,0,,,30,81,,0,21,222,2,TRUE,Non quality goal,Wrist
20252026,Regular,290,3-18-2026,Minnesota,2,Ottawa,5,shot,1,3:44,224,1,0,,,65,133,,1,236,222,2,FALSE,Quality on net,Wrist
20252026,Regular,290,3-18-2026,Minnesota,2,Ottawa,5,shot,1,4:01,241,1,0,,,61,180,,1,190,222,2,FALSE,Quality on net,Wrist
20252026,Regular,290,3-18-2026,Minnesota,2,Ottawa,5,shot,1,7:34,454,1,0,,,179,93,,1,236,222,2,FALSE,Non quality on net,Wrist
20252026,Regular,290,3-18-2026,Minnesota,2,Ottawa,5,shot,1,7:35,455,1,0,,,97,99,,1,25,222,2,FALSE,Quality on net,Snap
20252026,Regular,290,3-18-2026,Minnesota,2,Ottawa,5,shot,1,10:40,640,1,0,,,556,169,,-1,101,123,5,FALSE,Non quality on net,Wrist
20252026,Regular,290,3-18-2026,Minnesota,2,Ottawa,5,shot,1,11:15,675,1,0,,,543,172,,-1,286,123,5,FALSE,Quality on net,Wrist
20252026,Regular,290,3-18-2026,Minnesota,2,Ottawa,5,shot,1,12:56,776,1,0,,,387,174,,-1,223,123,5,FALSE,Non quality on net,Wrist
20252026,Regular,290,3-18-2026,Minnesota,2,Ottawa,5,shot,1,14:39,879,1,0,,,60,138,,1,25,222,2,TRUE,Quality goal,Wrist
20252026,Regular,290,3-18-2026,Minnesota,2,Ottawa,5,shot,1,14:47,887,2,0,,,70,190,,2,247,222,2,FALSE,Quality on net,Wrist
20252026,Regular,290,3-18-2026,Minnesota,2,Ottawa,5,shot,1,14:50,890,2,0,,,88,131,,2,23,222,2,TRUE,Quality goal,Wrist
20252026,Regular,290,3-18-2026,Minnesota,2,Ottawa,5,shot,1,16:03,963,3,0,,,552,174,,-3,217,123,5,FALSE,Non quality on net,Wrist
20252026,Regular,290,3-18-2026,Minnesota,2,Ottawa,5,shot,1,16:15,975,3,0,,,46,176,,3,194,290,2,TRUE,Non quality goal,Tip
20252026,Regular,290,3-18-2026,Minnesota,2,Ottawa,5,shot,1,16:15,975,4,0,,,49,129,,4,194,290,2,FALSE,Quality on net,Wrist
20252026,Regular,290,3-18-2026,Minnesota,2,Ottawa,5,shot,1,17:03,1023,4,0,,,131,226,,4,23,290,2,FALSE,Quality on net,Wrist
20252026,Regular,290,3-18-2026,Minnesota,2,Ottawa,5,shot,1,17:10,1030,4,0,,,450,279,,-4,58,123,5,FALSE,Non quality on net,Wrist
20252026,Regular,290,3-18-2026,Minnesota,2,Ottawa,5,shot,2,0:52,1252,4,0,,,483,195,,-4,72,123,5,FALSE,Quality on net,Wrist
20252026,Regular,290,3-18-2026,Minnesota,2,Ottawa,5,shot,2,2:23,1343,4,0,,,130,209,,4,25,290,2,FALSE,Quality on net,Snap
20252026,Regular,290,3-18-2026,Minnesota,2,Ottawa,5,shot,2,3:12,1392,4,0,,,189,230,,4,167,290,2,FALSE,Non quality on net,Wrist
20252026,Regular,290,3-18-2026,Minnesota,2,Ottawa,5,shot,2,4:15,1455,4,0,,,540,185,,-4,53,123,5,FALSE,Quality on net,Wrist
20252026,Regular,290,3-18-2026,Minnesota,2,Ottawa,5,shot,2,4:50,1490,4,0,,,72,161,,4,25,290,2,FALSE,Quality on net,Wrist
20252026,Regular,290,3-18-2026,Minnesota,2,Ottawa,5,shot,2,8:45,1725,4,0,,,99,195,,4,191,290,2,FALSE,Quality on net,Backhand
20252026,Regular,290,3-18-2026,Minnesota,2,Ottawa,5,shot,2,10:09,1809,4,0,,,63,127,,4,191,290,2,FALSE,Quality on net,Tip
20252026,Regular,290,3-18-2026,Minnesota,2,Ottawa,5,shot,2,11:53,1913,4,0,,,502,171,,-4,286,123,5,FALSE,Quality on net,Wrist
20252026,Regular,290,3-18-2026,Minnesota,2,Ottawa,5,shot,2,14:02,2042,4,0,,,140,203,,4,37,290,2,FALSE,Quality on net,Snap
20252026,Regular,290,3-18-2026,Minnesota,2,Ottawa,5,shot,2,15:38,2138,4,0,,,62,165,,4,247,290,2,FALSE,Quality on net,Snap
20252026,Regular,290,3-18-2026,Minnesota,2,Ottawa,5,shot,2,15:46,2146,4,0,,,108,133,,4,23,290,2,TRUE,Quality goal,Snap
20252026,Regular,290,3-18-2026,Minnesota,2,Ottawa,5,shot,2,18:04,2284,5,0,,,532,159,,-5,286,123,5,FALSE,Quality on net,Wrist
20252026,Regular,290,3-18-2026,Minnesota,2,Ottawa,5,shot,3,0:21,2421,5,0,,,88,81,,5,23,290,2,FALSE,Non quality on net,Wrist
20252026,Regular,290,3-18-2026,Minnesota,2,Ottawa,5,shot,3,3:41,2621,5,0,,,534,227,,-5,241,123,5,FALSE,Non quality on net,Wrist
20252026,Regular,290,3-18-2026,Minnesota,2,Ottawa,5,shot,3,3:53,2633,5,0,,,413,238,,-5,115,123,5,FALSE,Non quality on net,Wrist
20252026,Regular,290,3-18-2026,Minnesota,2,Ottawa,5,shot,3,5:36,2736,5,0,,,426,105,,-5,72,123,5,FALSE,Non quality on net,Slap
20252026,Regular,290,3-18-2026,Minnesota,2,Ottawa,5,shot,3,7:51,2871,5,0,,,177,240,,5,189,290,2,FALSE,Non quality on net,Wrist
20252026,Regular,290,3-18-2026,Minnesota,2,Ottawa,5,shot,3,12:08,3128,5,0,,,537,160,,-5,101,123,5,FALSE,Quality on net,Wrist
20252026,Regular,290,3-18-2026,Minnesota,2,Ottawa,5,shot,3,13:28,3208,5,0,,,87,141,,5,104,290,2,FALSE,Quality on net,Tip
20252026,Regular,290,3-18-2026,Minnesota,2,Ottawa,5,shot,3,15:05,3305,5,0,,,426,238,,-5,71,123,5,FALSE,Non quality on net,Wrist
20252026,Regular,290,3-18-2026,Minnesota,2,Ottawa,5,shot,3,17:00,3420,5,0,,,70,162,,5,269,290,2,FALSE,Quality on net,Tip
20252026,Regular,290,3-18-2026,Minnesota,2,Ottawa,5,shot,3,17:45,3465,5,0,,,53,167,,5,191,290,2,FALSE,Quality on net,Tip
20252026,Regular,290,3-18-2026,Minnesota,2,Ottawa,5,shot,3,17:57,3477,5,0,,,441,239,,-5,88,123,5,FALSE,Non quality on net,Wrist
20252026,Regular,291,3-18-2026,Vancouver,9,New York,4,shot,1,1:06,66,0,0,,,87,123,,0,221,228,9,FALSE,Quality on net,Wrist
20252026,Regular,291,3-18-2026,Vancouver,9,New York,4,shot,1,1:23,83,0,0,,,111,207,,0,198,228,9,FALSE,Quality on net,Wrist
20252026,Regular,291,3-18-2026,Vancouver,9,New York,4,shot,1,2:27,147,0,0,,,171,214,,0,305,228,9,FALSE,Non quality on net,Snap
20252026,Regular,291,3-18-2026,Vancouver,9,New York,4,shot,1,3:32,212,0,0,,,193,165,,0,75,228,9,FALSE,Non quality on net,Wrist
20252026,Regular,291,3-18-2026,Vancouver,9,New York,4,shot,1,4:31,271,0,0,,,193,151,,0,50,228,9,FALSE,Non quality on net,Wrist
20252026,Regular,291,3-18-2026,Vancouver,9,New York,4,shot,1,4:33,273,0,0,,,46,174,,0,209,228,9,FALSE,Non quality on net,Wrist
20252026,Regular,291,3-18-2026,Vancouver,9,New York,4,shot,1,4:55,295,0,0,,,124,137,,0,239,228,9,TRUE,Quality goal,Wrist
20252026,Regular,291,3-18-2026,Vancouver,9,New York,4,shot,1,5:55,355,1,0,,,159,95,,1,161,228,9,FALSE,Non quality on net,Wrist
20252026,Regular,291,3-18-2026,Vancouver,9,New York,4,shot,1,6:29,389,1,0,,,154,243,,1,198,228,9,FALSE,Non quality on net,Wrist
20252026,Regular,291,3-18-2026,Vancouver,9,New York,4,shot,1,6:48,408,1,0,,,71,183,,1,248,228,9,TRUE,Quality goal,Wrist
20252026,Regular,291,3-18-2026,Vancouver,9,New York,4,shot,1,7:05,425,2,0,,,549,156,,-2,277,64,4,FALSE,Quality on net,Wrist
20252026,Regular,291,3-18-2026,Vancouver,9,New York,4,shot,1,7:10,430,2,0,,,499,165,,-2,229,64,4,FALSE,Quality on net,Default
20252026,Regular,291,3-18-2026,Vancouver,9,New York,4,shot,1,7:15,435,2,0,,,514,178,,-2,205,64,4,TRUE,Quality goal,Default
20252026,Regular,291,3-18-2026,Vancouver,9,New York,4,shot,1,8:28,508,2,1,,,70,230,,1,198,228,9,FALSE,Non quality on net,Default
20252026,Regular,291,3-18-2026,Vancouver,9,New York,4,shot,1,9:35,575,2,1,,,537,155,,-1,45,64,4,FALSE,Quality on net,Wrist
20252026,Regular,291,3-18-2026,Vancouver,9,New York,4,shot,1,16:00,960,2,1,,,212,22,,1,11,228,9,TRUE,Non quality goal,Slap
20252026,Regular,291,3-18-2026,Vancouver,9,New York,4,shot,1,16:54,1014,3,1,,,405,43,,-2,283,64,4,FALSE,Non quality on net,Wrist
20252026,Regular,291,3-18-2026,Vancouver,9,New York,4,shot,2,3:00,1380,3,1,,,386,18,,-2,47,64,4,FALSE,Non quality on net,Snap
20252026,Regular,291,3-18-2026,Vancouver,9,New York,4,shot,2,3:50,1430,3,1,,,52,127,,2,227,228,9,FALSE,Quality on net,Wrist
20252026,Regular,291,3-18-2026,Vancouver,9,New York,4,shot,2,6:47,1607,3,1,,,104,163,,2,221,228,9,FALSE,Quality on net,Wrist
20252026,Regular,291,3-18-2026,Vancouver,9,New York,4,shot,2,8:29,1709,3,1,,,477,21,,-2,45,64,4,FALSE,Non quality on net,Wrist
20252026,Regular,291,3-18-2026,Vancouver,9,New York,4,shot,2,9:27,1767,3,1,,,92,150,,2,161,228,9,FALSE,Quality on net,Wrist
20252026,Regular,291,3-18-2026,Vancouver,9,New York,4,shot,2,9:44,1784,3,1,,,187,279,,2,129,228,9,FALSE,Non quality on net,Default
20252026,Regular,291,3-18-2026,Vancouver,9,New York,4,shot,2,9:58,1798,3,1,,,542,200,,-2,147,64,4,FALSE,Non quality on net,Wrist
20252026,Regular,291,3-18-2026,Vancouver,9,New York,4,shot,2,10:27,1827,3,1,,,482,243,,-2,147,64,4,FALSE,Non quality on net,Wrist
20252026,Regular,291,3-18-2026,Vancouver,9,New York,4,shot,2,10:39,1839,3,1,,,86,192,,2,75,228,9,FALSE,Quality on net,Default
20252026,Regular,291,3-18-2026,Vancouver,9,New York,4,shot,2,10:44,1844,3,1,,,45,132,,2,209,228,9,FALSE,Quality on net,Backhand
20252026,Regular,291,3-18-2026,Vancouver,9,New York,4,shot,2,11:43,1903,3,1,,,525,119,,-2,277,64,4,FALSE,Quality on net,Wrist
20252026,Regular,291,3-18-2026,Vancouver,9,New York,4,shot,2,12:47,1967,3,1,,,127,127,,2,11,228,9,FALSE,Quality on net,Wrist
20252026,Regular,291,3-18-2026,Vancouver,9,New York,4,shot,2,13:19,1999,3,1,,,517,128,,-2,277,64,4,TRUE,Quality goal,Default
20252026,Regular,291,3-18-2026,Vancouver,9,New York,4,shot,2,13:28,2008,3,2,,,565,46,,-1,285,64,4,FALSE,Non quality on net,Wrist
20252026,Regular,291,3-18-2026,Vancouver,9,New York,4,shot,2,13:31,2011,3,2,,,545,145,,-1,30,64,4,FALSE,Quality on net,Backhand
20252026,Regular,291,3-18-2026,Vancouver,9,New York,4,shot,2,15:10,2110,3,2,,,522,243,,-1,245,64,4,FALSE,Non quality on net,Wrist
20252026,Regular,291,3-18-2026,Vancouver,9,New York,4,shot,2,15:43,2143,3,2,,,400,137,,-1,245,64,4,FALSE,Non quality on net,Wrist
20252026,Regular,291,3-18-2026,Vancouver,9,New York,4,shot,2,16:24,2184,3,2,,,75,207,,1,161,228,9,FALSE,Non quality on net,Default
20252026,Regular,291,3-18-2026,Vancouver,9,New York,4,shot,2,19:48,2388,3,2,,,203,70,,1,11,228,9,FALSE,Non quality on net,Default
20252026,Regular,291,3-18-2026,Vancouver,9,New York,4,shot,3,3:32,2612,3,2,,,550,187,,-1,277,64,4,FALSE,Non quality on net,Backhand
20252026,Regular,291,3-18-2026,Vancouver,9,New York,4,shot,3,5:01,2701,3,2,,,68,186,,1,220,228,9,FALSE,Quality on net,Snap
20252026,Regular,291,3-18-2026,Vancouver,9,New York,4,shot,3,5:27,2727,3,2,,,132,98,,1,161,228,9,TRUE,Quality goal,Wrist
20252026,Regular,291,3-18-2026,Vancouver,9,New York,4,shot,3,6:29,2789,4,2,,,391,78,,-2,60,64,4,FALSE,Non quality on net,Wrist
20252026,Regular,291,3-18-2026,Vancouver,9,New York,4,shot,3,6:50,2810,4,2,,,571,178,,-2,45,64,4,FALSE,Non quality on net,Wrist
20252026,Regular,291,3-18-2026,Vancouver,9,New York,4,shot,3,7:49,2869,4,2,,,547,136,,-2,205,64,4,FALSE,Quality on net,Backhand
20252026,Regular,291,3-18-2026,Vancouver,9,New York,4,shot,3,8:08,2888,4,2,,,519,144,,-2,40,64,4,FALSE,Quality on net,Tip
20252026,Regular,291,3-18-2026,Vancouver,9,New York,4,shot,3,9:39,2979,4,2,,,518,194,,-2,205,64,4,FALSE,Quality on net,Wrist
20252026,Regular,291,3-18-2026,Vancouver,9,New York,4,shot,3,9:55,2995,4,2,,,384,207,,-2,87,64,4,FALSE,Non quality on net,Snap
20252026,Regular,291,3-18-2026,Vancouver,9,New York,4,shot,3,13:18,3198,4,2,,,448,110,,-2,40,64,4,FALSE,Non quality on net,Wrist
20252026,Regular,291,3-18-2026,Vancouver,9,New York,4,shot,3,13:48,3228,4,2,,,74,154,,2,161,228,9,FALSE,Quality on net,Wrist
20252026,Regular,291,3-18-2026,Vancouver,9,New York,4,shot,3,15:33,3333,4,2,,,57,135,,2,114,228,9,FALSE,Quality on net,Backhand
20252026,Regular,291,3-18-2026,Vancouver,9,New York,4,shot,3,15:57,3357,4,2,,,93,227,,2,75,228,9,FALSE,Non quality on net,Wrist
20252026,Regular,291,3-18-2026,Vancouver,9,New York,4,shot,3,15:59,3359,4,2,,,49,167,,2,114,228,9,FALSE,Quality on net,Backhand
20252026,Regular,291,3-18-2026,Vancouver,9,New York,4,shot,3,16:06,3366,4,2,,,86,73,,2,11,228,9,FALSE,Non quality on net,Snap
20252026,Regular,291,3-18-2026,Vancouver,9,New York,4,shot,3,18:59,3539,4,2,,,518,88,,-2,249,64,4,FALSE,Non quality on net,Snap
20252026,Regular,291,3-18-2026,Vancouver,9,New York,4,shot,3,19:42,3582,4,2,,,88,182,,2,220,0,9,TRUE,Quality goal,Wrist
20252026,Regular,292,3-19-2026,Montréal,3,Seattle,8,shot,1,2:56,176,0,0,,,395,256,,0,196,28,8,FALSE,Non quality on net,Wrist
20252026,Regular,292,3-19-2026,Montréal,3,Seattle,8,shot,1,3:06,186,0,0,,,76,38,,0,32,250,3,FALSE,Non quality on net,Wrist
20252026,Regular,292,3-19-2026,Montréal,3,Seattle,8,shot,1,3:16,196,0,0,,,204,60,,0,51,250,3,FALSE,Non quality on net,Snap
20252026,Regular,292,3-19-2026,Montréal,3,Seattle,8,shot,1,6:05,365,0,0,,,132,90,,0,79,250,3,FALSE,Quality on net,Wrist
20252026,Regular,292,3-19-2026,Montréal,3,Seattle,8,shot,1,6:51,411,0,0,,,93,209,,0,201,250,3,FALSE,Quality on net,Wrist
20252026,Regular,292,3-19-2026,Montréal,3,Seattle,8,shot,1,7:32,452,0,0,,,110,129,,0,32,250,3,FALSE,Quality on net,Wrist
20252026,Regular,292,3-19-2026,Montréal,3,Seattle,8,shot,1,7:35,455,0,0,,,135,115,,0,42,250,3,FALSE,Quality on net,Slap
20252026,Regular,292,3-19-2026,Montréal,3,Seattle,8,shot,1,10:42,642,0,0,,,194,279,,0,32,250,3,FALSE,Non quality on net,Snap
20252026,Regular,292,3-19-2026,Montréal,3,Seattle,8,shot,1,11:27,687,0,0,,,551,136,,0,224,28,8,FALSE,Quality on net,Wrist
20252026,Regular,292,3-19-2026,Montréal,3,Seattle,8,shot,1,11:36,696,0,0,,,399,261,,0,196,28,8,FALSE,Non quality on net,Wrist
20252026,Regular,292,3-19-2026,Montréal,3,Seattle,8,shot,1,12:24,744,0,0,,,126,153,,0,199,250,3,FALSE,Quality on net,Wrist
20252026,Regular,292,3-19-2026,Montréal,3,Seattle,8,shot,1,13:58,838,0,0,,,492,123,,0,34,28,8,FALSE,Quality on net,Wrist
20252026,Regular,292,3-19-2026,Montréal,3,Seattle,8,shot,1,14:10,850,0,0,,,107,205,,0,199,250,3,FALSE,Quality on net,Wrist
20252026,Regular,292,3-19-2026,Montréal,3,Seattle,8,shot,1,16:15,975,0,0,,,108,268,,0,39,250,3,FALSE,Non quality on net,Wrist
20252026,Regular,292,3-19-2026,Montréal,3,Seattle,8,shot,1,19:14,1154,0,0,,,405,45,,0,208,28,8,FALSE,Non quality on net,Snap
20252026,Regular,292,3-19-2026,Montréal,3,Seattle,8,shot,1,19:53,1193,0,0,,,466,159,,0,49,28,8,FALSE,Quality on net,Snap
20252026,Regular,292,3-19-2026,Montréal,3,Seattle,8,shot,2,1:33,1293,0,0,,,49,134,,0,4,250,3,FALSE,Quality on net,Wrist
20252026,Regular,292,3-19-2026,Montréal,3,Seattle,8,shot,2,2:06,1326,0,0,,,335,8,,0,142,28,8,FALSE,Non quality on net,Wrist
20252026,Regular,292,3-19-2026,Montréal,3,Seattle,8,shot,2,2:24,1344,0,0,,,83,161,,0,61,250,3,FALSE,Quality on net,Tip
20252026,Regular,292,3-19-2026,Montréal,3,Seattle,8,shot,2,3:58,1438,0,0,,,50,167,,0,39,250,3,FALSE,Quality on net,Wrist
20252026,Regular,292,3-19-2026,Montréal,3,Seattle,8,shot,2,4:17,1457,0,0,,,48,162,,0,157,250,3,TRUE,Quality goal,Wrist
20252026,Regular,292,3-19-2026,Montréal,3,Seattle,8,shot,2,6:32,1592,1,0,,,27,126,,1,39,250,3,FALSE,Non quality on net,Wrist
20252026,Regular,292,3-19-2026,Montréal,3,Seattle,8,shot,2,8:10,1690,1,0,,,45,98,,1,84,250,3,FALSE,Non quality on net,Wrist
20252026,Regular,292,3-19-2026,Montréal,3,Seattle,8,shot,2,10:21,1821,1,0,,,516,159,,-1,237,28,8,FALSE,Quality on net,Snap
20252026,Regular,292,3-19-2026,Montréal,3,Seattle,8,shot,2,10:22,1822,1,0,,,535,171,,-1,237,28,8,FALSE,Quality on net,Tip
20252026,Regular,292,3-19-2026,Montréal,3,Seattle,8,shot,2,11:17,1877,1,0,,,346,75,,-1,203,28,8,FALSE,Non quality on net,Wrist
20252026,Regular,292,3-19-2026,Montréal,3,Seattle,8,shot,2,12:16,1936,1,0,,,506,207,,-1,34,28,8,FALSE,Quality on net,Wrist
20252026,Regular,292,3-19-2026,Montréal,3,Seattle,8,shot,2,12:41,1961,1,0,,,497,173,,-1,224,28,8,FALSE,Quality on net,Snap
20252026,Regular,292,3-19-2026,Montréal,3,Seattle,8,shot,2,13:02,1982,1,0,,,63,120,,1,32,250,3,TRUE,Quality goal,Wrist
20252026,Regular,292,3-19-2026,Montréal,3,Seattle,8,shot,2,14:45,2085,2,0,,,509,100,,-2,49,28,8,FALSE,Quality on net,Wrist
20252026,Regular,292,3-19-2026,Montréal,3,Seattle,8,shot,2,15:02,2102,2,0,,,474,267,,-2,196,28,8,FALSE,Non quality on net,Wrist
20252026,Regular,292,3-19-2026,Montréal,3,Seattle,8,shot,2,19:18,2358,2,0,,,201,173,,2,253,250,3,FALSE,Non quality on net,Snap
20252026,Regular,292,3-19-2026,Montréal,3,Seattle,8,shot,3,0:55,2455,2,0,,,186,255,,2,253,250,3,FALSE,Non quality on net,Wrist
20252026,Regular,292,3-19-2026,Montréal,3,Seattle,8,shot,3,1:05,2465,2,0,,,155,97,,2,35,250,3,FALSE,Non quality on net,Slap
20252026,Regular,292,3-19-2026,Montréal,3,Seattle,8,shot,3,4:35,2675,2,0,,,465,144,,-2,293,28,8,FALSE,Quality on net,Wrist
20252026,Regular,292,3-19-2026,Montréal,3,Seattle,8,shot,3,5:08,2708,2,0,,,522,186,,-2,17,28,8,FALSE,Quality on net,Snap
20252026,Regular,292,3-19-2026,Montréal,3,Seattle,8,shot,3,7:13,2833,2,0,,,532,99,,-2,203,28,8,FALSE,Non quality on net,Wrist
20252026,Regular,292,3-19-2026,Montréal,3,Seattle,8,shot,3,7:56,2876,2,0,,,551,168,,-2,34,28,8,TRUE,Quality goal,Wrist
20252026,Regular,292,3-19-2026,Montréal,3,Seattle,8,shot,3,9:00,2940,2,1,,,138,122,,1,272,250,3,TRUE,Quality goal,Tip
20252026,Regular,292,3-19-2026,Montréal,3,Seattle,8,shot,3,9:30,2970,3,1,,,55,156,,2,157,250,3,FALSE,Quality on net,Wrist
20252026,Regular,292,3-19-2026,Montréal,3,Seattle,8,shot,3,11:23,3083,3,1,,,547,141,,-2,224,28,8,FALSE,Quality on net,Tip
20252026,Regular,292,3-19-2026,Montréal,3,Seattle,8,shot,3,11:30,3090,3,1,,,408,241,,-2,62,28,8,FALSE,Non quality on net,Wrist
20252026,Regular,292,3-19-2026,Montréal,3,Seattle,8,shot,3,12:20,3140,3,1,,,526,160,,-2,210,28,8,FALSE,Quality on net,Wrist
20252026,Regular,292,3-19-2026,Montréal,3,Seattle,8,shot,3,14:23,3263,3,1,,,544,139,,-2,224,28,8,FALSE,Quality on net,Backhand
20252026,Regular,292,3-19-2026,Montréal,3,Seattle,8,shot,3,14:25,3265,3,1,,,544,172,,-2,34,28,8,FALSE,Quality on net,Wrist
20252026,Regular,292,3-19-2026,Montréal,3,Seattle,8,shot,3,15:59,3359,3,1,,,481,52,,-2,203,28,8,FALSE,Non quality on net,Wrist
20252026,Regular,292,3-19-2026,Montréal,3,Seattle,8,shot,3,16:05,3365,3,1,,,528,64,,-2,203,28,8,FALSE,Non quality on net,Wrist
20252026,Regular,292,3-19-2026,Montréal,3,Seattle,8,shot,3,19:27,3567,3,1,,,91,143,,2,32,0,3,TRUE,Quality goal,Wrist
20252026,Regular,293,3-21-2026,Vancouver,9,Minnesota,2,shot,1,0:42,42,0,0,,,219,215,,0,114,123,9,FALSE,Non quality on net,Wrist
20252026,Regular,293,3-21-2026,Vancouver,9,Minnesota,2,shot,1,2:02,122,0,0,,,116,8,,0,220,123,9,FALSE,Non quality on net,Wrist
20252026,Regular,293,3-21-2026,Vancouver,9,Minnesota,2,shot,1,2:37,157,0,0,,,122,202,,0,89,123,9,FALSE,Quality on net,Wrist
20252026,Regular,293,3-21-2026,Vancouver,9,Minnesota,2,shot,1,4:09,249,0,0,,,536,122,,0,23,64,2,FALSE,Quality on net,Backhand
20252026,Regular,293,3-21-2026,Vancouver,9,Minnesota,2,shot,1,5:49,349,0,0,,,59,137,,0,209,123,9,FALSE,Quality on net,Wrist
20252026,Regular,293,3-21-2026,Vancouver,9,Minnesota,2,shot,1,5:56,356,0,0,,,74,217,,0,75,123,9,FALSE,Non quality on net,Wrist
20252026,Regular,293,3-21-2026,Vancouver,9,Minnesota,2,shot,1,6:57,417,0,0,,,94,124,,0,220,123,9,FALSE,Quality on net,Wrist
20252026,Regular,293,3-21-2026,Vancouver,9,Minnesota,2,shot,1,9:41,581,0,0,,,431,188,,0,189,64,2,FALSE,Non quality on net,Wrist
20252026,Regular,293,3-21-2026,Vancouver,9,Minnesota,2,shot,1,12:27,747,0,0,,,541,113,,0,23,64,2,FALSE,Non quality on net,Wrist
20252026,Regular,293,3-21-2026,Vancouver,9,Minnesota,2,shot,1,14:02,842,0,0,,,510,198,,0,90,64,2,TRUE,Quality goal,Default
20252026,Regular,293,3-21-2026,Vancouver,9,Minnesota,2,shot,1,14:40,880,0,1,,,357,246,,1,191,64,2,FALSE,Non quality on net,Wrist
20252026,Regular,293,3-21-2026,Vancouver,9,Minnesota,2,shot,1,17:26,1046,0,1,,,439,245,,1,236,64,2,FALSE,Non quality on net,Wrist
20252026,Regular,293,3-21-2026,Vancouver,9,Minnesota,2,shot,1,17:53,1073,0,1,,,521,121,,1,25,64,2,FALSE,Quality on net,Wrist
20252026,Regular,293,3-21-2026,Vancouver,9,Minnesota,2,shot,1,18:14,1094,0,1,,,482,212,,1,167,64,2,FALSE,Quality on net,Slap
20252026,Regular,293,3-21-2026,Vancouver,9,Minnesota,2,shot,2,0:55,1255,0,1,,,177,170,,-1,169,123,9,FALSE,Non quality on net,Wrist
20252026,Regular,293,3-21-2026,Vancouver,9,Minnesota,2,shot,2,1:17,1277,0,1,,,139,62,,-1,89,123,9,FALSE,Non quality on net,Slap
20252026,Regular,293,3-21-2026,Vancouver,9,Minnesota,2,shot,2,3:53,1433,0,1,,,538,225,,1,167,64,2,FALSE,Non quality on net,Wrist
20252026,Regular,293,3-21-2026,Vancouver,9,Minnesota,2,shot,2,4:52,1492,0,1,,,174,215,,-1,89,123,9,FALSE,Non quality on net,Wrist
20252026,Regular,293,3-21-2026,Vancouver,9,Minnesota,2,shot,2,7:40,1660,0,1,,,132,75,,-1,209,123,9,FALSE,Quality on net,Wrist
20252026,Regular,293,3-21-2026,Vancouver,9,Minnesota,2,shot,2,9:22,1762,0,1,,,60,147,,-1,11,123,9,FALSE,Quality on net,Wrist
20252026,Regular,293,3-21-2026,Vancouver,9,Minnesota,2,shot,2,9:52,1792,0,1,,,506,243,,1,189,64,2,FALSE,Non quality on net,Wrist
20252026,Regular,293,3-21-2026,Vancouver,9,Minnesota,2,shot,2,12:30,1950,0,1,,,156,161,,-1,89,123,9,FALSE,Non quality on net,Wrist
20252026,Regular,293,3-21-2026,Vancouver,9,Minnesota,2,shot,2,14:35,2075,0,1,,,563,127,,1,247,64,2,FALSE,Non quality on net,Wrist
20252026,Regular,293,3-21-2026,Vancouver,9,Minnesota,2,shot,2,14:37,2077,0,1,,,550,130,,1,188,64,2,FALSE,Quality on net,Tip
20252026,Regular,293,3-21-2026,Vancouver,9,Minnesota,2,shot,2,18:50,2330,0,1,,,435,204,,1,236,64,2,FALSE,Non quality on net,Wrist
20252026,Regular,293,3-21-2026,Vancouver,9,Minnesota,2,shot,2,19:30,2370,0,1,,,524,117,,1,23,64,2,TRUE,Quality goal,Default
20252026,Regular,293,3-21-2026,Vancouver,9,Minnesota,2,shot,3,2:18,2538,0,2,,,53,171,,-2,209,123,9,FALSE,Quality on net,Wrist
20252026,Regular,293,3-21-2026,Vancouver,9,Minnesota,2,shot,3,5:41,2741,0,2,,,209,116,,-2,11,123,9,FALSE,Non quality on net,Wrist
20252026,Regular,293,3-21-2026,Vancouver,9,Minnesota,2,shot,3,6:56,2816,0,2,,,496,163,,2,263,64,2,FALSE,Quality on net,Wrist
20252026,Regular,293,3-21-2026,Vancouver,9,Minnesota,2,shot,3,7:29,2849,0,2,,,517,189,,2,21,64,2,FALSE,Quality on net,Wrist
20252026,Regular,293,3-21-2026,Vancouver,9,Minnesota,2,shot,3,7:53,2873,0,2,,,392,222,,2,236,64,2,FALSE,Non quality on net,Wrist
20252026,Regular,293,3-21-2026,Vancouver,9,Minnesota,2,shot,3,8:39,2919,0,2,,,523,168,,2,190,64,2,FALSE,Quality on net,Backhand
20252026,Regular,293,3-21-2026,Vancouver,9,Minnesota,2,shot,3,8:49,2929,0,2,,,54,148,,-2,220,123,9,TRUE,Quality goal,Backhand
20252026,Regular,293,3-21-2026,Vancouver,9,Minnesota,2,shot,3,8:58,2938,1,2,,,495,93,,1,21,64,2,FALSE,Quality on net,Wrist
20252026,Regular,293,3-21-2026,Vancouver,9,Minnesota,2,shot,3,9:30,2970,1,2,,,514,122,,1,247,64,2,FALSE,Quality on net,Backhand
20252026,Regular,293,3-21-2026,Vancouver,9,Minnesota,2,shot,3,11:47,3107,1,2,,,75,177,,-1,220,123,9,FALSE,Quality on net,Tip
20252026,Regular,293,3-21-2026,Vancouver,9,Minnesota,2,shot,3,13:13,3193,1,2,,,204,187,,-1,75,123,9,FALSE,Non quality on net,Wrist
20252026,Regular,293,3-21-2026,Vancouver,9,Minnesota,2,shot,3,13:31,3211,1,2,,,534,172,,1,25,64,2,FALSE,Quality on net,Wrist
20252026,Regular,293,3-21-2026,Vancouver,9,Minnesota,2,shot,3,13:51,3231,1,2,,,169,106,,-1,89,123,9,FALSE,Non quality on net,Wrist
20252026,Regular,293,3-21-2026,Vancouver,9,Minnesota,2,shot,3,16:11,3371,1,2,,,128,120,,1,236,64,2,FALSE,Quality on net,Wrist
20252026,Regular,293,3-21-2026,Vancouver,9,Minnesota,2,shot,3,18:14,3494,1,2,,,547,157,,1,189,0,2,TRUE,Quality goal,Backhand
20252026,Regular,293,3-21-2026,Vancouver,9,Minnesota,2,shot,3,19:30,3570,1,3,,,71,146,,-2,161,123,9,FALSE,Quality on net,Wrist
20252026,Regular,293,3-21-2026,Vancouver,9,Minnesota,2,shot,3,19:42,3582,1,3,,,93,168,,-2,169,123,9,FALSE,Quality on net,Wrist
20252026,Regular,294,3-21-2026,Boston,1,Seattle,8,shot,1,0:15,15,0,0,,,417,71,,0,224,6,8,FALSE,Non quality on net,Snap
20252026,Regular,294,3-21-2026,Boston,1,Seattle,8,shot,1,0:25,25,0,0,,,510,149,,0,17,6,8,FALSE,Quality on net,Snap
20252026,Regular,294,3-21-2026,Boston,1,Seattle,8,shot,1,0:28,28,0,0,,,534,152,,0,17,6,8,FALSE,Quality on net,Wrist
20252026,Regular,294,3-21-2026,Boston,1,Seattle,8,shot,1,2:59,179,0,0,,,68,185,,0,12,155,1,FALSE,Quality on net,Tip
20252026,Regular,294,3-21-2026,Boston,1,Seattle,8,shot,1,4:35,275,0,0,,,495,158,,0,142,6,8,FALSE,Quality on net,Backhand
20252026,Regular,294,3-21-2026,Boston,1,Seattle,8,shot,1,5:57,357,0,0,,,131,212,,0,15,155,1,FALSE,Quality on net,Wrist
20252026,Regular,294,3-21-2026,Boston,1,Seattle,8,shot,1,6:49,409,0,0,,,215,274,,0,185,155,1,FALSE,Non quality on net,Wrist
20252026,Regular,294,3-21-2026,Boston,1,Seattle,8,shot,1,6:55,415,0,0,,,105,37,,0,255,155,1,FALSE,Non quality on net,Wrist
20252026,Regular,294,3-21-2026,Boston,1,Seattle,8,shot,1,6:59,419,0,0,,,65,128,,0,18,155,1,FALSE,Quality on net,Default
20252026,Regular,294,3-21-2026,Boston,1,Seattle,8,shot,1,8:06,486,0,0,,,89,153,,0,259,155,1,TRUE,Quality goal,Default
20252026,Regular,294,3-21-2026,Boston,1,Seattle,8,shot,1,11:49,709,1,0,,,54,201,,1,1,155,1,FALSE,Non quality on net,Wrist
20252026,Regular,294,3-21-2026,Boston,1,Seattle,8,shot,1,11:52,712,1,0,,,49,150,,1,1,155,1,FALSE,Quality on net,Default
20252026,Regular,294,3-21-2026,Boston,1,Seattle,8,shot,1,12:31,751,1,0,,,99,77,,1,246,155,1,FALSE,Quality on net,Default
20252026,Regular,294,3-21-2026,Boston,1,Seattle,8,shot,1,12:33,753,1,0,,,83,121,,1,246,155,1,FALSE,Quality on net,Default
20252026,Regular,294,3-21-2026,Boston,1,Seattle,8,shot,1,13:09,789,1,0,,,544,130,,-1,142,6,8,FALSE,Quality on net,Backhand
20252026,Regular,294,3-21-2026,Boston,1,Seattle,8,shot,1,13:16,796,1,0,,,541,158,,-1,49,6,8,FALSE,Quality on net,Snap
20252026,Regular,294,3-21-2026,Boston,1,Seattle,8,shot,1,13:23,803,1,0,,,504,187,,-1,203,6,8,FALSE,Quality on net,Snap
20252026,Regular,294,3-21-2026,Boston,1,Seattle,8,shot,1,13:25,805,1,0,,,533,162,,-1,142,6,8,FALSE,Quality on net,Wrist
20252026,Regular,294,3-21-2026,Boston,1,Seattle,8,shot,1,13:57,837,1,0,,,435,58,,-1,62,6,8,FALSE,Non quality on net,Slap
20252026,Regular,294,3-21-2026,Boston,1,Seattle,8,shot,1,15:01,901,1,0,,,121,147,,1,15,155,1,FALSE,Quality on net,Wrist
20252026,Regular,294,3-21-2026,Boston,1,Seattle,8,shot,1,17:16,1036,1,0,,,166,229,,1,8,155,1,FALSE,Non quality on net,Wrist
20252026,Regular,294,3-21-2026,Boston,1,Seattle,8,shot,1,17:48,1068,1,0,,,317,143,,-1,99,6,8,FALSE,Non quality on net,Wrist
20252026,Regular,294,3-21-2026,Boston,1,Seattle,8,shot,1,19:31,1171,1,0,,,527,165,,-1,17,6,8,FALSE,Quality on net,Wrist
20252026,Regular,294,3-21-2026,Boston,1,Seattle,8,shot,1,19:37,1177,1,0,,,549,172,,-1,49,6,8,FALSE,Quality on net,Default
20252026,Regular,294,3-21-2026,Boston,1,Seattle,8,shot,2,4:24,1464,1,0,,,92,183,,1,246,155,1,FALSE,Quality on net,Wrist
20252026,Regular,294,3-21-2026,Boston,1,Seattle,8,shot,2,5:53,1553,1,0,,,54,147,,1,97,155,1,FALSE,Quality on net,Default
20252026,Regular,294,3-21-2026,Boston,1,Seattle,8,shot,2,6:14,1574,1,0,,,475,254,,-1,224,6,8,FALSE,Non quality on net,Snap
20252026,Regular,294,3-21-2026,Boston,1,Seattle,8,shot,2,7:50,1670,1,0,,,427,32,,-1,210,6,8,FALSE,Non quality on net,Snap
20252026,Regular,294,3-21-2026,Boston,1,Seattle,8,shot,2,8:48,1728,1,0,,,389,34,,-1,210,6,8,FALSE,Non quality on net,Default
20252026,Regular,294,3-21-2026,Boston,1,Seattle,8,shot,2,10:23,1823,1,0,,,184,137,,1,12,155,1,FALSE,Non quality on net,Wrist
20252026,Regular,294,3-21-2026,Boston,1,Seattle,8,shot,2,10:36,1836,1,0,,,184,45,,1,246,155,1,FALSE,Non quality on net,Snap
20252026,Regular,294,3-21-2026,Boston,1,Seattle,8,shot,2,10:52,1852,1,0,,,75,180,,1,16,155,1,FALSE,Quality on net,Wrist
20252026,Regular,294,3-21-2026,Boston,1,Seattle,8,shot,2,11:17,1877,1,0,,,123,117,,1,246,155,1,FALSE,Quality on net,Wrist
20252026,Regular,294,3-21-2026,Boston,1,Seattle,8,shot,2,12:16,1936,1,0,,,84,100,,1,12,155,1,FALSE,Quality on net,Slap
20252026,Regular,294,3-21-2026,Boston,1,Seattle,8,shot,2,13:53,2033,1,0,,,154,201,,1,78,155,1,FALSE,Non quality on net,Wrist
20252026,Regular,294,3-21-2026,Boston,1,Seattle,8,shot,2,14:03,2043,1,0,,,84,79,,1,259,155,1,FALSE,Non quality on net,Default
20252026,Regular,294,3-21-2026,Boston,1,Seattle,8,shot,2,14:05,2045,1,0,,,63,128,,1,182,155,1,FALSE,Quality on net,Default
20252026,Regular,294,3-21-2026,Boston,1,Seattle,8,shot,2,14:37,2077,1,0,,,59,170,,1,97,155,1,FALSE,Quality on net,Wrist
20252026,Regular,294,3-21-2026,Boston,1,Seattle,8,shot,2,15:00,2100,1,0,,,101,85,,1,12,155,1,FALSE,Quality on net,Slap
20252026,Regular,294,3-21-2026,Boston,1,Seattle,8,shot,2,16:39,2199,1,0,,,100,177,,1,36,155,1,FALSE,Quality on net,Snap
20252026,Regular,294,3-21-2026,Boston,1,Seattle,8,shot,2,16:57,2217,1,0,,,107,151,,1,246,155,1,FALSE,Quality on net,Wrist
20252026,Regular,294,3-21-2026,Boston,1,Seattle,8,shot,2,18:25,2305,1,0,,,395,225,,-1,294,6,8,FALSE,Non quality on net,Wrist
20252026,Regular,294,3-21-2026,Boston,1,Seattle,8,shot,2,19:52,2392,1,0,,,558,135,,-1,224,6,8,FALSE,Quality on net,Default
20252026,Regular,294,3-21-2026,Boston,1,Seattle,8,shot,2,19:58,2398,1,0,,,411,72,,-1,208,6,8,FALSE,Non quality on net,Slap
20252026,Regular,294,3-21-2026,Boston,1,Seattle,8,shot,3,4:33,2673,1,0,,,57,166,,1,78,155,1,TRUE,Quality goal,Default
20252026,Regular,294,3-21-2026,Boston,1,Seattle,8,shot,3,7:19,2839,2,0,,,429,65,,-2,62,6,8,FALSE,Non quality on net,Slap
20252026,Regular,294,3-21-2026,Boston,1,Seattle,8,shot,3,8:05,2885,2,0,,,169,237,,2,246,155,1,FALSE,Non quality on net,Wrist
20252026,Regular,294,3-21-2026,Boston,1,Seattle,8,shot,3,9:18,2958,2,0,,,146,75,,2,246,155,1,TRUE,Non quality goal,Wrist
20252026,Regular,294,3-21-2026,Boston,1,Seattle,8,shot,3,12:07,3127,3,0,,,195,244,,3,232,155,1,FALSE,Non quality on net,Snap
20252026,Regular,294,3-21-2026,Boston,1,Seattle,8,shot,3,14:06,3246,3,0,,,531,183,,-3,17,6,8,FALSE,Quality on net,Default
20252026,Regular,294,3-21-2026,Boston,1,Seattle,8,shot,3,14:09,3249,3,0,,,540,129,,-3,49,6,8,FALSE,Quality on net,Default
20252026,Regular,294,3-21-2026,Boston,1,Seattle,8,shot,3,19:26,3566,3,0,,,213,247,,3,185,155,1,FALSE,Non quality on net,Slap
20252026,Regular,294,3-21-2026,Boston,1,Seattle,8,shot,3,19:37,3577,3,0,,,137,183,,3,243,155,1,FALSE,Quality on net,Wrist
20252026,Regular,294,3-21-2026,Boston,1,Seattle,8,shot,3,19:42,3582,3,0,,,166,261,,3,185,155,1,FALSE,Non quality on net,Wrist
20252026,Regular,295,3-22-2026,Ottawa,5,Montréal,3,shot,1,4:32,272,0,0,,,429,245,,0,271,222,3,FALSE,Non quality on net,Snap
20252026,Regular,295,3-22-2026,Ottawa,5,Montréal,3,shot,1,4:39,279,0,0,,,418,38,,0,5,222,3,FALSE,Non quality on net,Snap
20252026,Regular,295,3-22-2026,Ottawa,5,Montréal,3,shot,1,8:58,538,0,0,,,115,207,,0,223,28,5,FALSE,Quality on net,Snap
20252026,Regular,295,3-22-2026,Ottawa,5,Montréal,3,shot,1,9:36,576,0,0,,,518,283,,0,272,222,3,FALSE,Non quality on net,Snap
20252026,Regular,295,3-22-2026,Ottawa,5,Montréal,3,shot,1,10:43,643,0,0,,,543,134,,0,32,222,3,FALSE,Quality on net,Wrist
20252026,Regular,295,3-22-2026,Ottawa,5,Montréal,3,shot,1,11:58,718,0,0,,,62,167,,0,240,28,5,FALSE,Quality on net,Slap
20252026,Regular,295,3-22-2026,Ottawa,5,Montréal,3,shot,1,12:03,723,0,0,,,77,147,,0,241,28,5,FALSE,Quality on net,Wrist
20252026,Regular,295,3-22-2026,Ottawa,5,Montréal,3,shot,1,14:55,895,0,0,,,483,101,,0,199,222,3,FALSE,Quality on net,Wrist
20252026,Regular,295,3-22-2026,Ottawa,5,Montréal,3,shot,1,16:40,1000,0,0,,,167,28,,0,240,28,5,FALSE,Non quality on net,Wrist
20252026,Regular,295,3-22-2026,Ottawa,5,Montréal,3,shot,1,17:34,1054,0,0,,,146,239,,0,192,28,5,FALSE,Non quality on net,Snap
20252026,Regular,295,3-22-2026,Ottawa,5,Montréal,3,shot,1,17:41,1061,0,0,,,210,92,,0,242,28,5,FALSE,Non quality on net,Snap
20252026,Regular,295,3-22-2026,Ottawa,5,Montréal,3,shot,1,17:53,1073,0,0,,,50,128,,0,101,28,5,FALSE,Quality on net,Wrist
20252026,Regular,295,3-22-2026,Ottawa,5,Montréal,3,shot,1,18:11,1091,0,0,,,497,141,,0,199,222,3,FALSE,Quality on net,Wrist
20252026,Regular,295,3-22-2026,Ottawa,5,Montréal,3,shot,1,18:55,1135,0,0,,,178,255,,0,72,28,5,FALSE,Non quality on net,Wrist
20252026,Regular,295,3-22-2026,Ottawa,5,Montréal,3,shot,1,19:07,1147,0,0,,,201,124,,0,71,28,5,FALSE,Non quality on net,Wrist
20252026,Regular,295,3-22-2026,Ottawa,5,Montréal,3,shot,1,19:35,1175,0,0,,,87,78,,0,53,28,5,FALSE,Non quality on net,Backhand
20252026,Regular,295,3-22-2026,Ottawa,5,Montréal,3,shot,2,0:28,1228,0,0,,,123,155,,0,88,28,5,FALSE,Quality on net,Wrist
20252026,Regular,295,3-22-2026,Ottawa,5,Montréal,3,shot,2,4:06,1446,0,0,,,64,182,,0,38,28,5,FALSE,Quality on net,Wrist
20252026,Regular,295,3-22-2026,Ottawa,5,Montréal,3,shot,2,4:37,1477,0,0,,,538,179,,0,273,222,3,FALSE,Quality on net,Backhand
20252026,Regular,295,3-22-2026,Ottawa,5,Montréal,3,shot,2,5:18,1518,0,0,,,549,91,,0,253,222,3,FALSE,Non quality on net,Wrist
20252026,Regular,295,3-22-2026,Ottawa,5,Montréal,3,shot,2,5:37,1537,0,0,,,72,124,,0,57,28,5,TRUE,Quality goal,Wrist
20252026,Regular,295,3-22-2026,Ottawa,5,Montréal,3,shot,2,5:50,1550,1,0,,,464,179,,-1,274,222,3,FALSE,Quality on net,Backhand
20252026,Regular,295,3-22-2026,Ottawa,5,Montréal,3,shot,2,7:42,1662,1,0,,,207,178,,1,241,28,5,FALSE,Non quality on net,Slap
20252026,Regular,295,3-22-2026,Ottawa,5,Montréal,3,shot,2,7:47,1667,1,0,,,209,170,,1,219,28,5,FALSE,Non quality on net,Slap
20252026,Regular,295,3-22-2026,Ottawa,5,Montréal,3,shot,2,10:04,1804,1,0,,,421,175,,-1,253,222,3,FALSE,Non quality on net,Wrist
20252026,Regular,295,3-22-2026,Ottawa,5,Montréal,3,shot,2,11:20,1880,1,0,,,450,87,,-1,253,222,3,TRUE,Non quality goal,Wrist
20252026,Regular,295,3-22-2026,Ottawa,5,Montréal,3,shot,2,12:01,1921,1,1,,,57,135,,0,240,28,5,FALSE,Quality on net,Wrist
20252026,Regular,295,3-22-2026,Ottawa,5,Montréal,3,shot,2,13:22,2002,1,1,,,211,260,,0,219,28,5,FALSE,Non quality on net,Wrist
20252026,Regular,295,3-22-2026,Ottawa,5,Montréal,3,shot,2,13:41,2021,1,1,,,382,102,,0,79,222,3,FALSE,Non quality on net,Wrist
20252026,Regular,295,3-22-2026,Ottawa,5,Montréal,3,shot,2,14:59,2099,1,1,,,105,256,,0,115,28,5,FALSE,Non quality on net,Wrist
20252026,Regular,295,3-22-2026,Ottawa,5,Montréal,3,shot,3,0:10,2410,1,1,,,510,290,,0,42,222,3,FALSE,Non quality on net,Wrist
20252026,Regular,295,3-22-2026,Ottawa,5,Montréal,3,shot,3,2:49,2569,1,1,,,192,194,,0,223,28,5,FALSE,Non quality on net,Wrist
20252026,Regular,295,3-22-2026,Ottawa,5,Montréal,3,shot,3,3:34,2614,1,1,,,147,80,,0,58,28,5,FALSE,Non quality on net,Wrist
20252026,Regular,295,3-22-2026,Ottawa,5,Montréal,3,shot,3,4:19,2659,1,1,,,210,224,,0,219,28,5,FALSE,Non quality on net,Wrist
20252026,Regular,295,3-22-2026,Ottawa,5,Montréal,3,shot,3,4:35,2675,1,1,,,425,96,,0,32,222,3,FALSE,Non quality on net,Snap
20252026,Regular,295,3-22-2026,Ottawa,5,Montréal,3,shot,3,4:54,2694,1,1,,,394,42,,0,32,222,3,FALSE,Non quality on net,Wrist
20252026,Regular,295,3-22-2026,Ottawa,5,Montréal,3,shot,3,5:32,2732,1,1,,,441,203,,0,79,222,3,FALSE,Non quality on net,Wrist
20252026,Regular,295,3-22-2026,Ottawa,5,Montréal,3,shot,3,5:52,2752,1,1,,,394,207,,0,79,222,3,FALSE,Non quality on net,Snap
20252026,Regular,295,3-22-2026,Ottawa,5,Montréal,3,shot,3,6:42,2802,1,1,,,132,221,,0,240,28,5,FALSE,Quality on net,Slap
20252026,Regular,295,3-22-2026,Ottawa,5,Montréal,3,shot,3,7:05,2825,1,1,,,291,289,,0,71,28,5,FALSE,Non quality on net,Default
20252026,Regular,295,3-22-2026,Ottawa,5,Montréal,3,shot,3,11:24,3084,1,1,,,529,153,,0,42,222,3,FALSE,Quality on net,Backhand
20252026,Regular,295,3-22-2026,Ottawa,5,Montréal,3,shot,3,12:15,3135,1,1,,,515,101,,0,84,222,3,FALSE,Quality on net,Wrist
20252026,Regular,295,3-22-2026,Ottawa,5,Montréal,3,shot,3,13:31,3211,1,1,,,198,227,,0,240,28,5,FALSE,Non quality on net,Wrist
20252026,Regular,295,3-22-2026,Ottawa,5,Montréal,3,shot,3,14:26,3266,1,1,,,537,153,,0,157,222,3,FALSE,Quality on net,Tip
20252026,Regular,295,3-22-2026,Ottawa,5,Montréal,3,shot,3,16:50,3410,1,1,,,269,285,,0,219,28,5,FALSE,Non quality on net,Wrist
20252026,Regular,295,3-22-2026,Ottawa,5,Montréal,3,shot,3,17:24,3444,1,1,,,103,172,,0,53,28,5,FALSE,Quality on net,Wrist
20252026,Regular,295,3-22-2026,Ottawa,5,Montréal,3,shot,3,19:00,3540,1,1,,,118,64,,0,241,28,5,FALSE,Non quality on net,Wrist
20252026,Regular,295,3-22-2026,Ottawa,5,Montréal,3,shot,3,19:11,3551,1,1,,,473,112,,0,199,222,3,FALSE,Quality on net,Wrist
20252026,Regular,295,3-22-2026,Ottawa,5,Montréal,3,shot,4,0:12,3612,1,1,,,108,84,,0,72,28,5,TRUE,Quality goal,Wrist
20252026,Regular,296,3-24-2026,Boston,1,Vancouver,9,shot,1,0:56,56,0,0,,,45,243,,0,185,64,1,FALSE,Non quality on net,Wrist
20252026,Regular,296,3-24-2026,Boston,1,Vancouver,9,shot,1,1:54,114,0,0,,,97,59,,0,255,64,1,FALSE,Non quality on net,Snap
20252026,Regular,296,3-24-2026,Boston,1,Vancouver,9,shot,1,2:14,134,0,0,,,256,269,,0,11,6,9,FALSE,Non quality on net,Wrist
20252026,Regular,296,3-24-2026,Boston,1,Vancouver,9,shot,1,3:43,223,0,0,,,200,265,,0,254,64,1,FALSE,Non quality on net,Wrist
20252026,Regular,296,3-24-2026,Boston,1,Vancouver,9,shot,1,4:17,257,0,0,,,67,119,,0,246,64,1,FALSE,Quality on net,Backhand
20252026,Regular,296,3-24-2026,Boston,1,Vancouver,9,shot,1,4:19,259,0,0,,,51,152,,0,15,64,1,FALSE,Quality on net,Snap
20252026,Regular,296,3-24-2026,Boston,1,Vancouver,9,shot,1,6:36,396,0,0,,,469,209,,0,11,6,9,FALSE,Quality on net,Snap
20252026,Regular,296,3-24-2026,Boston,1,Vancouver,9,shot,1,8:49,529,0,0,,,105,87,,0,97,64,1,FALSE,Quality on net,Snap
20252026,Regular,296,3-24-2026,Boston,1,Vancouver,9,shot,1,9:03,543,0,0,,,487,75,,0,239,6,9,FALSE,Quality on net,Snap
20252026,Regular,296,3-24-2026,Boston,1,Vancouver,9,shot,1,9:27,567,0,0,,,461,92,,0,11,6,9,FALSE,Quality on net,Snap
20252026,Regular,296,3-24-2026,Boston,1,Vancouver,9,shot,1,13:46,826,0,0,,,212,91,,0,185,64,1,FALSE,Non quality on net,Snap
20252026,Regular,296,3-24-2026,Boston,1,Vancouver,9,shot,1,14:43,883,0,0,,,470,155,,0,89,6,9,FALSE,Quality on net,Wrist
20252026,Regular,296,3-24-2026,Boston,1,Vancouver,9,shot,1,15:49,949,0,0,,,98,242,,0,15,64,1,FALSE,Non quality on net,Wrist
20252026,Regular,296,3-24-2026,Boston,1,Vancouver,9,shot,1,19:50,1190,0,0,,,429,261,,0,11,6,9,FALSE,Non quality on net,Wrist
20252026,Regular,296,3-24-2026,Boston,1,Vancouver,9,shot,2,1:23,1283,0,0,,,483,119,,0,221,6,9,FALSE,Quality on net,Wrist
20252026,Regular,296,3-24-2026,Boston,1,Vancouver,9,shot,2,2:35,1355,0,0,,,114,117,,0,259,64,1,FALSE,Quality on net,Wrist
20252026,Regular,296,3-24-2026,Boston,1,Vancouver,9,shot,2,3:00,1380,0,0,,,135,206,,0,12,64,1,FALSE,Quality on net,Snap
20252026,Regular,296,3-24-2026,Boston,1,Vancouver,9,shot,2,3:02,1382,0,0,,,57,159,,0,18,64,1,FALSE,Quality on net,Backhand
20252026,Regular,296,3-24-2026,Boston,1,Vancouver,9,shot,2,3:46,1426,0,0,,,76,165,,0,15,64,1,FALSE,Quality on net,Tip
20252026,Regular,296,3-24-2026,Boston,1,Vancouver,9,shot,2,4:18,1458,0,0,,,403,99,,0,161,6,9,FALSE,Non quality on net,Wrist
20252026,Regular,296,3-24-2026,Boston,1,Vancouver,9,shot,2,4:55,1495,0,0,,,494,197,,0,209,6,9,FALSE,Quality on net,Wrist
20252026,Regular,296,3-24-2026,Boston,1,Vancouver,9,shot,2,5:06,1506,0,0,,,173,237,,0,16,64,1,FALSE,Non quality on net,Wrist
20252026,Regular,296,3-24-2026,Boston,1,Vancouver,9,shot,2,5:43,1543,0,0,,,498,93,,0,169,6,9,FALSE,Quality on net,Snap
20252026,Regular,296,3-24-2026,Boston,1,Vancouver,9,shot,2,6:47,1607,0,0,,,545,129,,0,209,6,9,FALSE,Quality on net,Backhand
20252026,Regular,296,3-24-2026,Boston,1,Vancouver,9,shot,2,8:13,1693,0,0,,,410,222,,0,11,6,9,FALSE,Non quality on net,Snap
20252026,Regular,296,3-24-2026,Boston,1,Vancouver,9,shot,2,8:22,1702,0,0,,,471,51,,0,220,6,9,FALSE,Non quality on net,Slap
20252026,Regular,296,3-24-2026,Boston,1,Vancouver,9,shot,2,9:03,1743,0,0,,,79,148,,0,212,64,1,TRUE,Quality goal,Tip
20252026,Regular,296,3-24-2026,Boston,1,Vancouver,9,shot,2,9:20,1760,1,0,,,183,214,,1,255,64,1,FALSE,Non quality on net,Snap
20252026,Regular,296,3-24-2026,Boston,1,Vancouver,9,shot,2,10:10,1810,1,0,,,65,125,,1,243,64,1,FALSE,Quality on net,Backhand
20252026,Regular,296,3-24-2026,Boston,1,Vancouver,9,shot,2,10:12,1812,1,0,,,63,165,,1,182,64,1,FALSE,Quality on net,Wrist
20252026,Regular,296,3-24-2026,Boston,1,Vancouver,9,shot,2,10:23,1823,1,0,,,495,62,,-1,75,6,9,FALSE,Non quality on net,Wrist
20252026,Regular,296,3-24-2026,Boston,1,Vancouver,9,shot,2,10:55,1855,1,0,,,405,43,,-1,169,6,9,FALSE,Non quality on net,Slap
20252026,Regular,296,3-24-2026,Boston,1,Vancouver,9,shot,2,11:25,1885,1,0,,,398,259,,-1,220,6,9,FALSE,Non quality on net,Snap
20252026,Regular,296,3-24-2026,Boston,1,Vancouver,9,shot,2,11:32,1892,1,0,,,554,120,,-1,198,6,9,FALSE,Non quality on net,Default
20252026,Regular,296,3-24-2026,Boston,1,Vancouver,9,shot,2,12:02,1922,1,0,,,477,103,,-1,11,6,9,FALSE,Quality on net,Default
20252026,Regular,296,3-24-2026,Boston,1,Vancouver,9,shot,2,12:10,1930,1,0,,,137,185,,1,15,64,1,FALSE,Quality on net,Wrist
20252026,Regular,296,3-24-2026,Boston,1,Vancouver,9,shot,2,14:41,2081,1,0,,,521,79,,-1,252,6,9,FALSE,Non quality on net,Wrist
20252026,Regular,296,3-24-2026,Boston,1,Vancouver,9,shot,2,15:10,2110,1,0,,,95,172,,1,16,64,1,FALSE,Quality on net,Snap
20252026,Regular,296,3-24-2026,Boston,1,Vancouver,9,shot,2,15:41,2141,1,0,,,425,127,,-1,221,6,9,FALSE,Non quality on net,Wrist
20252026,Regular,296,3-24-2026,Boston,1,Vancouver,9,shot,2,17:37,2257,1,0,,,471,231,,-1,180,6,9,FALSE,Non quality on net,Slap
20252026,Regular,296,3-24-2026,Boston,1,Vancouver,9,shot,2,18:52,2332,1,0,,,467,175,,-1,89,6,9,FALSE,Quality on net,Wrist
20252026,Regular,296,3-24-2026,Boston,1,Vancouver,9,shot,3,1:12,2472,1,0,,,540,85,,-1,11,6,9,FALSE,Non quality on net,Wrist
20252026,Regular,296,3-24-2026,Boston,1,Vancouver,9,shot,3,2:30,2550,1,0,,,509,206,,-1,161,6,9,FALSE,Quality on net,Wrist
20252026,Regular,296,3-24-2026,Boston,1,Vancouver,9,shot,3,3:47,2627,1,0,,,75,155,,1,212,64,1,FALSE,Quality on net,Wrist
20252026,Regular,296,3-24-2026,Boston,1,Vancouver,9,shot,3,5:31,2731,1,0,,,89,181,,1,243,64,1,FALSE,Quality on net,Wrist
20252026,Regular,296,3-24-2026,Boston,1,Vancouver,9,shot,3,6:07,2767,1,0,,,433,155,,-1,209,6,9,FALSE,Non quality on net,Snap
20252026,Regular,296,3-24-2026,Boston,1,Vancouver,9,shot,3,6:27,2787,1,0,,,500,98,,-1,169,6,9,FALSE,Quality on net,Wrist
20252026,Regular,296,3-24-2026,Boston,1,Vancouver,9,shot,3,6:28,2788,1,0,,,519,107,,-1,89,6,9,FALSE,Quality on net,Snap
20252026,Regular,296,3-24-2026,Boston,1,Vancouver,9,shot,3,6:44,2804,1,0,,,487,93,,-1,75,6,9,FALSE,Quality on net,Tip
20252026,Regular,296,3-24-2026,Boston,1,Vancouver,9,shot,3,6:58,2818,1,0,,,536,125,,-1,89,6,9,FALSE,Quality on net,Backhand
20252026,Regular,296,3-24-2026,Boston,1,Vancouver,9,shot,3,7:12,2832,1,0,,,530,179,,-1,75,6,9,FALSE,Quality on net,Snap
20252026,Regular,296,3-24-2026,Boston,1,Vancouver,9,shot,3,7:13,2833,1,0,,,541,156,,-1,75,6,9,FALSE,Quality on net,Default
20252026,Regular,296,3-24-2026,Boston,1,Vancouver,9,shot,3,7:25,2845,1,0,,,481,208,,-1,89,6,9,FALSE,Quality on net,Wrist
20252026,Regular,296,3-24-2026,Boston,1,Vancouver,9,shot,3,8:45,2925,1,0,,,451,252,,-1,305,6,9,FALSE,Non quality on net,Wrist
20252026,Regular,296,3-24-2026,Boston,1,Vancouver,9,shot,3,9:31,2971,1,0,,,473,81,,-1,89,6,9,FALSE,Quality on net,Default
20252026,Regular,296,3-24-2026,Boston,1,Vancouver,9,shot,3,9:58,2998,1,0,,,151,101,,1,246,64,1,FALSE,Non quality on net,Snap
20252026,Regular,296,3-24-2026,Boston,1,Vancouver,9,shot,3,11:12,3072,1,0,,,57,160,,1,8,64,1,FALSE,Quality on net,Tip
20252026,Regular,296,3-24-2026,Boston,1,Vancouver,9,shot,3,11:13,3073,1,0,,,46,174,,1,36,64,1,FALSE,Non quality on net,Default
20252026,Regular,296,3-24-2026,Boston,1,Vancouver,9,shot,3,12:40,3160,1,0,,,183,166,,1,246,64,1,FALSE,Non quality on net,Wrist
20252026,Regular,296,3-24-2026,Boston,1,Vancouver,9,shot,3,13:20,3200,1,0,,,51,211,,1,36,64,1,FALSE,Non quality on net,Wrist
20252026,Regular,296,3-24-2026,Boston,1,Vancouver,9,shot,3,13:21,3201,1,0,,,58,166,,1,78,64,1,FALSE,Quality on net,Default
20252026,Regular,296,3-24-2026,Boston,1,Vancouver,9,shot,3,14:31,3271,1,0,,,478,54,,-1,198,6,9,FALSE,Non quality on net,Snap
20252026,Regular,296,3-24-2026,Boston,1,Vancouver,9,shot,3,18:27,3507,1,0,,,177,183,,1,97,64,1,FALSE,Non quality on net,Tip
20252026,Regular,296,3-24-2026,Boston,1,Vancouver,9,shot,3,19:38,3578,1,0,,,285,61,,1,78,0,1,TRUE,Non quality goal,Wrist
20252026,Regular,297,3-25-2026,Minnesota,2,Montréal,3,shot,1,0:47,47,0,0,,,121,142,,0,189,28,2,FALSE,Quality on net,Wrist
20252026,Regular,297,3-25-2026,Minnesota,2,Montréal,3,shot,1,1:37,97,0,0,,,88,81,,0,25,28,2,FALSE,Non quality on net,Wrist
20252026,Regular,297,3-25-2026,Minnesota,2,Montréal,3,shot,1,3:46,226,0,0,,,495,159,,0,61,123,3,FALSE,Quality on net,Tip
20252026,Regular,297,3-25-2026,Minnesota,2,Montréal,3,shot,1,5:23,323,0,0,,,79,144,,0,191,28,2,FALSE,Quality on net,Tip
20252026,Regular,297,3-25-2026,Minnesota,2,Montréal,3,shot,1,6:55,415,0,0,,,543,189,,0,128,123,3,FALSE,Non quality on net,Wrist
20252026,Regular,297,3-25-2026,Minnesota,2,Montréal,3,shot,1,7:34,454,0,0,,,178,252,,0,37,28,2,FALSE,Non quality on net,Snap
20252026,Regular,297,3-25-2026,Minnesota,2,Montréal,3,shot,1,9:31,571,0,0,,,71,184,,0,189,28,2,FALSE,Quality on net,Wrist
20252026,Regular,297,3-25-2026,Minnesota,2,Montréal,3,shot,1,13:06,786,0,0,,,407,79,,0,320,123,3,FALSE,Non quality on net,Wrist
20252026,Regular,297,3-25-2026,Minnesota,2,Montréal,3,shot,1,13:14,794,0,0,,,543,204,,0,5,123,3,FALSE,Non quality on net,Wrist
20252026,Regular,297,3-25-2026,Minnesota,2,Montréal,3,shot,1,14:13,853,0,0,,,79,193,,0,263,28,2,FALSE,Quality on net,Wrist
20252026,Regular,297,3-25-2026,Minnesota,2,Montréal,3,shot,1,16:40,1000,0,0,,,546,99,,0,4,123,3,FALSE,Non quality on net,Wrist
20252026,Regular,297,3-25-2026,Minnesota,2,Montréal,3,shot,2,0:43,1243,0,0,,,550,129,,0,61,123,3,FALSE,Quality on net,Backhand
20252026,Regular,297,3-25-2026,Minnesota,2,Montréal,3,shot,2,0:44,1244,0,0,,,544,157,,0,272,123,3,FALSE,Quality on net,Backhand
20252026,Regular,297,3-25-2026,Minnesota,2,Montréal,3,shot,2,0:53,1253,0,0,,,405,221,,0,51,123,3,FALSE,Non quality on net,Wrist
20252026,Regular,297,3-25-2026,Minnesota,2,Montréal,3,shot,2,3:35,1415,0,0,,,422,57,,0,253,123,3,FALSE,Non quality on net,Wrist
20252026,Regular,297,3-25-2026,Minnesota,2,Montréal,3,shot,2,3:53,1433,0,0,,,448,168,,0,32,123,3,FALSE,Non quality on net,Wrist
20252026,Regular,297,3-25-2026,Minnesota,2,Montréal,3,shot,2,6:32,1592,0,0,,,105,68,,0,25,28,2,FALSE,Non quality on net,Wrist
20252026,Regular,297,3-25-2026,Minnesota,2,Montréal,3,shot,2,7:07,1627,0,0,,,196,48,,0,264,28,2,FALSE,Non quality on net,Wrist
20252026,Regular,297,3-25-2026,Minnesota,2,Montréal,3,shot,2,9:22,1762,0,0,,,189,119,,0,167,28,2,FALSE,Non quality on net,Wrist
20252026,Regular,297,3-25-2026,Minnesota,2,Montréal,3,shot,2,9:33,1773,0,0,,,523,166,,0,128,123,3,FALSE,Quality on net,Wrist
20252026,Regular,297,3-25-2026,Minnesota,2,Montréal,3,shot,2,10:01,1801,0,0,,,512,195,,0,201,123,3,FALSE,Quality on net,Wrist
20252026,Regular,297,3-25-2026,Minnesota,2,Montréal,3,shot,2,10:06,1806,0,0,,,545,50,,0,84,123,3,FALSE,Non quality on net,Wrist
20252026,Regular,297,3-25-2026,Minnesota,2,Montréal,3,shot,2,10:43,1843,0,0,,,58,151,,0,189,28,2,FALSE,Quality on net,Tip
20252026,Regular,297,3-25-2026,Minnesota,2,Montréal,3,shot,2,11:47,1907,0,0,,,543,191,,0,61,123,3,FALSE,Non quality on net,Wrist
20252026,Regular,297,3-25-2026,Minnesota,2,Montréal,3,shot,2,12:38,1958,0,0,,,138,151,,0,25,28,2,FALSE,Quality on net,Wrist
20252026,Regular,297,3-25-2026,Minnesota,2,Montréal,3,shot,2,13:39,2019,0,0,,,62,142,,0,167,28,2,FALSE,Quality on net,Tip
20252026,Regular,297,3-25-2026,Minnesota,2,Montréal,3,shot,2,13:58,2038,0,0,,,520,105,,0,61,123,3,FALSE,Quality on net,Wrist
20252026,Regular,297,3-25-2026,Minnesota,2,Montréal,3,shot,2,15:42,2142,0,0,,,528,201,,0,274,123,3,FALSE,Non quality on net,Wrist
20252026,Regular,297,3-25-2026,Minnesota,2,Montréal,3,shot,2,19:19,2359,0,0,,,440,135,,0,157,123,3,TRUE,Non quality goal,Slap
20252026,Regular,297,3-25-2026,Minnesota,2,Montréal,3,shot,3,2:56,2576,0,1,,,538,203,,1,61,123,3,FALSE,Non quality on net,Snap
20252026,Regular,297,3-25-2026,Minnesota,2,Montréal,3,shot,3,3:02,2582,0,1,,,537,163,,1,61,123,3,FALSE,Quality on net,Wrist
20252026,Regular,297,3-25-2026,Minnesota,2,Montréal,3,shot,3,3:11,2591,0,1,,,176,93,,-1,167,28,2,FALSE,Non quality on net,Snap
20252026,Regular,297,3-25-2026,Minnesota,2,Montréal,3,shot,3,4:16,2656,0,1,,,149,90,,-1,236,28,2,FALSE,Non quality on net,Wrist
20252026,Regular,297,3-25-2026,Minnesota,2,Montréal,3,shot,3,5:01,2701,0,1,,,387,58,,1,253,123,3,FALSE,Non quality on net,Slap
20252026,Regular,297,3-25-2026,Minnesota,2,Montréal,3,shot,3,5:03,2703,0,1,,,557,180,,1,61,123,3,TRUE,Non quality goal,Wrist
20252026,Regular,297,3-25-2026,Minnesota,2,Montréal,3,shot,3,7:13,2833,0,2,,,132,171,,-2,37,28,2,FALSE,Quality on net,Wrist
20252026,Regular,297,3-25-2026,Minnesota,2,Montréal,3,shot,3,7:36,2856,0,2,,,45,129,,-2,23,28,2,FALSE,Quality on net,Tip
20252026,Regular,297,3-25-2026,Minnesota,2,Montréal,3,shot,3,7:58,2878,0,2,,,500,94,,2,272,123,3,FALSE,Quality on net,Wrist
20252026,Regular,297,3-25-2026,Minnesota,2,Montréal,3,shot,3,9:05,2945,0,2,,,192,75,,-2,264,28,2,FALSE,Non quality on net,Wrist
20252026,Regular,297,3-25-2026,Minnesota,2,Montréal,3,shot,3,9:46,2986,0,2,,,512,173,,2,39,123,3,FALSE,Quality on net,Snap
20252026,Regular,297,3-25-2026,Minnesota,2,Montréal,3,shot,3,9:57,2997,0,2,,,522,182,,2,201,123,3,TRUE,Quality goal,Snap
20252026,Regular,297,3-25-2026,Minnesota,2,Montréal,3,shot,3,11:45,3105,0,3,,,505,122,,3,35,123,3,FALSE,Quality on net,Snap
20252026,Regular,297,3-25-2026,Minnesota,2,Montréal,3,shot,3,13:31,3211,0,3,,,389,141,,3,272,123,3,FALSE,Non quality on net,Wrist
20252026,Regular,297,3-25-2026,Minnesota,2,Montréal,3,shot,3,13:44,3224,0,3,,,118,145,,-3,21,28,2,FALSE,Quality on net,Snap
20252026,Regular,297,3-25-2026,Minnesota,2,Montréal,3,shot,3,14:13,3253,0,3,,,116,244,,-3,167,28,2,FALSE,Non quality on net,Wrist
20252026,Regular,297,3-25-2026,Minnesota,2,Montréal,3,shot,3,16:58,3418,0,3,,,434,159,,3,201,123,3,FALSE,Non quality on net,Snap
20252026,Regular,297,3-25-2026,Minnesota,2,Montréal,3,shot,3,17:43,3463,0,3,,,48,185,,-3,21,28,2,FALSE,Non quality on net,Backhand
20252026,Regular,297,3-25-2026,Minnesota,2,Montréal,3,shot,3,18:27,3507,0,3,,,340,189,,3,253,123,3,FALSE,Non quality on net,Default
20252026,Regular,297,3-25-2026,Minnesota,2,Montréal,3,shot,3,18:38,3518,0,3,,,131,58,,-3,37,28,2,FALSE,Non quality on net,Wrist
20252026,Regular,298,3-25-2026,Seattle,8,New York,4,shot,1,4:27,267,0,0,,,388,102,,0,229,155,4,FALSE,Non quality on net,Default
20252026,Regular,298,3-25-2026,Seattle,8,New York,4,shot,1,7:20,440,0,0,,,81,202,,0,293,228,8,FALSE,Quality on net,Default
20252026,Regular,298,3-25-2026,Seattle,8,New York,4,shot,1,7:31,451,0,0,,,485,119,,0,45,155,4,FALSE,Quality on net,Default
20252026,Regular,298,3-25-2026,Seattle,8,New York,4,shot,1,7:37,457,0,0,,,537,201,,0,230,155,4,FALSE,Non quality on net,Default
20252026,Regular,298,3-25-2026,Seattle,8,New York,4,shot,1,8:44,524,0,0,,,454,60,,0,30,155,4,FALSE,Non quality on net,Default
20252026,Regular,298,3-25-2026,Seattle,8,New York,4,shot,1,9:08,548,0,0,,,530,189,,0,249,155,4,FALSE,Quality on net,Default
20252026,Regular,298,3-25-2026,Seattle,8,New York,4,shot,1,10:33,633,0,0,,,49,124,,0,17,228,8,TRUE,Quality goal,Wrist
20252026,Regular,298,3-25-2026,Seattle,8,New York,4,shot,1,11:21,681,1,0,,,532,124,,-1,249,155,4,FALSE,Quality on net,Default
20252026,Regular,298,3-25-2026,Seattle,8,New York,4,shot,1,14:25,865,1,0,,,73,173,,1,224,228,8,TRUE,Quality goal,Backhand
20252026,Regular,298,3-25-2026,Seattle,8,New York,4,shot,1,15:27,927,2,0,,,123,258,,2,210,228,8,FALSE,Non quality on net,Wrist
20252026,Regular,298,3-25-2026,Seattle,8,New York,4,shot,1,15:32,932,2,0,,,132,132,,2,210,228,8,FALSE,Quality on net,Backhand
20252026,Regular,298,3-25-2026,Seattle,8,New York,4,shot,1,15:48,948,2,0,,,207,80,,2,203,228,8,FALSE,Non quality on net,Default
20252026,Regular,298,3-25-2026,Seattle,8,New York,4,shot,1,16:02,962,2,0,,,531,101,,-2,87,155,4,FALSE,Non quality on net,Wrist
20252026,Regular,298,3-25-2026,Seattle,8,New York,4,shot,1,16:04,964,2,0,,,549,117,,-2,87,155,4,FALSE,Non quality on net,Wrist
20252026,Regular,298,3-25-2026,Seattle,8,New York,4,shot,1,16:43,1003,2,0,,,525,158,,-2,45,155,4,FALSE,Quality on net,Default
20252026,Regular,298,3-25-2026,Seattle,8,New York,4,shot,1,19:34,1174,2,0,,,49,177,,2,196,228,8,TRUE,Non quality goal,Wrist
20252026,Regular,298,3-25-2026,Seattle,8,New York,4,shot,1,19:58,1198,3,0,,,115,216,,3,142,228,8,FALSE,Quality on net,Default
20252026,Regular,298,3-25-2026,Seattle,8,New York,4,shot,2,1:33,1293,3,0,,,407,117,,-3,87,155,4,FALSE,Non quality on net,Snap
20252026,Regular,298,3-25-2026,Seattle,8,New York,4,shot,2,2:57,1377,3,0,,,40,187,,3,210,228,8,FALSE,Non quality on net,Default
20252026,Regular,298,3-25-2026,Seattle,8,New York,4,shot,2,3:23,1403,3,0,,,136,251,,3,196,228,8,FALSE,Non quality on net,Slap
20252026,Regular,298,3-25-2026,Seattle,8,New York,4,shot,2,5:45,1545,3,0,,,495,179,,-3,45,155,4,FALSE,Quality on net,Default
20252026,Regular,298,3-25-2026,Seattle,8,New York,4,shot,2,6:31,1591,3,0,,,519,105,,-3,277,155,4,FALSE,Quality on net,Slap
20252026,Regular,298,3-25-2026,Seattle,8,New York,4,shot,2,6:53,1613,3,0,,,483,95,,-3,249,155,4,FALSE,Quality on net,Wrist
20252026,Regular,298,3-25-2026,Seattle,8,New York,4,shot,2,7:32,1652,3,0,,,463,225,,-3,230,155,4,FALSE,Quality on net,Wrist
20252026,Regular,298,3-25-2026,Seattle,8,New York,4,shot,2,7:42,1662,3,0,,,498,74,,-3,249,155,4,FALSE,Quality on net,Wrist
20252026,Regular,298,3-25-2026,Seattle,8,New York,4,shot,2,7:54,1674,3,0,,,443,203,,-3,87,155,4,FALSE,Non quality on net,Wrist
20252026,Regular,298,3-25-2026,Seattle,8,New York,4,shot,2,10:51,1851,3,0,,,529,69,,3,208,228,8,FALSE,Non quality on net,Snap
20252026,Regular,298,3-25-2026,Seattle,8,New York,4,shot,2,14:01,2041,3,0,,,42,105,,3,49,228,8,FALSE,Non quality on net,Wrist
20252026,Regular,298,3-25-2026,Seattle,8,New York,4,shot,2,14:21,2061,3,0,,,69,123,,3,210,228,8,FALSE,Quality on net,Backhand
20252026,Regular,298,3-25-2026,Seattle,8,New York,4,shot,2,14:40,2080,3,0,,,132,182,,3,293,228,8,FALSE,Quality on net,Tip
20252026,Regular,298,3-25-2026,Seattle,8,New York,4,shot,2,16:13,2173,3,0,,,398,165,,-3,47,155,4,FALSE,Non quality on net,Wrist
20252026,Regular,298,3-25-2026,Seattle,8,New York,4,shot,2,19:00,2340,3,0,,,445,179,,-3,205,155,4,FALSE,Non quality on net,Wrist
20252026,Regular,298,3-25-2026,Seattle,8,New York,4,shot,3,2:11,2531,3,0,,,538,177,,-3,116,155,4,FALSE,Quality on net,Backhand
20252026,Regular,298,3-25-2026,Seattle,8,New York,4,shot,3,2:11,2531,3,0,,,514,151,,-3,207,155,4,FALSE,Quality on net,Wrist
20252026,Regular,298,3-25-2026,Seattle,8,New York,4,shot,3,2:30,2550,3,0,,,555,65,,-3,205,155,4,FALSE,Non quality on net,Wrist
20252026,Regular,298,3-25-2026,Seattle,8,New York,4,shot,3,3:28,2608,3,0,,,56,120,,3,49,228,8,FALSE,Quality on net,Snap
20252026,Regular,298,3-25-2026,Seattle,8,New York,4,shot,3,3:47,2627,3,0,,,523,91,,-3,40,155,4,FALSE,Non quality on net,Wrist
20252026,Regular,298,3-25-2026,Seattle,8,New York,4,shot,3,4:53,2693,3,0,,,535,103,,-3,45,155,4,FALSE,Non quality on net,Slap
20252026,Regular,298,3-25-2026,Seattle,8,New York,4,shot,3,5:03,2703,3,0,,,97,227,,3,291,228,8,FALSE,Non quality on net,Wrist
20252026,Regular,298,3-25-2026,Seattle,8,New York,4,shot,3,5:05,2705,3,0,,,89,154,,3,295,228,8,FALSE,Quality on net,Wrist
20252026,Regular,298,3-25-2026,Seattle,8,New York,4,shot,3,5:46,2746,3,0,,,501,136,,-3,280,155,4,FALSE,Quality on net,Wrist
20252026,Regular,298,3-25-2026,Seattle,8,New York,4,shot,3,5:47,2747,3,0,,,525,145,,-3,205,155,4,FALSE,Quality on net,Wrist
20252026,Regular,298,3-25-2026,Seattle,8,New York,4,shot,3,5:48,2748,3,0,,,557,145,,-3,205,155,4,TRUE,Quality goal,Wrist
20252026,Regular,298,3-25-2026,Seattle,8,New York,4,shot,3,9:22,2962,3,1,,,45,187,,2,224,228,8,FALSE,Non quality on net,Wrist
20252026,Regular,298,3-25-2026,Seattle,8,New York,4,shot,3,9:48,2988,3,1,,,181,60,,2,34,228,8,TRUE,Non quality goal,Wrist
20252026,Regular,298,3-25-2026,Seattle,8,New York,4,shot,3,12:30,3150,4,1,,,467,87,,-3,249,155,4,FALSE,Quality on net,Wrist
20252026,Regular,298,3-25-2026,Seattle,8,New York,4,shot,3,13:40,3220,4,1,,,157,53,,3,210,228,8,FALSE,Non quality on net,Wrist
20252026,Regular,298,3-25-2026,Seattle,8,New York,4,shot,3,17:07,3427,4,1,,,533,109,,-3,47,155,4,FALSE,Quality on net,Default
20252026,Regular,298,3-25-2026,Seattle,8,New York,4,shot,3,18:09,3489,4,1,,,495,167,,-3,205,155,4,FALSE,Quality on net,Wrist
20252026,Regular,298,3-25-2026,Seattle,8,New York,4,shot,3,19:40,3580,4,1,,,479,141,,-3,47,155,4,FALSE,Quality on net,Wrist
20252026,Regular,299,3-27-2026,Toronto,6,Boston,1,shot,1,0:59,59,0,0,,,388,91,,0,183,85,1,FALSE,Non quality on net,Wrist
20252026,Regular,299,3-27-2026,Toronto,6,Boston,1,shot,1,3:24,204,0,0,,,39,226,,0,63,6,6,FALSE,Non quality on net,Wrist
20252026,Regular,299,3-27-2026,Toronto,6,Boston,1,shot,1,5:31,331,0,0,,,504,129,,0,15,85,1,FALSE,Quality on net,Wrist
20252026,Regular,299,3-27-2026,Toronto,6,Boston,1,shot,1,5:58,358,0,0,,,95,116,,0,65,6,6,FALSE,Quality on net,Wrist
20252026,Regular,299,3-27-2026,Toronto,6,Boston,1,shot,1,6:51,411,0,0,,,164,125,,0,68,6,6,FALSE,Non quality on net,Wrist
20252026,Regular,299,3-27-2026,Toronto,6,Boston,1,shot,1,8:00,480,0,0,,,529,146,,0,243,85,1,FALSE,Quality on net,Wrist
20252026,Regular,299,3-27-2026,Toronto,6,Boston,1,shot,1,8:06,486,0,0,,,423,46,,0,185,85,1,FALSE,Non quality on net,Wrist
20252026,Regular,299,3-27-2026,Toronto,6,Boston,1,shot,1,9:33,573,0,0,,,457,144,,0,36,85,1,FALSE,Quality on net,Wrist
20252026,Regular,299,3-27-2026,Toronto,6,Boston,1,shot,1,9:49,589,0,0,,,483,75,,0,36,85,1,FALSE,Quality on net,Wrist
20252026,Regular,299,3-27-2026,Toronto,6,Boston,1,shot,1,9:59,599,0,0,,,411,224,,0,8,85,1,FALSE,Non quality on net,Wrist
20252026,Regular,299,3-27-2026,Toronto,6,Boston,1,shot,1,10:18,618,0,0,,,537,166,,0,1,85,1,FALSE,Quality on net,Wrist
20252026,Regular,299,3-27-2026,Toronto,6,Boston,1,shot,1,11:36,696,0,0,,,440,209,,0,97,85,1,FALSE,Non quality on net,Wrist
20252026,Regular,299,3-27-2026,Toronto,6,Boston,1,shot,1,11:38,698,0,0,,,510,183,,0,97,85,1,TRUE,Quality goal,Default
20252026,Regular,299,3-27-2026,Toronto,6,Boston,1,shot,1,18:07,1087,0,1,,,343,33,,-1,67,6,6,FALSE,Non quality on net,Wrist
20252026,Regular,299,3-27-2026,Toronto,6,Boston,1,shot,2,1:23,1283,0,1,,,495,181,,1,259,85,1,FALSE,Quality on net,Wrist
20252026,Regular,299,3-27-2026,Toronto,6,Boston,1,shot,2,1:55,1315,0,1,,,213,269,,-1,56,6,6,FALSE,Non quality on net,Snap
20252026,Regular,299,3-27-2026,Toronto,6,Boston,1,shot,2,4:38,1478,0,1,,,65,219,,-1,65,6,6,FALSE,Non quality on net,Wrist
20252026,Regular,299,3-27-2026,Toronto,6,Boston,1,shot,2,4:52,1492,0,1,,,205,183,,-1,44,6,6,FALSE,Non quality on net,Wrist
20252026,Regular,299,3-27-2026,Toronto,6,Boston,1,shot,2,5:06,1506,0,1,,,548,261,,1,36,85,1,FALSE,Non quality on net,Wrist
20252026,Regular,299,3-27-2026,Toronto,6,Boston,1,shot,2,6:19,1579,0,1,,,518,181,,1,78,85,1,FALSE,Quality on net,Wrist
20252026,Regular,299,3-27-2026,Toronto,6,Boston,1,shot,2,10:54,1854,0,1,,,397,188,,1,97,85,1,TRUE,Non quality goal,Wrist
20252026,Regular,299,3-27-2026,Toronto,6,Boston,1,shot,2,11:52,1912,0,2,,,66,87,,-2,316,6,6,FALSE,Non quality on net,Backhand
20252026,Regular,299,3-27-2026,Toronto,6,Boston,1,shot,2,11:58,1918,0,2,,,193,59,,-2,200,6,6,FALSE,Non quality on net,Default
20252026,Regular,299,3-27-2026,Toronto,6,Boston,1,shot,2,12:40,1960,0,2,,,68,163,,-2,73,6,6,FALSE,Quality on net,Wrist
20252026,Regular,299,3-27-2026,Toronto,6,Boston,1,shot,2,12:53,1973,0,2,,,512,163,,2,97,85,1,FALSE,Quality on net,Wrist
20252026,Regular,299,3-27-2026,Toronto,6,Boston,1,shot,2,12:55,1975,0,2,,,545,141,,2,243,85,1,FALSE,Quality on net,Wrist
20252026,Regular,299,3-27-2026,Toronto,6,Boston,1,shot,2,13:46,2026,0,2,,,99,199,,-2,44,6,6,FALSE,Quality on net,Wrist
20252026,Regular,299,3-27-2026,Toronto,6,Boston,1,shot,2,14:32,2072,0,2,,,535,174,,2,36,85,1,TRUE,Quality goal,Snap
20252026,Regular,299,3-27-2026,Toronto,6,Boston,1,shot,2,16:05,2165,0,3,,,176,170,,-3,65,6,6,FALSE,Non quality on net,Wrist
20252026,Regular,299,3-27-2026,Toronto,6,Boston,1,shot,2,19:05,2345,0,3,,,103,111,,-3,66,6,6,FALSE,Quality on net,Wrist
20252026,Regular,299,3-27-2026,Toronto,6,Boston,1,shot,3,1:35,2495,0,3,,,343,17,,-3,68,6,6,FALSE,Non quality on net,Wrist
20252026,Regular,299,3-27-2026,Toronto,6,Boston,1,shot,3,3:48,2628,0,3,,,111,147,,-3,76,6,6,FALSE,Quality on net,Snap
20252026,Regular,299,3-27-2026,Toronto,6,Boston,1,shot,3,11:58,3118,0,3,,,496,198,,3,183,85,1,FALSE,Quality on net,Wrist
20252026,Regular,299,3-27-2026,Toronto,6,Boston,1,shot,3,12:58,3178,0,3,,,92,55,,-3,56,6,6,FALSE,Non quality on net,Slap
20252026,Regular,299,3-27-2026,Toronto,6,Boston,1,shot,3,14:13,3253,0,3,,,414,234,,3,16,85,1,FALSE,Non quality on net,Default
20252026,Regular,299,3-27-2026,Toronto,6,Boston,1,shot,3,14:14,3254,0,3,,,536,132,,3,18,85,1,TRUE,Quality goal,Wrist
20252026,Regular,299,3-27-2026,Toronto,6,Boston,1,shot,3,14:30,3270,0,4,,,400,255,,4,232,85,1,FALSE,Non quality on net,Wrist
20252026,Regular,299,3-27-2026,Toronto,6,Boston,1,shot,3,15:23,3323,0,4,,,72,126,,-4,73,6,6,FALSE,Quality on net,Wrist
20252026,Regular,299,3-27-2026,Toronto,6,Boston,1,shot,3,17:21,3441,0,4,,,144,69,,-4,76,6,6,FALSE,Non quality on net,Snap
20252026,Regular,299,3-27-2026,Toronto,6,Boston,1,shot,3,18:57,3537,0,4,,,540,159,,4,183,85,1,FALSE,Quality on net,Tip
20252026,Regular,299,3-27-2026,Toronto,6,Boston,1,shot,3,19:30,3570,0,4,,,396,113,,4,12,85,1,FALSE,Non quality on net,Slap
20252026,Regular,300,3-28-2026,Montréal,3,New York,4,shot,1,1:35,95,0,0,,,478,168,,0,116,28,4,FALSE,Quality on net,Wrist
20252026,Regular,300,3-28-2026,Montréal,3,New York,4,shot,1,1:58,118,0,0,,,49,77,,0,35,228,3,FALSE,Non quality on net,Wrist
20252026,Regular,300,3-28-2026,Montréal,3,New York,4,shot,1,3:15,195,0,0,,,540,118,,0,205,28,4,FALSE,Quality on net,Wrist
20252026,Regular,300,3-28-2026,Montréal,3,New York,4,shot,1,6:39,399,0,0,,,462,176,,0,205,28,4,FALSE,Quality on net,Default
20252026,Regular,300,3-28-2026,Montréal,3,New York,4,shot,1,7:48,468,0,0,,,544,155,,0,277,28,4,FALSE,Quality on net,Wrist
20252026,Regular,300,3-28-2026,Montréal,3,New York,4,shot,1,9:07,547,0,0,,,460,143,,0,87,28,4,FALSE,Quality on net,Wrist
20252026,Regular,300,3-28-2026,Montréal,3,New York,4,shot,1,9:09,549,0,0,,,558,161,,0,280,28,4,TRUE,Quality goal,Wrist
20252026,Regular,300,3-28-2026,Montréal,3,New York,4,shot,1,10:24,624,0,1,,,456,65,,1,277,28,4,FALSE,Non quality on net,Wrist
20252026,Regular,300,3-28-2026,Montréal,3,New York,4,shot,1,10:38,638,0,1,,,500,159,,1,249,28,4,FALSE,Quality on net,Wrist
20252026,Regular,300,3-28-2026,Montréal,3,New York,4,shot,1,14:18,858,0,1,,,517,129,,1,30,28,4,FALSE,Quality on net,Snap
20252026,Regular,300,3-28-2026,Montréal,3,New York,4,shot,1,14:58,898,0,1,,,435,147,,1,229,28,4,FALSE,Non quality on net,Slap
20252026,Regular,300,3-28-2026,Montréal,3,New York,4,shot,1,16:24,984,0,1,,,128,106,,-1,4,228,3,FALSE,Quality on net,Snap
20252026,Regular,300,3-28-2026,Montréal,3,New York,4,shot,1,19:54,1194,0,1,,,501,207,,1,205,28,4,FALSE,Quality on net,Wrist
20252026,Regular,300,3-28-2026,Montréal,3,New York,4,shot,2,0:44,1244,0,1,,,439,126,,1,229,28,4,FALSE,Non quality on net,Wrist
20252026,Regular,300,3-28-2026,Montréal,3,New York,4,shot,2,1:55,1315,0,1,,,103,75,,-1,84,228,3,FALSE,Quality on net,Wrist
20252026,Regular,300,3-28-2026,Montréal,3,New York,4,shot,2,1:57,1317,0,1,,,71,196,,-1,272,228,3,FALSE,Quality on net,Wrist
20252026,Regular,300,3-28-2026,Montréal,3,New York,4,shot,2,3:19,1399,0,1,,,69,67,,-1,35,228,3,FALSE,Non quality on net,Wrist
20252026,Regular,300,3-28-2026,Montréal,3,New York,4,shot,2,4:12,1452,0,1,,,315,273,,1,87,28,4,FALSE,Non quality on net,Snap
20252026,Regular,300,3-28-2026,Montréal,3,New York,4,shot,2,4:36,1476,0,1,,,173,149,,-1,201,228,3,FALSE,Non quality on net,Wrist
20252026,Regular,300,3-28-2026,Montréal,3,New York,4,shot,2,5:44,1544,0,1,,,75,181,,-1,42,228,3,FALSE,Quality on net,Slap
20252026,Regular,300,3-28-2026,Montréal,3,New York,4,shot,2,6:52,1612,0,1,,,54,147,,-1,201,228,3,FALSE,Quality on net,Backhand
20252026,Regular,300,3-28-2026,Montréal,3,New York,4,shot,2,7:33,1653,0,1,,,158,24,,-1,32,228,3,FALSE,Non quality on net,Wrist
20252026,Regular,300,3-28-2026,Montréal,3,New York,4,shot,2,7:49,1669,0,1,,,507,124,,1,206,28,4,FALSE,Quality on net,Snap
20252026,Regular,300,3-28-2026,Montréal,3,New York,4,shot,2,8:35,1715,0,1,,,81,183,,-1,61,228,3,FALSE,Quality on net,Wrist
20252026,Regular,300,3-28-2026,Montréal,3,New York,4,shot,2,9:11,1751,0,1,,,545,141,,1,280,28,4,FALSE,Quality on net,Backhand
20252026,Regular,300,3-28-2026,Montréal,3,New York,4,shot,2,13:13,1993,0,1,,,95,134,,-1,51,228,3,FALSE,Quality on net,Wrist
20252026,Regular,300,3-28-2026,Montréal,3,New York,4,shot,2,13:22,2002,0,1,,,65,146,,-1,61,228,3,FALSE,Quality on net,Wrist
20252026,Regular,300,3-28-2026,Montréal,3,New York,4,shot,2,14:17,2057,0,1,,,430,222,,1,40,28,4,FALSE,Non quality on net,Wrist
20252026,Regular,300,3-28-2026,Montréal,3,New York,4,shot,2,15:18,2118,0,1,,,130,237,,-1,61,228,3,FALSE,Non quality on net,Wrist
20252026,Regular,300,3-28-2026,Montréal,3,New York,4,shot,2,15:20,2120,0,1,,,51,135,,-1,61,228,3,FALSE,Quality on net,Wrist
20252026,Regular,300,3-28-2026,Montréal,3,New York,4,shot,2,15:22,2122,0,1,,,60,140,,-1,4,228,3,FALSE,Quality on net,Wrist
20252026,Regular,300,3-28-2026,Montréal,3,New York,4,shot,2,15:50,2150,0,1,,,137,14,,-1,32,228,3,FALSE,Non quality on net,Snap
20252026,Regular,300,3-28-2026,Montréal,3,New York,4,shot,2,16:40,2200,0,1,,,552,103,,1,249,28,4,FALSE,Non quality on net,Wrist
20252026,Regular,300,3-28-2026,Montréal,3,New York,4,shot,2,16:41,2201,0,1,,,533,152,,1,280,28,4,FALSE,Quality on net,Wrist
20252026,Regular,300,3-28-2026,Montréal,3,New York,4,shot,2,17:26,2246,0,1,,,118,95,,-1,51,228,3,FALSE,Quality on net,Snap
20252026,Regular,300,3-28-2026,Montréal,3,New York,4,shot,3,1:54,2514,0,1,,,119,101,,-1,157,228,3,TRUE,Quality goal,Snap
20252026,Regular,300,3-28-2026,Montréal,3,New York,4,shot,3,3:59,2639,1,1,,,292,286,,0,35,228,3,FALSE,Non quality on net,Wrist
20252026,Regular,300,3-28-2026,Montréal,3,New York,4,shot,3,4:45,2685,1,1,,,533,212,,0,207,28,4,FALSE,Non quality on net,Wrist
20252026,Regular,300,3-28-2026,Montréal,3,New York,4,shot,3,4:48,2688,1,1,,,547,162,,0,40,28,4,FALSE,Quality on net,Snap
20252026,Regular,300,3-28-2026,Montréal,3,New York,4,shot,3,4:49,2689,1,1,,,549,166,,0,40,28,4,FALSE,Quality on net,Snap
20252026,Regular,300,3-28-2026,Montréal,3,New York,4,shot,3,5:03,2703,1,1,,,484,108,,0,205,28,4,FALSE,Quality on net,Default
20252026,Regular,300,3-28-2026,Montréal,3,New York,4,shot,3,5:41,2741,1,1,,,531,151,,0,229,28,4,FALSE,Quality on net,Wrist
20252026,Regular,300,3-28-2026,Montréal,3,New York,4,shot,3,6:28,2788,1,1,,,80,116,,0,157,228,3,FALSE,Quality on net,Backhand
20252026,Regular,300,3-28-2026,Montréal,3,New York,4,shot,3,6:40,2800,1,1,,,92,114,,0,157,228,3,TRUE,Quality goal,Snap
20252026,Regular,300,3-28-2026,Montréal,3,New York,4,shot,3,7:29,2849,2,1,,,73,170,,1,32,228,3,TRUE,Quality goal,Tip
20252026,Regular,300,3-28-2026,Montréal,3,New York,4,shot,3,12:20,3140,3,1,,,145,222,,2,253,228,3,FALSE,Non quality on net,Wrist
20252026,Regular,300,3-28-2026,Montréal,3,New York,4,shot,3,12:36,3156,3,1,,,132,234,,2,32,228,3,FALSE,Non quality on net,Slap
20252026,Regular,300,3-28-2026,Montréal,3,New York,4,shot,3,12:55,3175,3,1,,,99,78,,2,35,228,3,FALSE,Quality on net,Slap
20252026,Regular,300,3-28-2026,Montréal,3,New York,4,shot,3,13:43,3223,3,1,,,58,91,,2,61,228,3,FALSE,Non quality on net,Wrist
20252026,Regular,300,3-28-2026,Montréal,3,New York,4,shot,3,14:24,3264,3,1,,,151,152,,2,39,228,3,FALSE,Non quality on net,Snap
20252026,Regular,300,3-28-2026,Montréal,3,New York,4,shot,3,16:35,3395,3,1,,,176,258,,2,253,228,3,FALSE,Non quality on net,Wrist
20252026,Regular,300,3-28-2026,Montréal,3,New York,4,shot,3,17:49,3469,3,1,,,91,220,,2,79,228,3,FALSE,Non quality on net,Snap
20252026,Regular,300,3-28-2026,Montréal,3,New York,4,shot,3,19:47,3587,3,1,,,528,155,,-2,205,28,4,FALSE,Quality on net,Wrist
20252026,Regular,301,3-29-2026,Toronto,6,Vancouver,9,shot,1,2:30,150,0,0,,,175,88,,0,67,59,6,FALSE,Non quality on net,Wrist
20252026,Regular,301,3-29-2026,Toronto,6,Vancouver,9,shot,1,2:32,152,0,0,,,82,101,,0,76,59,6,TRUE,Quality goal,Wrist
20252026,Regular,301,3-29-2026,Toronto,6,Vancouver,9,shot,1,2:55,175,1,0,,,446,81,,-1,75,85,9,FALSE,Non quality on net,Wrist
20252026,Regular,301,3-29-2026,Toronto,6,Vancouver,9,shot,1,3:27,207,1,0,,,380,52,,-1,129,85,9,FALSE,Quality on net,Wrist
20252026,Regular,301,3-29-2026,Toronto,6,Vancouver,9,shot,1,3:54,234,1,0,,,544,123,,-1,114,85,9,FALSE,Quality on net,Backhand
20252026,Regular,301,3-29-2026,Toronto,6,Vancouver,9,shot,1,6:24,384,1,0,,,291,9,,1,100,59,6,FALSE,Non quality on net,Wrist
20252026,Regular,301,3-29-2026,Toronto,6,Vancouver,9,shot,1,6:40,400,1,0,,,328,262,,-1,305,85,9,FALSE,Non quality on net,Wrist
20252026,Regular,301,3-29-2026,Toronto,6,Vancouver,9,shot,1,7:50,470,1,0,,,546,162,,-1,89,85,9,TRUE,Quality goal,Slap
20252026,Regular,301,3-29-2026,Toronto,6,Vancouver,9,shot,1,8:00,480,1,1,,,282,42,,0,200,59,6,FALSE,Non quality on net,Wrist
20252026,Regular,301,3-29-2026,Toronto,6,Vancouver,9,shot,1,8:30,510,1,1,,,532,202,,0,161,85,9,FALSE,Non quality on net,Slap
20252026,Regular,301,3-29-2026,Toronto,6,Vancouver,9,shot,1,8:58,538,1,1,,,466,234,,0,75,85,9,FALSE,Non quality on net,Default
20252026,Regular,301,3-29-2026,Toronto,6,Vancouver,9,shot,1,14:49,889,1,1,,,423,252,,0,11,85,9,FALSE,Non quality on net,Slap
20252026,Regular,301,3-29-2026,Toronto,6,Vancouver,9,shot,1,15:46,946,1,1,,,42,92,,0,54,59,6,FALSE,Non quality on net,Wrist
20252026,Regular,301,3-29-2026,Toronto,6,Vancouver,9,shot,1,15:50,950,1,1,,,522,146,,0,161,85,9,FALSE,Quality on net,Wrist
20252026,Regular,301,3-29-2026,Toronto,6,Vancouver,9,shot,1,17:06,1026,1,1,,,443,43,,0,180,85,9,FALSE,Non quality on net,Wrist
20252026,Regular,301,3-29-2026,Toronto,6,Vancouver,9,shot,1,18:35,1115,1,1,,,59,147,,0,73,59,6,FALSE,Quality on net,Wrist
20252026,Regular,301,3-29-2026,Toronto,6,Vancouver,9,shot,1,19:51,1191,1,1,,,40,231,,0,66,59,6,FALSE,Non quality on net,Wrist
20252026,Regular,301,3-29-2026,Toronto,6,Vancouver,9,shot,2,0:34,1234,1,1,,,546,127,,0,209,85,9,FALSE,Quality on net,Tip
20252026,Regular,301,3-29-2026,Toronto,6,Vancouver,9,shot,2,0:35,1235,1,1,,,549,137,,0,209,85,9,TRUE,Quality goal,Backhand
20252026,Regular,301,3-29-2026,Toronto,6,Vancouver,9,shot,2,1:55,1315,1,2,,,409,184,,1,305,85,9,FALSE,Non quality on net,Wrist
20252026,Regular,301,3-29-2026,Toronto,6,Vancouver,9,shot,2,4:51,1491,1,2,,,85,201,,-1,63,59,6,FALSE,Quality on net,Default
20252026,Regular,301,3-29-2026,Toronto,6,Vancouver,9,shot,2,6:34,1594,1,2,,,103,211,,-1,56,59,6,FALSE,Quality on net,Wrist
20252026,Regular,301,3-29-2026,Toronto,6,Vancouver,9,shot,2,6:37,1597,1,2,,,116,259,,-1,56,59,6,FALSE,Non quality on net,Default
20252026,Regular,301,3-29-2026,Toronto,6,Vancouver,9,shot,2,6:48,1608,1,2,,,154,239,,-1,66,59,6,FALSE,Non quality on net,Snap
20252026,Regular,301,3-29-2026,Toronto,6,Vancouver,9,shot,2,7:02,1622,1,2,,,189,245,,-1,56,59,6,FALSE,Non quality on net,Wrist
20252026,Regular,301,3-29-2026,Toronto,6,Vancouver,9,shot,2,8:09,1689,1,2,,,63,156,,-1,76,59,6,TRUE,Quality goal,Backhand
20252026,Regular,301,3-29-2026,Toronto,6,Vancouver,9,shot,2,8:54,1734,2,2,,,468,89,,0,220,85,9,TRUE,Quality goal,Tip
20252026,Regular,301,3-29-2026,Toronto,6,Vancouver,9,shot,2,10:58,1858,2,3,,,244,19,,1,305,85,9,FALSE,Non quality on net,Wrist
20252026,Regular,301,3-29-2026,Toronto,6,Vancouver,9,shot,2,11:36,1896,2,3,,,392,147,,1,11,85,9,FALSE,Non quality on net,Wrist
20252026,Regular,301,3-29-2026,Toronto,6,Vancouver,9,shot,2,12:16,1936,2,3,,,483,83,,1,209,85,9,FALSE,Quality on net,Wrist
20252026,Regular,301,3-29-2026,Toronto,6,Vancouver,9,shot,2,12:53,1973,2,3,,,535,117,,1,209,85,9,FALSE,Quality on net,Backhand
20252026,Regular,301,3-29-2026,Toronto,6,Vancouver,9,shot,2,15:07,2107,2,3,,,426,251,,1,75,85,9,FALSE,Non quality on net,Wrist
20252026,Regular,301,3-29-2026,Toronto,6,Vancouver,9,shot,2,15:47,2147,2,3,,,63,212,,-1,76,59,6,FALSE,Non quality on net,Wrist
20252026,Regular,301,3-29-2026,Toronto,6,Vancouver,9,shot,2,15:48,2148,2,3,,,76,151,,-1,76,59,6,FALSE,Quality on net,Wrist
20252026,Regular,301,3-29-2026,Toronto,6,Vancouver,9,shot,2,17:40,2260,2,3,,,480,179,,1,209,85,9,FALSE,Quality on net,Wrist
20252026,Regular,301,3-29-2026,Toronto,6,Vancouver,9,shot,2,17:52,2272,2,3,,,532,142,,1,220,85,9,FALSE,Quality on net,Default
20252026,Regular,301,3-29-2026,Toronto,6,Vancouver,9,shot,3,1:35,2495,2,3,,,524,145,,1,114,85,9,FALSE,Quality on net,Wrist
20252026,Regular,301,3-29-2026,Toronto,6,Vancouver,9,shot,3,2:08,2528,2,3,,,412,278,,1,305,85,9,FALSE,Non quality on net,Wrist
20252026,Regular,301,3-29-2026,Toronto,6,Vancouver,9,shot,3,3:01,2581,2,3,,,397,243,,1,50,85,9,FALSE,Non quality on net,Wrist
20252026,Regular,301,3-29-2026,Toronto,6,Vancouver,9,shot,3,3:11,2591,2,3,,,400,79,,1,129,85,9,FALSE,Non quality on net,Wrist
20252026,Regular,301,3-29-2026,Toronto,6,Vancouver,9,shot,3,4:01,2641,2,3,,,105,77,,-1,56,59,6,FALSE,Quality on net,Wrist
20252026,Regular,301,3-29-2026,Toronto,6,Vancouver,9,shot,3,4:11,2651,2,3,,,64,51,,-1,67,59,6,FALSE,Non quality on net,Wrist
20252026,Regular,301,3-29-2026,Toronto,6,Vancouver,9,shot,3,5:31,2731,2,3,,,428,87,,1,129,85,9,FALSE,Non quality on net,Slap
20252026,Regular,301,3-29-2026,Toronto,6,Vancouver,9,shot,3,6:41,2801,2,3,,,99,145,,-1,244,59,6,FALSE,Quality on net,Wrist
20252026,Regular,301,3-29-2026,Toronto,6,Vancouver,9,shot,3,6:50,2810,2,3,,,149,34,,-1,26,59,6,FALSE,Non quality on net,Wrist
20252026,Regular,301,3-29-2026,Toronto,6,Vancouver,9,shot,3,8:57,2937,2,3,,,324,279,,1,305,85,9,FALSE,Non quality on net,Slap
20252026,Regular,301,3-29-2026,Toronto,6,Vancouver,9,shot,3,9:54,2994,2,3,,,124,153,,-1,67,59,6,FALSE,Quality on net,Wrist
20252026,Regular,301,3-29-2026,Toronto,6,Vancouver,9,shot,3,12:32,3152,2,3,,,80,72,,-1,65,59,6,FALSE,Non quality on net,Wrist
20252026,Regular,301,3-29-2026,Toronto,6,Vancouver,9,shot,3,13:03,3183,2,3,,,75,87,,-1,44,59,6,FALSE,Non quality on net,Wrist
20252026,Regular,301,3-29-2026,Toronto,6,Vancouver,9,shot,3,13:21,3201,2,3,,,320,153,,1,75,85,9,FALSE,Non quality on net,Wrist
20252026,Regular,301,3-29-2026,Toronto,6,Vancouver,9,shot,3,14:03,3243,2,3,,,66,158,,-1,76,59,6,FALSE,Quality on net,Tip
20252026,Regular,301,3-29-2026,Toronto,6,Vancouver,9,shot,3,15:05,3305,2,3,,,429,224,,1,305,85,9,FALSE,Non quality on net,Wrist
20252026,Regular,301,3-29-2026,Toronto,6,Vancouver,9,shot,3,15:28,3328,2,3,,,51,98,,-1,26,59,6,FALSE,Non quality on net,Wrist
20252026,Regular,301,3-29-2026,Toronto,6,Vancouver,9,shot,3,17:08,3428,2,3,,,88,179,,-1,73,59,6,FALSE,Quality on net,Wrist
20252026,Regular,301,3-29-2026,Toronto,6,Vancouver,9,shot,3,18:08,3488,2,3,,,80,201,,-1,63,59,6,FALSE,Quality on net,Wrist
20252026,Regular,301,3-29-2026,Toronto,6,Vancouver,9,shot,3,19:42,3582,2,3,,,43,41,,-1,65,59,6,FALSE,Non quality on net,Wrist
20252026,Regular,302,3-29-2026,Minnesota,2,Boston,1,shot,1,0:34,34,0,0,,,526,195,,0,97,22,1,FALSE,Quality on net,Wrist
20252026,Regular,302,3-29-2026,Minnesota,2,Boston,1,shot,1,2:12,132,0,0,,,531,138,,0,97,22,1,FALSE,Quality on net,Tip
20252026,Regular,302,3-29-2026,Minnesota,2,Boston,1,shot,1,4:49,289,0,0,,,69,126,,0,247,262,2,FALSE,Quality on net,Backhand
20252026,Regular,302,3-29-2026,Minnesota,2,Boston,1,shot,1,5:48,348,0,0,,,537,158,,0,246,22,1,FALSE,Quality on net,Default
20252026,Regular,302,3-29-2026,Minnesota,2,Boston,1,shot,1,6:15,375,0,0,,,508,145,,0,243,22,1,FALSE,Quality on net,Backhand
20252026,Regular,302,3-29-2026,Minnesota,2,Boston,1,shot,1,6:25,385,0,0,,,456,271,,0,246,22,1,FALSE,Non quality on net,Default
20252026,Regular,302,3-29-2026,Minnesota,2,Boston,1,shot,1,6:35,395,0,0,,,519,262,,0,8,22,1,FALSE,Non quality on net,Wrist
20252026,Regular,302,3-29-2026,Minnesota,2,Boston,1,shot,1,6:45,405,0,0,,,388,146,,0,12,22,1,FALSE,Non quality on net,Wrist
20252026,Regular,302,3-29-2026,Minnesota,2,Boston,1,shot,1,7:30,450,0,0,,,553,69,,0,36,22,1,FALSE,Non quality on net,Wrist
20252026,Regular,302,3-29-2026,Minnesota,2,Boston,1,shot,1,7:59,479,0,0,,,419,81,,0,36,22,1,FALSE,Non quality on net,Wrist
20252026,Regular,302,3-29-2026,Minnesota,2,Boston,1,shot,1,9:11,551,0,0,,,543,123,,0,246,22,1,TRUE,Quality goal,Wrist
20252026,Regular,302,3-29-2026,Minnesota,2,Boston,1,shot,1,9:24,564,0,1,,,551,123,,1,243,22,1,FALSE,Non quality on net,Backhand
20252026,Regular,302,3-29-2026,Minnesota,2,Boston,1,shot,1,10:36,636,0,1,,,516,106,,1,246,22,1,FALSE,Quality on net,Wrist
20252026,Regular,302,3-29-2026,Minnesota,2,Boston,1,shot,1,10:58,658,0,1,,,139,153,,-1,20,262,2,FALSE,Quality on net,Wrist
20252026,Regular,302,3-29-2026,Minnesota,2,Boston,1,shot,1,12:46,766,0,1,,,458,103,,1,185,22,1,FALSE,Quality on net,Slap
20252026,Regular,302,3-29-2026,Minnesota,2,Boston,1,shot,1,15:03,903,0,1,,,128,230,,-1,104,262,2,FALSE,Non quality on net,Wrist
20252026,Regular,302,3-29-2026,Minnesota,2,Boston,1,shot,1,15:09,909,0,1,,,147,158,,-1,25,262,2,FALSE,Non quality on net,Snap
20252026,Regular,302,3-29-2026,Minnesota,2,Boston,1,shot,1,16:15,975,0,1,,,109,15,,-1,167,262,2,FALSE,Non quality on net,Wrist
20252026,Regular,302,3-29-2026,Minnesota,2,Boston,1,shot,1,16:39,999,0,1,,,539,209,,1,97,22,1,FALSE,Non quality on net,Wrist
20252026,Regular,302,3-29-2026,Minnesota,2,Boston,1,shot,1,16:45,1005,0,1,,,555,129,,1,18,22,1,TRUE,Quality goal,Snap
20252026,Regular,302,3-29-2026,Minnesota,2,Boston,1,shot,2,0:23,1223,0,2,,,62,87,,-2,24,262,2,TRUE,Non quality goal,Snap
20252026,Regular,302,3-29-2026,Minnesota,2,Boston,1,shot,2,0:39,1239,1,2,,,273,209,,1,246,22,1,FALSE,Non quality on net,Wrist
20252026,Regular,302,3-29-2026,Minnesota,2,Boston,1,shot,2,0:45,1245,1,2,,,547,90,,1,8,22,1,FALSE,Non quality on net,Wrist
20252026,Regular,302,3-29-2026,Minnesota,2,Boston,1,shot,2,2:13,1333,1,2,,,414,189,,1,185,22,1,FALSE,Non quality on net,Wrist
20252026,Regular,302,3-29-2026,Minnesota,2,Boston,1,shot,2,4:09,1449,1,2,,,76,142,,-1,189,262,2,FALSE,Quality on net,Tip
20252026,Regular,302,3-29-2026,Minnesota,2,Boston,1,shot,2,4:34,1474,1,2,,,464,155,,1,8,22,1,FALSE,Quality on net,Wrist
20252026,Regular,302,3-29-2026,Minnesota,2,Boston,1,shot,2,6:07,1567,1,2,,,346,33,,1,212,22,1,FALSE,Non quality on net,Wrist
20252026,Regular,302,3-29-2026,Minnesota,2,Boston,1,shot,2,9:19,1759,1,2,,,65,152,,-1,21,262,2,TRUE,Quality goal,Backhand
20252026,Regular,302,3-29-2026,Minnesota,2,Boston,1,shot,2,10:35,1835,2,2,,,105,286,,0,189,262,2,FALSE,Non quality on net,Wrist
20252026,Regular,302,3-29-2026,Minnesota,2,Boston,1,shot,2,11:28,1888,2,2,,,542,174,,0,97,22,1,TRUE,Quality goal,Wrist
20252026,Regular,302,3-29-2026,Minnesota,2,Boston,1,shot,2,13:54,2034,2,3,,,415,27,,1,232,22,1,FALSE,Non quality on net,Snap
20252026,Regular,302,3-29-2026,Minnesota,2,Boston,1,shot,2,15:37,2137,2,3,,,109,140,,-1,25,262,2,FALSE,Quality on net,Slap
20252026,Regular,302,3-29-2026,Minnesota,2,Boston,1,shot,2,16:22,2182,2,3,,,189,26,,-1,264,262,2,FALSE,Non quality on net,Wrist
20252026,Regular,302,3-29-2026,Minnesota,2,Boston,1,shot,2,16:36,2196,2,3,,,165,40,,-1,264,262,2,FALSE,Non quality on net,Snap
20252026,Regular,302,3-29-2026,Minnesota,2,Boston,1,shot,2,16:41,2201,2,3,,,90,115,,-1,190,262,2,FALSE,Quality on net,Wrist
20252026,Regular,302,3-29-2026,Minnesota,2,Boston,1,shot,3,1:35,2495,2,3,,,534,189,,1,212,22,1,FALSE,Quality on net,Snap
20252026,Regular,302,3-29-2026,Minnesota,2,Boston,1,shot,3,1:42,2502,2,3,,,482,201,,1,255,22,1,FALSE,Quality on net,Wrist
20252026,Regular,302,3-29-2026,Minnesota,2,Boston,1,shot,3,2:33,2553,2,3,,,75,205,,-1,269,262,2,FALSE,Non quality on net,Wrist
20252026,Regular,302,3-29-2026,Minnesota,2,Boston,1,shot,3,3:25,2605,2,3,,,39,273,,-1,23,262,2,FALSE,Non quality on net,Backhand
20252026,Regular,302,3-29-2026,Minnesota,2,Boston,1,shot,3,5:16,2716,2,3,,,491,277,,1,18,22,1,TRUE,Non quality goal,Wrist
20252026,Regular,302,3-29-2026,Minnesota,2,Boston,1,shot,3,5:49,2749,2,4,,,102,245,,-2,21,262,2,FALSE,Non quality on net,Wrist
20252026,Regular,302,3-29-2026,Minnesota,2,Boston,1,shot,3,5:51,2751,2,4,,,42,175,,-2,23,262,2,FALSE,Non quality on net,Backhand
20252026,Regular,302,3-29-2026,Minnesota,2,Boston,1,shot,3,6:05,2765,2,4,,,118,52,,-2,24,262,2,FALSE,Non quality on net,Slap
20252026,Regular,302,3-29-2026,Minnesota,2,Boston,1,shot,3,7:42,2862,2,4,,,51,171,,-2,104,262,2,FALSE,Quality on net,Backhand
20252026,Regular,302,3-29-2026,Minnesota,2,Boston,1,shot,3,7:43,2863,2,4,,,61,156,,-2,102,262,2,FALSE,Quality on net,Wrist
20252026,Regular,302,3-29-2026,Minnesota,2,Boston,1,shot,3,7:51,2871,2,4,,,63,208,,-2,190,262,2,FALSE,Non quality on net,Backhand
20252026,Regular,302,3-29-2026,Minnesota,2,Boston,1,shot,3,9:08,2948,2,4,,,465,261,,2,12,22,1,FALSE,Non quality on net,Slap
20252026,Regular,302,3-29-2026,Minnesota,2,Boston,1,shot,3,9:59,2999,2,4,,,89,216,,-2,21,262,2,FALSE,Quality on net,Wrist
20252026,Regular,302,3-29-2026,Minnesota,2,Boston,1,shot,3,10:54,3054,2,4,,,495,148,,2,1,22,1,FALSE,Quality on net,Snap
20252026,Regular,302,3-29-2026,Minnesota,2,Boston,1,shot,3,11:37,3097,2,4,,,456,66,,2,36,22,1,FALSE,Non quality on net,Wrist
20252026,Regular,302,3-29-2026,Minnesota,2,Boston,1,shot,3,11:41,3101,2,4,,,450,69,,2,182,22,1,FALSE,Non quality on net,Wrist
20252026,Regular,302,3-29-2026,Minnesota,2,Boston,1,shot,3,12:19,3139,2,4,,,499,186,,2,183,22,1,FALSE,Quality on net,Snap
20252026,Regular,302,3-29-2026,Minnesota,2,Boston,1,shot,3,19:38,3578,2,4,,,61,201,,-2,25,262,2,FALSE,Non quality on net,Wrist
20252026,Regular,303,3-29-2026,Seattle,8,Ottawa,5,shot,1,0:18,18,0,0,,,387,46,,0,53,155,5,FALSE,Non quality on net,Slap
20252026,Regular,303,3-29-2026,Seattle,8,Ottawa,5,shot,1,0:31,31,0,0,,,525,120,,0,58,155,5,FALSE,Quality on net,Wrist
20252026,Regular,303,3-29-2026,Seattle,8,Ottawa,5,shot,1,1:54,114,0,0,,,344,75,,0,118,155,5,FALSE,Non quality on net,Wrist
20252026,Regular,303,3-29-2026,Seattle,8,Ottawa,5,shot,1,4:38,278,0,0,,,441,91,,0,241,155,5,FALSE,Non quality on net,Wrist
20252026,Regular,303,3-29-2026,Seattle,8,Ottawa,5,shot,1,5:45,345,0,0,,,456,141,,0,57,155,5,FALSE,Non quality on net,Snap
20252026,Regular,303,3-29-2026,Seattle,8,Ottawa,5,shot,1,6:44,404,0,0,,,188,193,,0,196,222,8,FALSE,Non quality on net,Wrist
20252026,Regular,303,3-29-2026,Seattle,8,Ottawa,5,shot,1,7:19,439,0,0,,,441,17,,0,223,155,5,FALSE,Non quality on net,Default
20252026,Regular,303,3-29-2026,Seattle,8,Ottawa,5,shot,1,7:50,470,0,0,,,213,168,,0,62,222,8,FALSE,Non quality on net,Wrist
20252026,Regular,303,3-29-2026,Seattle,8,Ottawa,5,shot,1,9:09,549,0,0,,,545,161,,0,241,155,5,TRUE,Quality goal,Wrist
20252026,Regular,303,3-29-2026,Seattle,8,Ottawa,5,shot,1,11:33,693,0,1,,,198,28,,-1,34,222,8,FALSE,Non quality on net,Wrist
20252026,Regular,303,3-29-2026,Seattle,8,Ottawa,5,shot,1,11:40,700,0,1,,,160,176,,-1,196,222,8,FALSE,Non quality on net,Wrist
20252026,Regular,303,3-29-2026,Seattle,8,Ottawa,5,shot,1,13:33,813,0,1,,,459,108,,1,72,155,5,FALSE,Quality on net,Wrist
20252026,Regular,303,3-29-2026,Seattle,8,Ottawa,5,shot,1,15:26,926,0,1,,,514,201,,1,72,155,5,FALSE,Quality on net,Wrist
20252026,Regular,303,3-29-2026,Seattle,8,Ottawa,5,shot,1,15:28,928,0,1,,,539,201,,1,72,155,5,FALSE,Non quality on net,Wrist
20252026,Regular,303,3-29-2026,Seattle,8,Ottawa,5,shot,1,16:17,977,0,1,,,493,188,,1,242,155,5,FALSE,Quality on net,Wrist
20252026,Regular,303,3-29-2026,Seattle,8,Ottawa,5,shot,1,16:23,983,0,1,,,419,79,,1,242,155,5,FALSE,Non quality on net,Wrist
20252026,Regular,303,3-29-2026,Seattle,8,Ottawa,5,shot,1,17:53,1073,0,1,,,200,164,,-1,224,222,8,FALSE,Non quality on net,Wrist
20252026,Regular,303,3-29-2026,Seattle,8,Ottawa,5,shot,1,18:05,1085,0,1,,,58,127,,-1,34,222,8,FALSE,Quality on net,Tip
20252026,Regular,303,3-29-2026,Seattle,8,Ottawa,5,shot,1,18:18,1098,0,1,,,146,272,,-1,196,222,8,FALSE,Non quality on net,Wrist
20252026,Regular,303,3-29-2026,Seattle,8,Ottawa,5,shot,1,18:51,1131,0,1,,,424,65,,1,242,155,5,FALSE,Non quality on net,Wrist
20252026,Regular,303,3-29-2026,Seattle,8,Ottawa,5,shot,1,19:50,1190,0,1,,,508,235,,1,72,155,5,FALSE,Non quality on net,Wrist
20252026,Regular,303,3-29-2026,Seattle,8,Ottawa,5,shot,1,19:51,1191,0,1,,,571,128,,1,72,155,5,FALSE,Non quality on net,Wrist
20252026,Regular,303,3-29-2026,Seattle,8,Ottawa,5,shot,2,0:56,1256,0,1,,,519,144,,1,58,155,5,FALSE,Quality on net,Wrist
20252026,Regular,303,3-29-2026,Seattle,8,Ottawa,5,shot,2,3:18,1398,0,1,,,135,95,,-1,34,222,8,FALSE,Quality on net,Tip
20252026,Regular,303,3-29-2026,Seattle,8,Ottawa,5,shot,2,3:47,1427,0,1,,,116,75,,-1,156,222,8,FALSE,Quality on net,Wrist
20252026,Regular,303,3-29-2026,Seattle,8,Ottawa,5,shot,2,4:00,1440,0,1,,,157,90,,-1,210,222,8,FALSE,Non quality on net,Wrist
20252026,Regular,303,3-29-2026,Seattle,8,Ottawa,5,shot,2,6:05,1565,0,1,,,75,115,,-1,13,222,8,FALSE,Quality on net,Tip
20252026,Regular,303,3-29-2026,Seattle,8,Ottawa,5,shot,2,6:35,1595,0,1,,,199,63,,-1,196,222,8,FALSE,Non quality on net,Wrist
20252026,Regular,303,3-29-2026,Seattle,8,Ottawa,5,shot,2,6:49,1609,0,1,,,82,77,,-1,13,222,8,FALSE,Non quality on net,Slap
20252026,Regular,303,3-29-2026,Seattle,8,Ottawa,5,shot,2,9:51,1791,0,1,,,473,237,,1,241,155,5,FALSE,Non quality on net,Wrist
20252026,Regular,303,3-29-2026,Seattle,8,Ottawa,5,shot,2,10:13,1813,0,1,,,464,39,,1,118,155,5,FALSE,Non quality on net,Wrist
20252026,Regular,303,3-29-2026,Seattle,8,Ottawa,5,shot,2,11:23,1883,0,1,,,73,153,,-1,13,222,8,FALSE,Quality on net,Wrist
20252026,Regular,303,3-29-2026,Seattle,8,Ottawa,5,shot,2,13:07,1987,0,1,,,557,174,,1,57,155,5,FALSE,Non quality on net,Wrist
20252026,Regular,303,3-29-2026,Seattle,8,Ottawa,5,shot,2,14:06,2046,0,1,,,219,111,,-1,62,222,8,FALSE,Non quality on net,Slap
20252026,Regular,303,3-29-2026,Seattle,8,Ottawa,5,shot,2,18:37,2317,0,1,,,531,155,,1,286,155,5,TRUE,Quality goal,Wrist
20252026,Regular,303,3-29-2026,Seattle,8,Ottawa,5,shot,3,0:28,2428,0,2,,,63,170,,-2,34,222,8,FALSE,Quality on net,Tip
20252026,Regular,303,3-29-2026,Seattle,8,Ottawa,5,shot,3,1:42,2502,0,2,,,103,153,,2,241,155,5,FALSE,Non quality on net,Backhand
20252026,Regular,303,3-29-2026,Seattle,8,Ottawa,5,shot,3,3:07,2587,0,2,,,398,227,,2,88,155,5,FALSE,Non quality on net,Wrist
20252026,Regular,303,3-29-2026,Seattle,8,Ottawa,5,shot,3,3:46,2626,0,2,,,205,256,,-2,62,222,8,FALSE,Non quality on net,Slap
20252026,Regular,303,3-29-2026,Seattle,8,Ottawa,5,shot,3,4:05,2645,0,2,,,509,201,,2,72,155,5,FALSE,Quality on net,Snap
20252026,Regular,303,3-29-2026,Seattle,8,Ottawa,5,shot,3,4:19,2659,0,2,,,243,149,,-2,224,222,8,FALSE,Non quality on net,Wrist
20252026,Regular,303,3-29-2026,Seattle,8,Ottawa,5,shot,3,5:03,2703,0,2,,,340,134,,2,57,155,5,FALSE,Non quality on net,Tip
20252026,Regular,303,3-29-2026,Seattle,8,Ottawa,5,shot,3,6:00,2760,0,2,,,523,158,,2,115,155,5,FALSE,Quality on net,Wrist
20252026,Regular,303,3-29-2026,Seattle,8,Ottawa,5,penaltyshot,3,6:02,2762,0,2,,,,,,2,58,155,5,FALSE,,
20252026,Regular,303,3-29-2026,Seattle,8,Ottawa,5,shot,3,6:34,2794,0,2,,,543,147,,2,286,155,5,FALSE,Quality on net,Wrist
20252026,Regular,303,3-29-2026,Seattle,8,Ottawa,5,shot,3,6:34,2794,0,2,,,495,167,,2,286,155,5,FALSE,Quality on net,Wrist
20252026,Regular,303,3-29-2026,Seattle,8,Ottawa,5,shot,3,8:13,2893,0,2,,,78,97,,-2,196,222,8,FALSE,Quality on net,Wrist
20252026,Regular,303,3-29-2026,Seattle,8,Ottawa,5,shot,3,8:15,2895,0,2,,,52,147,,-2,17,222,8,FALSE,Quality on net,Backhand
20252026,Regular,303,3-29-2026,Seattle,8,Ottawa,5,shot,3,8:47,2927,0,2,,,149,131,,-2,224,222,8,FALSE,Non quality on net,Wrist
20252026,Regular,303,3-29-2026,Seattle,8,Ottawa,5,shot,3,10:35,3035,0,2,,,460,174,,2,241,155,5,FALSE,Quality on net,Wrist
20252026,Regular,303,3-29-2026,Seattle,8,Ottawa,5,shot,3,10:45,3045,0,2,,,138,128,,-2,34,222,8,FALSE,Quality on net,Wrist
20252026,Regular,303,3-29-2026,Seattle,8,Ottawa,5,shot,3,11:02,3062,0,2,,,142,239,,-2,17,222,8,FALSE,Non quality on net,Wrist
20252026,Regular,303,3-29-2026,Seattle,8,Ottawa,5,shot,3,14:14,3254,0,2,,,238,147,,-2,13,222,8,FALSE,Non quality on net,Slap
20252026,Regular,303,3-29-2026,Seattle,8,Ottawa,5,shot,3,16:53,3413,0,2,,,49,129,,-2,49,222,8,FALSE,Quality on net,Wrist
20252026,Regular,304,4-1-2026,New York,4,Minnesota,2,shot,1,0:16,16,0,0,,,501,148,,0,21,282,2,TRUE,Quality goal,Wrist
20252026,Regular,304,4-1-2026,New York,4,Minnesota,2,shot,1,4:54,294,0,1,,,461,60,,1,60,282,2,FALSE,Non quality on net,Wrist
20252026,Regular,304,4-1-2026,New York,4,Minnesota,2,shot,1,5:20,320,0,1,,,81,203,,-1,285,123,4,TRUE,Quality goal,Wrist
20252026,Regular,304,4-1-2026,New York,4,Minnesota,2,shot,1,6:29,389,1,1,,,211,17,,0,206,123,4,FALSE,Non quality on net,Wrist
20252026,Regular,304,4-1-2026,New York,4,Minnesota,2,shot,1,7:21,441,1,1,,,533,55,,0,20,282,2,FALSE,Non quality on net,Default
20252026,Regular,304,4-1-2026,New York,4,Minnesota,2,shot,1,12:33,753,1,1,,,143,77,,0,230,123,4,FALSE,Quality on net,Wrist
20252026,Regular,304,4-1-2026,New York,4,Minnesota,2,shot,1,14:50,890,1,1,,,495,77,,0,190,282,2,FALSE,Quality on net,Slap
20252026,Regular,304,4-1-2026,New York,4,Minnesota,2,shot,1,15:58,958,1,1,,,76,46,,0,206,123,4,FALSE,Non quality on net,Wrist
20252026,Regular,304,4-1-2026,New York,4,Minnesota,2,shot,1,17:33,1053,1,1,,,90,102,,0,40,123,4,FALSE,Quality on net,Wrist
20252026,Regular,304,4-1-2026,New York,4,Minnesota,2,shot,1,19:56,1196,1,1,,,526,218,,0,247,282,2,FALSE,Non quality on net,Backhand
20252026,Regular,304,4-1-2026,New York,4,Minnesota,2,shot,2,1:08,1268,1,1,,,462,130,,0,25,282,2,FALSE,Quality on net,Wrist
20252026,Regular,304,4-1-2026,New York,4,Minnesota,2,shot,2,1:24,1284,1,1,,,461,150,,0,20,282,2,FALSE,Quality on net,Tip
20252026,Regular,304,4-1-2026,New York,4,Minnesota,2,shot,2,1:37,1297,1,1,,,186,213,,0,249,123,4,FALSE,Non quality on net,Wrist
20252026,Regular,304,4-1-2026,New York,4,Minnesota,2,shot,2,1:52,1312,1,1,,,216,61,,0,283,123,4,FALSE,Non quality on net,Wrist
20252026,Regular,304,4-1-2026,New York,4,Minnesota,2,shot,2,2:12,1332,1,1,,,399,210,,0,236,282,2,FALSE,Non quality on net,Wrist
20252026,Regular,304,4-1-2026,New York,4,Minnesota,2,shot,2,2:41,1361,1,1,,,524,129,,0,20,282,2,FALSE,Quality on net,Wrist
20252026,Regular,304,4-1-2026,New York,4,Minnesota,2,shot,2,2:55,1375,1,1,,,397,130,,0,236,282,2,FALSE,Non quality on net,Wrist
20252026,Regular,304,4-1-2026,New York,4,Minnesota,2,shot,2,4:07,1447,1,1,,,537,141,,0,25,282,2,TRUE,Quality goal,Backhand
20252026,Regular,304,4-1-2026,New York,4,Minnesota,2,shot,2,5:12,1512,1,2,,,524,110,,1,102,282,2,FALSE,Quality on net,Wrist
20252026,Regular,304,4-1-2026,New York,4,Minnesota,2,shot,2,5:27,1527,1,2,,,566,120,,1,263,282,2,FALSE,Non quality on net,Wrist
20252026,Regular,304,4-1-2026,New York,4,Minnesota,2,shot,2,6:33,1593,1,2,,,499,93,,1,21,282,2,FALSE,Quality on net,Wrist
20252026,Regular,304,4-1-2026,New York,4,Minnesota,2,shot,2,8:17,1697,1,2,,,52,182,,-1,249,123,4,FALSE,Non quality on net,Wrist
20252026,Regular,304,4-1-2026,New York,4,Minnesota,2,shot,2,9:40,1780,1,2,,,237,174,,-1,285,123,4,FALSE,Non quality on net,Tip
20252026,Regular,304,4-1-2026,New York,4,Minnesota,2,shot,2,10:07,1807,1,2,,,434,219,,-1,229,123,4,FALSE,Non quality on net,Wrist
20252026,Regular,304,4-1-2026,New York,4,Minnesota,2,shot,2,10:17,1817,1,2,,,147,69,,-1,229,123,4,FALSE,Non quality on net,Wrist
20252026,Regular,304,4-1-2026,New York,4,Minnesota,2,shot,2,13:20,2000,1,2,,,450,52,,1,188,282,2,FALSE,Non quality on net,Wrist
20252026,Regular,304,4-1-2026,New York,4,Minnesota,2,shot,2,13:42,2022,1,2,,,57,147,,-1,206,123,4,FALSE,Quality on net,Wrist
20252026,Regular,304,4-1-2026,New York,4,Minnesota,2,shot,2,13:47,2027,1,2,,,188,36,,-1,230,123,4,FALSE,Non quality on net,Wrist
20252026,Regular,304,4-1-2026,New York,4,Minnesota,2,shot,2,14:34,2074,1,2,,,237,268,,-1,206,123,4,FALSE,Non quality on net,Wrist
20252026,Regular,304,4-1-2026,New York,4,Minnesota,2,shot,2,15:20,2120,1,2,,,465,71,,1,24,282,2,FALSE,Non quality on net,Wrist
20252026,Regular,304,4-1-2026,New York,4,Minnesota,2,shot,2,17:13,2233,1,2,,,35,170,,-1,249,123,4,FALSE,Non quality on net,Tip
20252026,Regular,304,4-1-2026,New York,4,Minnesota,2,shot,2,19:43,2383,1,2,,,522,182,,1,21,282,2,FALSE,Quality on net,Backhand
20252026,Regular,304,4-1-2026,New York,4,Minnesota,2,shot,3,0:40,2440,1,2,,,519,100,,1,263,282,2,FALSE,Quality on net,Wrist
20252026,Regular,304,4-1-2026,New York,4,Minnesota,2,shot,3,0:44,2444,1,2,,,539,205,,1,25,282,2,TRUE,Non quality goal,Wrist
20252026,Regular,304,4-1-2026,New York,4,Minnesota,2,shot,3,1:44,2504,1,3,,,232,45,,-2,116,123,4,FALSE,Non quality on net,Backhand
20252026,Regular,304,4-1-2026,New York,4,Minnesota,2,shot,3,1:54,2514,1,3,,,118,211,,-2,230,123,4,FALSE,Quality on net,Slap
20252026,Regular,304,4-1-2026,New York,4,Minnesota,2,shot,3,2:09,2529,1,3,,,46,127,,-2,116,123,4,FALSE,Non quality on net,Wrist
20252026,Regular,304,4-1-2026,New York,4,Minnesota,2,shot,3,6:50,2810,1,3,,,418,159,,2,236,282,2,FALSE,Non quality on net,Wrist
20252026,Regular,304,4-1-2026,New York,4,Minnesota,2,shot,3,7:22,2842,1,3,,,134,55,,-2,40,123,4,FALSE,Non quality on net,Wrist
20252026,Regular,304,4-1-2026,New York,4,Minnesota,2,shot,3,8:11,2891,1,3,,,463,149,,2,25,282,2,FALSE,Quality on net,Snap
20252026,Regular,304,4-1-2026,New York,4,Minnesota,2,shot,3,8:22,2902,1,3,,,448,222,,2,247,282,2,FALSE,Non quality on net,Wrist
20252026,Regular,304,4-1-2026,New York,4,Minnesota,2,shot,3,10:11,3011,1,3,,,552,129,,2,263,282,2,FALSE,Quality on net,Wrist
20252026,Regular,304,4-1-2026,New York,4,Minnesota,2,shot,3,11:04,3064,1,3,,,62,137,,-2,30,123,4,FALSE,Quality on net,Backhand
20252026,Regular,304,4-1-2026,New York,4,Minnesota,2,shot,3,12:20,3140,1,3,,,51,171,,-2,205,123,4,TRUE,Quality goal,Backhand
20252026,Regular,304,4-1-2026,New York,4,Minnesota,2,shot,3,12:34,3154,2,3,,,88,153,,-1,205,123,4,TRUE,Quality goal,Wrist
20252026,Regular,304,4-1-2026,New York,4,Minnesota,2,shot,3,13:15,3195,3,3,,,533,119,,0,20,282,2,FALSE,Quality on net,Wrist
20252026,Regular,304,4-1-2026,New York,4,Minnesota,2,shot,3,14:25,3265,3,3,,,148,97,,0,249,123,4,FALSE,Non quality on net,Wrist
20252026,Regular,304,4-1-2026,New York,4,Minnesota,2,shot,3,16:23,3383,3,3,,,213,189,,0,30,123,4,FALSE,Non quality on net,Wrist
20252026,Regular,304,4-1-2026,New York,4,Minnesota,2,shot,3,16:24,3384,3,3,,,74,177,,0,40,123,4,FALSE,Quality on net,Wrist
20252026,Regular,304,4-1-2026,New York,4,Minnesota,2,shot,4,1:59,3719,3,3,,,537,220,,0,40,123,4,FALSE,Non quality on net,Wrist
20252026,Regular,304,4-1-2026,New York,4,Minnesota,2,shot,4,3:29,3809,3,3,,,511,153,,0,189,282,2,FALSE,Quality on net,Wrist
20252026,Regular,304,4-1-2026,New York,4,Minnesota,2,shot,4,3:39,3819,3,3,,,76,134,,0,249,123,4,FALSE,Quality on net,Wrist
20252026,Regular,304,4-1-2026,New York,4,Minnesota,2,shot,4,4:14,3854,3,3,,,198,51,,0,285,123,4,FALSE,Non quality on net,Backhand
20252026,Regular,304,4-1-2026,New York,4,Minnesota,2,shot,4,4:45,3885,3,3,,,108,165,,0,205,123,4,TRUE,Quality goal,Wrist
20252026,Regular,305,4-1-2026,Montréal,3,Vancouver,9,shot,1,2:37,157,0,0,,,129,63,,0,39,59,3,FALSE,Non quality on net,Wrist
20252026,Regular,305,4-1-2026,Montréal,3,Vancouver,9,shot,1,3:45,225,0,0,,,459,244,,0,221,28,9,FALSE,Non quality on net,Wrist
20252026,Regular,305,4-1-2026,Montréal,3,Vancouver,9,shot,1,6:25,385,0,0,,,479,207,,0,75,28,9,FALSE,Quality on net,Snap
20252026,Regular,305,4-1-2026,Montréal,3,Vancouver,9,shot,1,6:58,418,0,0,,,537,202,,0,75,28,9,FALSE,Non quality on net,Wrist
20252026,Regular,305,4-1-2026,Montréal,3,Vancouver,9,shot,1,7:45,465,0,0,,,80,73,,0,42,59,3,FALSE,Non quality on net,Wrist
20252026,Regular,305,4-1-2026,Montréal,3,Vancouver,9,shot,1,8:07,487,0,0,,,97,79,,0,199,59,3,FALSE,Quality on net,Wrist
20252026,Regular,305,4-1-2026,Montréal,3,Vancouver,9,shot,1,8:08,488,0,0,,,45,129,,0,42,59,3,FALSE,Non quality on net,Backhand
20252026,Regular,305,4-1-2026,Montréal,3,Vancouver,9,shot,1,8:37,517,0,0,,,128,295,,0,84,59,3,FALSE,Non quality on net,Wrist
20252026,Regular,305,4-1-2026,Montréal,3,Vancouver,9,shot,1,14:32,872,0,0,,,209,104,,0,79,59,3,FALSE,Non quality on net,Snap
20252026,Regular,305,4-1-2026,Montréal,3,Vancouver,9,shot,1,17:17,1037,0,0,,,481,100,,0,114,28,9,FALSE,Quality on net,Slap
20252026,Regular,305,4-1-2026,Montréal,3,Vancouver,9,shot,1,18:27,1107,0,0,,,217,37,,0,253,59,3,FALSE,Non quality on net,Wrist
20252026,Regular,305,4-1-2026,Montréal,3,Vancouver,9,shot,1,18:28,1108,0,0,,,65,131,,0,274,59,3,FALSE,Quality on net,Wrist
20252026,Regular,305,4-1-2026,Montréal,3,Vancouver,9,shot,1,19:29,1169,0,0,,,61,249,,0,201,59,3,FALSE,Non quality on net,Wrist
20252026,Regular,305,4-1-2026,Montréal,3,Vancouver,9,shot,2,0:48,1248,0,0,,,536,208,,0,75,28,9,FALSE,Non quality on net,Snap
20252026,Regular,305,4-1-2026,Montréal,3,Vancouver,9,shot,2,3:39,1419,0,0,,,472,216,,0,75,28,9,FALSE,Quality on net,Snap
20252026,Regular,305,4-1-2026,Montréal,3,Vancouver,9,shot,2,4:26,1466,0,0,,,506,182,,0,221,28,9,FALSE,Quality on net,Snap
20252026,Regular,305,4-1-2026,Montréal,3,Vancouver,9,shot,2,5:26,1526,0,0,,,57,126,,0,4,59,3,FALSE,Quality on net,Tip
20252026,Regular,305,4-1-2026,Montréal,3,Vancouver,9,shot,2,6:04,1564,0,0,,,497,58,,0,169,28,9,FALSE,Non quality on net,Snap
20252026,Regular,305,4-1-2026,Montréal,3,Vancouver,9,shot,2,7:06,1626,0,0,,,426,85,,0,209,28,9,FALSE,Non quality on net,Snap
20252026,Regular,305,4-1-2026,Montréal,3,Vancouver,9,shot,2,9:01,1741,0,0,,,134,74,,0,274,59,3,FALSE,Quality on net,Wrist
20252026,Regular,305,4-1-2026,Montréal,3,Vancouver,9,shot,2,9:22,1762,0,0,,,485,167,,0,221,28,9,FALSE,Quality on net,Snap
20252026,Regular,305,4-1-2026,Montréal,3,Vancouver,9,shot,2,14:28,2068,0,0,,,522,113,,0,75,28,9,FALSE,Quality on net,Snap
20252026,Regular,305,4-1-2026,Montréal,3,Vancouver,9,shot,2,14:36,2076,0,0,,,495,204,,0,89,28,9,FALSE,Quality on net,Wrist
20252026,Regular,305,4-1-2026,Montréal,3,Vancouver,9,shot,2,15:32,2132,0,0,,,73,170,,0,272,59,3,FALSE,Quality on net,Tip
20252026,Regular,305,4-1-2026,Montréal,3,Vancouver,9,shot,2,16:16,2176,0,0,,,179,49,,0,84,59,3,FALSE,Non quality on net,Slap
20252026,Regular,305,4-1-2026,Montréal,3,Vancouver,9,shot,2,18:39,2319,0,0,,,141,33,,0,157,59,3,FALSE,Non quality on net,Snap
20252026,Regular,305,4-1-2026,Montréal,3,Vancouver,9,shot,2,19:58,2398,0,0,,,144,203,,0,42,59,3,FALSE,Quality on net,Snap
20252026,Regular,305,4-1-2026,Montréal,3,Vancouver,9,shot,3,0:19,2419,0,0,,,16,78,,0,32,59,3,FALSE,Non quality on net,Wrist
20252026,Regular,305,4-1-2026,Montréal,3,Vancouver,9,shot,3,0:56,2456,0,0,,,57,227,,0,61,59,3,FALSE,Non quality on net,Backhand
20252026,Regular,305,4-1-2026,Montréal,3,Vancouver,9,shot,3,2:35,2555,0,0,,,30,111,,0,274,59,3,FALSE,Non quality on net,Wrist
20252026,Regular,305,4-1-2026,Montréal,3,Vancouver,9,shot,3,2:42,2562,0,0,,,11,191,,0,201,59,3,FALSE,Non quality on net,Wrist
20252026,Regular,305,4-1-2026,Montréal,3,Vancouver,9,shot,3,3:04,2584,0,0,,,339,60,,0,221,28,9,FALSE,Non quality on net,Wrist
20252026,Regular,305,4-1-2026,Montréal,3,Vancouver,9,shot,3,4:44,2684,0,0,,,435,221,,0,161,28,9,FALSE,Non quality on net,Wrist
20252026,Regular,305,4-1-2026,Montréal,3,Vancouver,9,shot,3,6:32,2792,0,0,,,388,95,,0,248,28,9,FALSE,Non quality on net,Wrist
20252026,Regular,305,4-1-2026,Montréal,3,Vancouver,9,shot,3,7:18,2838,0,0,,,464,125,,0,209,28,9,FALSE,Quality on net,Snap
20252026,Regular,305,4-1-2026,Montréal,3,Vancouver,9,shot,3,7:58,2878,0,0,,,93,235,,0,61,59,3,FALSE,Non quality on net,Wrist
20252026,Regular,305,4-1-2026,Montréal,3,Vancouver,9,shot,3,8:28,2908,0,0,,,75,138,,0,61,59,3,TRUE,Quality goal,Snap
20252026,Regular,305,4-1-2026,Montréal,3,Vancouver,9,shot,3,10:10,3010,1,0,,,56,114,,1,39,59,3,FALSE,Non quality on net,Snap
20252026,Regular,305,4-1-2026,Montréal,3,Vancouver,9,shot,3,10:34,3034,1,0,,,58,139,,1,39,59,3,FALSE,Quality on net,Tip
20252026,Regular,305,4-1-2026,Montréal,3,Vancouver,9,shot,3,10:58,3058,1,0,,,206,277,,1,79,59,3,FALSE,Non quality on net,Wrist
20252026,Regular,305,4-1-2026,Montréal,3,Vancouver,9,shot,3,12:29,3149,1,0,,,196,147,,1,199,59,3,FALSE,Non quality on net,Tip
20252026,Regular,305,4-1-2026,Montréal,3,Vancouver,9,shot,3,13:42,3222,1,0,,,500,93,,-1,129,28,9,FALSE,Quality on net,Wrist
20252026,Regular,305,4-1-2026,Montréal,3,Vancouver,9,shot,3,14:31,3271,1,0,,,180,68,,1,42,59,3,FALSE,Non quality on net,Snap
20252026,Regular,305,4-1-2026,Montréal,3,Vancouver,9,shot,3,15:39,3339,1,0,,,395,99,,-1,129,28,9,FALSE,Non quality on net,Slap
20252026,Regular,305,4-1-2026,Montréal,3,Vancouver,9,shot,3,18:23,3503,1,0,,,89,138,,1,61,0,3,TRUE,Quality goal,Default
20252026,Regular,305,4-1-2026,Montréal,3,Vancouver,9,shot,3,19:18,3558,2,0,,,411,248,,2,79,0,3,TRUE,Non quality goal,Default
20252026,Regular,306,4-1-2026,Ottawa,5,Toronto,6,shot,1,2:16,136,0,0,,,411,43,,0,56,222,6,FALSE,Non quality on net,Wrist
20252026,Regular,306,4-1-2026,Ottawa,5,Toronto,6,shot,1,3:33,213,0,0,,,468,255,,0,76,222,6,FALSE,Non quality on net,Wrist
20252026,Regular,306,4-1-2026,Ottawa,5,Toronto,6,shot,1,3:34,214,0,0,,,549,152,,0,66,222,6,TRUE,Quality goal,Wrist
20252026,Regular,306,4-1-2026,Ottawa,5,Toronto,6,shot,1,5:04,304,0,1,,,377,249,,1,68,222,6,FALSE,Non quality on net,Wrist
20252026,Regular,306,4-1-2026,Ottawa,5,Toronto,6,shot,1,6:29,389,0,1,,,324,33,,1,44,222,6,FALSE,Non quality on net,Wrist
20252026,Regular,306,4-1-2026,Ottawa,5,Toronto,6,shot,1,6:51,411,0,1,,,138,159,,-1,58,211,5,FALSE,Quality on net,Wrist
20252026,Regular,306,4-1-2026,Ottawa,5,Toronto,6,shot,1,7:07,427,0,1,,,483,54,,1,66,222,6,FALSE,Non quality on net,Wrist
20252026,Regular,306,4-1-2026,Ottawa,5,Toronto,6,shot,1,7:42,462,0,1,,,108,57,,-1,58,211,5,FALSE,Non quality on net,Backhand
20252026,Regular,306,4-1-2026,Ottawa,5,Toronto,6,shot,1,10:21,621,0,1,,,207,57,,-1,219,211,5,FALSE,Non quality on net,Wrist
20252026,Regular,306,4-1-2026,Ottawa,5,Toronto,6,shot,1,11:14,674,0,1,,,382,59,,1,66,222,6,FALSE,Non quality on net,Wrist
20252026,Regular,306,4-1-2026,Ottawa,5,Toronto,6,shot,1,11:55,715,0,1,,,97,161,,-1,72,211,5,FALSE,Quality on net,Wrist
20252026,Regular,306,4-1-2026,Ottawa,5,Toronto,6,shot,1,12:29,749,0,1,,,45,208,,-1,72,211,5,FALSE,Non quality on net,Wrist
20252026,Regular,306,4-1-2026,Ottawa,5,Toronto,6,shot,1,14:41,881,0,1,,,549,93,,1,65,222,6,FALSE,Non quality on net,Wrist
20252026,Regular,306,4-1-2026,Ottawa,5,Toronto,6,shot,1,15:09,909,0,1,,,147,209,,-1,223,211,5,FALSE,Non quality on net,Wrist
20252026,Regular,306,4-1-2026,Ottawa,5,Toronto,6,shot,1,16:18,978,0,1,,,53,126,,-1,58,211,5,FALSE,Quality on net,Wrist
20252026,Regular,306,4-1-2026,Ottawa,5,Toronto,6,shot,1,17:41,1061,0,1,,,577,96,,1,86,222,6,FALSE,Non quality on net,Wrist
20252026,Regular,306,4-1-2026,Ottawa,5,Toronto,6,shot,1,18:34,1114,0,1,,,147,251,,-1,240,211,5,TRUE,Non quality goal,Wrist
20252026,Regular,306,4-1-2026,Ottawa,5,Toronto,6,shot,1,18:47,1127,1,1,,,234,145,,0,286,211,5,FALSE,Non quality on net,Tip
20252026,Regular,306,4-1-2026,Ottawa,5,Toronto,6,shot,2,0:41,1241,1,1,,,156,74,,0,72,211,5,FALSE,Non quality on net,Wrist
20252026,Regular,306,4-1-2026,Ottawa,5,Toronto,6,shot,2,1:45,1305,1,1,,,159,246,,0,118,211,5,FALSE,Non quality on net,Wrist
20252026,Regular,306,4-1-2026,Ottawa,5,Toronto,6,shot,2,3:15,1395,1,1,,,68,114,,0,53,211,5,FALSE,Quality on net,Wrist
20252026,Regular,306,4-1-2026,Ottawa,5,Toronto,6,shot,2,4:53,1493,1,1,,,438,99,,0,76,222,6,FALSE,Non quality on net,Wrist
20252026,Regular,306,4-1-2026,Ottawa,5,Toronto,6,shot,2,5:15,1515,1,1,,,401,57,,0,44,222,6,FALSE,Non quality on net,Slap
20252026,Regular,306,4-1-2026,Ottawa,5,Toronto,6,shot,2,5:43,1543,1,1,,,515,159,,0,86,222,6,FALSE,Quality on net,Wrist
20252026,Regular,306,4-1-2026,Ottawa,5,Toronto,6,shot,2,6:33,1593,1,1,,,440,224,,0,68,222,6,FALSE,Non quality on net,Wrist
20252026,Regular,306,4-1-2026,Ottawa,5,Toronto,6,shot,2,7:04,1624,1,1,,,453,75,,0,44,222,6,FALSE,Non quality on net,Wrist
20252026,Regular,306,4-1-2026,Ottawa,5,Toronto,6,shot,2,7:58,1678,1,1,,,176,58,,0,286,211,5,FALSE,Non quality on net,Wrist
20252026,Regular,306,4-1-2026,Ottawa,5,Toronto,6,shot,2,8:14,1694,1,1,,,123,42,,0,192,211,5,FALSE,Non quality on net,Wrist
20252026,Regular,306,4-1-2026,Ottawa,5,Toronto,6,shot,2,9:37,1777,1,1,,,192,194,,0,223,211,5,FALSE,Non quality on net,Wrist
20252026,Regular,306,4-1-2026,Ottawa,5,Toronto,6,shot,2,9:39,1779,1,1,,,57,157,,0,88,211,5,FALSE,Quality on net,Backhand
20252026,Regular,306,4-1-2026,Ottawa,5,Toronto,6,shot,2,10:16,1816,1,1,,,126,202,,0,88,211,5,FALSE,Quality on net,Slap
20252026,Regular,306,4-1-2026,Ottawa,5,Toronto,6,shot,2,12:36,1956,1,1,,,427,231,,0,66,222,6,FALSE,Non quality on net,Wrist
20252026,Regular,306,4-1-2026,Ottawa,5,Toronto,6,shot,2,14:59,2099,1,1,,,77,84,,0,53,211,5,FALSE,Non quality on net,Wrist
20252026,Regular,306,4-1-2026,Ottawa,5,Toronto,6,shot,2,15:37,2137,1,1,,,561,193,,0,66,222,6,FALSE,Non quality on net,Wrist
20252026,Regular,306,4-1-2026,Ottawa,5,Toronto,6,shot,2,17:31,2251,1,1,,,537,178,,0,73,222,6,FALSE,Quality on net,Backhand
20252026,Regular,306,4-1-2026,Ottawa,5,Toronto,6,shot,2,18:05,2285,1,1,,,45,160,,0,53,211,5,FALSE,Quality on net,Backhand
20252026,Regular,306,4-1-2026,Ottawa,5,Toronto,6,shot,2,20:00,2400,1,1,,,240,33,,0,58,211,5,FALSE,Non quality on net,Wrist
20252026,Regular,306,4-1-2026,Ottawa,5,Toronto,6,shot,3,0:56,2456,1,1,,,545,176,,0,66,222,6,FALSE,Quality on net,Backhand
20252026,Regular,306,4-1-2026,Ottawa,5,Toronto,6,shot,3,0:57,2457,1,1,,,537,176,,0,26,222,6,TRUE,Quality goal,Wrist
20252026,Regular,306,4-1-2026,Ottawa,5,Toronto,6,shot,3,1:58,2518,1,2,,,399,49,,1,56,222,6,FALSE,Non quality on net,Wrist
20252026,Regular,306,4-1-2026,Ottawa,5,Toronto,6,shot,3,2:22,2542,1,2,,,467,195,,1,316,222,6,FALSE,Quality on net,Wrist
20252026,Regular,306,4-1-2026,Ottawa,5,Toronto,6,shot,3,3:46,2626,1,2,,,190,175,,-1,115,211,5,FALSE,Non quality on net,Wrist
20252026,Regular,306,4-1-2026,Ottawa,5,Toronto,6,shot,3,4:24,2664,1,2,,,48,202,,-1,58,211,5,FALSE,Non quality on net,Wrist
20252026,Regular,306,4-1-2026,Ottawa,5,Toronto,6,shot,3,4:54,2694,1,2,,,133,107,,-1,241,211,5,FALSE,Quality on net,Wrist
20252026,Regular,306,4-1-2026,Ottawa,5,Toronto,6,shot,3,6:13,2773,1,2,,,518,113,,1,73,222,6,FALSE,Quality on net,Wrist
20252026,Regular,306,4-1-2026,Ottawa,5,Toronto,6,shot,3,8:17,2897,1,2,,,149,37,,-1,115,211,5,FALSE,Non quality on net,Wrist
20252026,Regular,306,4-1-2026,Ottawa,5,Toronto,6,shot,3,9:43,2983,1,2,,,170,69,,-1,72,211,5,FALSE,Non quality on net,Slap
20252026,Regular,306,4-1-2026,Ottawa,5,Toronto,6,shot,3,10:36,3036,1,2,,,134,130,,-1,88,211,5,FALSE,Quality on net,Tip
20252026,Regular,306,4-1-2026,Ottawa,5,Toronto,6,shot,3,11:10,3070,1,2,,,541,145,,1,67,222,6,FALSE,Quality on net,Tip
20252026,Regular,306,4-1-2026,Ottawa,5,Toronto,6,shot,3,11:15,3075,1,2,,,75,207,,-1,240,211,5,FALSE,Non quality on net,Wrist
20252026,Regular,306,4-1-2026,Ottawa,5,Toronto,6,shot,3,11:28,3088,1,2,,,168,132,,-1,286,211,5,FALSE,Non quality on net,Wrist
20252026,Regular,306,4-1-2026,Ottawa,5,Toronto,6,shot,3,13:06,3186,1,2,,,90,61,,-1,223,211,5,FALSE,Non quality on net,Backhand
20252026,Regular,306,4-1-2026,Ottawa,5,Toronto,6,shot,3,15:02,3302,1,2,,,500,161,,1,73,222,6,FALSE,Quality on net,Tip
20252026,Regular,307,4-4-2026,Minnesota,2,Vancouver,9,shot,1,1:03,63,0,0,,,396,244,,0,11,22,9,FALSE,Non quality on net,Wrist
20252026,Regular,307,4-4-2026,Minnesota,2,Vancouver,9,shot,1,1:17,77,0,0,,,395,253,,0,11,22,9,FALSE,Non quality on net,Wrist
20252026,Regular,307,4-4-2026,Minnesota,2,Vancouver,9,shot,1,1:18,78,0,0,,,539,158,,0,75,22,9,TRUE,Quality goal,Tip
20252026,Regular,307,4-4-2026,Minnesota,2,Vancouver,9,shot,1,1:42,102,0,1,,,84,182,,-1,25,59,2,FALSE,Quality on net,Backhand
20252026,Regular,307,4-4-2026,Minnesota,2,Vancouver,9,shot,1,2:56,176,0,1,,,542,178,,1,239,22,9,FALSE,Quality on net,Wrist
20252026,Regular,307,4-4-2026,Minnesota,2,Vancouver,9,shot,1,4:26,266,0,1,,,550,179,,1,220,22,9,FALSE,Non quality on net,Wrist
20252026,Regular,307,4-4-2026,Minnesota,2,Vancouver,9,shot,1,4:45,285,0,1,,,395,89,,1,129,22,9,FALSE,Non quality on net,Wrist
20252026,Regular,307,4-4-2026,Minnesota,2,Vancouver,9,shot,1,6:09,369,0,1,,,126,158,,-1,191,59,2,FALSE,Quality on net,Wrist
20252026,Regular,307,4-4-2026,Minnesota,2,Vancouver,9,shot,1,6:35,395,0,1,,,500,216,,1,305,22,9,FALSE,Quality on net,Wrist
20252026,Regular,307,4-4-2026,Minnesota,2,Vancouver,9,shot,1,6:58,418,0,1,,,424,82,,1,180,22,9,FALSE,Non quality on net,Wrist
20252026,Regular,307,4-4-2026,Minnesota,2,Vancouver,9,shot,1,7:25,445,0,1,,,156,14,,-1,264,59,2,FALSE,Non quality on net,Wrist
20252026,Regular,307,4-4-2026,Minnesota,2,Vancouver,9,shot,1,7:38,458,0,1,,,41,126,,-1,247,59,2,FALSE,Non quality on net,Wrist
20252026,Regular,307,4-4-2026,Minnesota,2,Vancouver,9,shot,1,9:05,545,0,1,,,57,133,,-1,25,59,2,TRUE,Quality goal,Tip
20252026,Regular,307,4-4-2026,Minnesota,2,Vancouver,9,shot,1,10:13,613,1,1,,,352,249,,0,305,22,9,FALSE,Non quality on net,Wrist
20252026,Regular,307,4-4-2026,Minnesota,2,Vancouver,9,shot,1,10:58,658,1,1,,,246,39,,0,21,59,2,FALSE,Non quality on net,Snap
20252026,Regular,307,4-4-2026,Minnesota,2,Vancouver,9,shot,1,11:08,668,1,1,,,45,129,,0,20,59,2,FALSE,Quality on net,Wrist
20252026,Regular,307,4-4-2026,Minnesota,2,Vancouver,9,shot,1,12:03,723,1,1,,,138,205,,0,188,59,2,FALSE,Quality on net,Wrist
20252026,Regular,307,4-4-2026,Minnesota,2,Vancouver,9,shot,1,12:13,733,1,1,,,449,96,,0,248,22,9,FALSE,Non quality on net,Wrist
20252026,Regular,307,4-4-2026,Minnesota,2,Vancouver,9,shot,1,12:16,736,1,1,,,390,147,,0,129,22,9,FALSE,Non quality on net,Slap
20252026,Regular,307,4-4-2026,Minnesota,2,Vancouver,9,shot,1,13:31,811,1,1,,,63,147,,0,189,59,2,FALSE,Quality on net,Tip
20252026,Regular,307,4-4-2026,Minnesota,2,Vancouver,9,shot,1,16:48,1008,1,1,,,458,105,,0,198,22,9,FALSE,Quality on net,Wrist
20252026,Regular,307,4-4-2026,Minnesota,2,Vancouver,9,shot,1,17:38,1058,1,1,,,103,197,,0,24,59,2,FALSE,Quality on net,Snap
20252026,Regular,307,4-4-2026,Minnesota,2,Vancouver,9,shot,1,17:39,1059,1,1,,,46,157,,0,191,59,2,TRUE,Quality goal,Tip
20252026,Regular,307,4-4-2026,Minnesota,2,Vancouver,9,shot,1,17:46,1066,2,1,,,524,154,,-1,161,22,9,TRUE,Quality goal,Wrist
20252026,Regular,307,4-4-2026,Minnesota,2,Vancouver,9,shot,1,17:57,1077,2,2,,,129,40,,0,21,59,2,FALSE,Non quality on net,Wrist
20252026,Regular,307,4-4-2026,Minnesota,2,Vancouver,9,shot,1,18:19,1099,2,2,,,413,95,,0,11,22,9,TRUE,Non quality goal,Wrist
20252026,Regular,307,4-4-2026,Minnesota,2,Vancouver,9,shot,1,19:42,1182,2,3,,,59,183,,-1,247,59,2,FALSE,Quality on net,Tip
20252026,Regular,307,4-4-2026,Minnesota,2,Vancouver,9,shot,2,3:30,1410,2,3,,,541,126,,1,198,22,9,TRUE,Quality goal,Tip
20252026,Regular,307,4-4-2026,Minnesota,2,Vancouver,9,shot,2,4:01,1441,2,4,,,205,249,,-2,24,59,2,FALSE,Non quality on net,Wrist
20252026,Regular,307,4-4-2026,Minnesota,2,Vancouver,9,shot,2,4:22,1462,2,4,,,117,130,,-2,189,59,2,FALSE,Quality on net,Wrist
20252026,Regular,307,4-4-2026,Minnesota,2,Vancouver,9,shot,2,7:25,1645,2,4,,,125,87,,-2,37,59,2,FALSE,Quality on net,Wrist
20252026,Regular,307,4-4-2026,Minnesota,2,Vancouver,9,shot,2,8:15,1695,2,4,,,63,135,,-2,247,59,2,FALSE,Quality on net,Wrist
20252026,Regular,307,4-4-2026,Minnesota,2,Vancouver,9,shot,2,9:30,1770,2,4,,,230,47,,-2,264,59,2,FALSE,Non quality on net,Wrist
20252026,Regular,307,4-4-2026,Minnesota,2,Vancouver,9,shot,2,9:32,1772,2,4,,,109,202,,-2,269,59,2,FALSE,Quality on net,Wrist
20252026,Regular,307,4-4-2026,Minnesota,2,Vancouver,9,shot,2,10:05,1805,2,4,,,202,54,,-2,167,59,2,FALSE,Non quality on net,Wrist
20252026,Regular,307,4-4-2026,Minnesota,2,Vancouver,9,shot,2,12:07,1927,2,4,,,54,166,,-2,188,59,2,TRUE,Quality goal,Wrist
20252026,Regular,307,4-4-2026,Minnesota,2,Vancouver,9,shot,2,13:25,2005,3,4,,,146,208,,-1,21,59,2,TRUE,Non quality goal,Wrist
20252026,Regular,307,4-4-2026,Minnesota,2,Vancouver,9,shot,2,14:06,2046,4,4,,,87,159,,0,189,59,2,FALSE,Quality on net,Wrist
20252026,Regular,307,4-4-2026,Minnesota,2,Vancouver,9,shot,2,15:06,2106,4,4,,,477,161,,0,227,22,9,FALSE,Quality on net,Slap
20252026,Regular,307,4-4-2026,Minnesota,2,Vancouver,9,shot,2,15:14,2114,4,4,,,166,55,,0,21,59,2,FALSE,Non quality on net,Wrist
20252026,Regular,307,4-4-2026,Minnesota,2,Vancouver,9,shot,2,15:17,2117,4,4,,,552,165,,0,227,22,9,FALSE,Quality on net,Wrist
20252026,Regular,307,4-4-2026,Minnesota,2,Vancouver,9,shot,2,15:51,2151,4,4,,,58,130,,0,25,59,2,FALSE,Quality on net,Tip
20252026,Regular,307,4-4-2026,Minnesota,2,Vancouver,9,shot,2,16:58,2218,4,4,,,437,63,,0,221,22,9,FALSE,Non quality on net,Wrist
20252026,Regular,307,4-4-2026,Minnesota,2,Vancouver,9,shot,2,18:59,2339,4,4,,,75,180,,0,21,59,2,FALSE,Quality on net,Wrist
20252026,Regular,307,4-4-2026,Minnesota,2,Vancouver,9,shot,2,19:42,2382,4,4,,,501,197,,0,248,22,9,FALSE,Quality on net,Wrist
20252026,Regular,307,4-4-2026,Minnesota,2,Vancouver,9,shot,3,1:35,2495,4,4,,,141,186,,0,191,59,2,FALSE,Quality on net,Wrist
20252026,Regular,307,4-4-2026,Minnesota,2,Vancouver,9,shot,3,2:06,2526,4,4,,,515,150,,0,227,22,9,FALSE,Quality on net,Wrist
20252026,Regular,307,4-4-2026,Minnesota,2,Vancouver,9,shot,3,3:55,2635,4,4,,,63,170,,0,20,59,2,FALSE,Quality on net,Tip
20252026,Regular,307,4-4-2026,Minnesota,2,Vancouver,9,shot,3,4:12,2652,4,4,,,50,127,,0,24,59,2,FALSE,Quality on net,Wrist
20252026,Regular,307,4-4-2026,Minnesota,2,Vancouver,9,shot,3,4:17,2657,4,4,,,64,182,,0,23,59,2,TRUE,Quality goal,Tip
20252026,Regular,307,4-4-2026,Minnesota,2,Vancouver,9,shot,3,8:46,2926,5,4,,,205,267,,1,24,59,2,FALSE,Non quality on net,Wrist
20252026,Regular,307,4-4-2026,Minnesota,2,Vancouver,9,shot,3,11:39,3099,5,4,,,196,270,,1,24,59,2,FALSE,Non quality on net,Wrist
20252026,Regular,307,4-4-2026,Minnesota,2,Vancouver,9,shot,3,12:31,3151,5,4,,,51,212,,1,21,59,2,FALSE,Non quality on net,Wrist
20252026,Regular,307,4-4-2026,Minnesota,2,Vancouver,9,shot,3,13:44,3224,5,4,,,45,171,,1,23,59,2,TRUE,Non quality goal,Wrist
20252026,Regular,307,4-4-2026,Minnesota,2,Vancouver,9,shot,3,14:31,3271,6,4,,,108,76,,2,189,59,2,FALSE,Quality on net,Snap
20252026,Regular,307,4-4-2026,Minnesota,2,Vancouver,9,shot,3,14:46,3286,6,4,,,453,152,,-2,11,22,9,FALSE,Non quality on net,Wrist
20252026,Regular,307,4-4-2026,Minnesota,2,Vancouver,9,shot,3,14:49,3289,6,4,,,527,128,,-2,221,22,9,FALSE,Quality on net,Wrist
20252026,Regular,307,4-4-2026,Minnesota,2,Vancouver,9,shot,3,17:32,3452,6,4,,,495,178,,-2,75,22,9,FALSE,Quality on net,Wrist
20252026,Regular,307,4-4-2026,Minnesota,2,Vancouver,9,shot,3,18:50,3530,6,4,,,550,171,,-2,89,22,9,FALSE,Quality on net,Tip
20252026,Regular,307,4-4-2026,Minnesota,2,Vancouver,9,shot,3,19:07,3547,6,4,,,399,246,,-2,209,22,9,TRUE,Non quality goal,Wrist
20252026,Regular,308,4-4-2026,New York,4,Seattle,8,shot,1,1:35,95,0,0,,,206,51,,0,229,155,4,FALSE,Non quality on net,Wrist
20252026,Regular,308,4-4-2026,New York,4,Seattle,8,shot,1,2:49,169,0,0,,,544,195,,0,224,228,8,FALSE,Non quality on net,Default
20252026,Regular,308,4-4-2026,New York,4,Seattle,8,shot,1,4:25,265,0,0,,,351,200,,0,47,155,4,FALSE,Non quality on net,Default
20252026,Regular,308,4-4-2026,New York,4,Seattle,8,shot,1,5:48,348,0,0,,,183,253,,0,205,155,4,FALSE,Non quality on net,Backhand
20252026,Regular,308,4-4-2026,New York,4,Seattle,8,shot,1,5:50,350,0,0,,,74,173,,0,87,155,4,FALSE,Quality on net,Default
20252026,Regular,308,4-4-2026,New York,4,Seattle,8,shot,1,6:14,374,0,0,,,66,117,,0,280,155,4,FALSE,Quality on net,Default
20252026,Regular,308,4-4-2026,New York,4,Seattle,8,shot,1,7:10,430,0,0,,,314,10,,0,34,228,8,FALSE,Non quality on net,Default
20252026,Regular,308,4-4-2026,New York,4,Seattle,8,shot,1,9:36,576,0,0,,,409,196,,0,49,228,8,FALSE,Non quality on net,Default
20252026,Regular,308,4-4-2026,New York,4,Seattle,8,shot,1,11:36,696,0,0,,,495,143,,0,13,228,8,FALSE,Quality on net,Default
20252026,Regular,308,4-4-2026,New York,4,Seattle,8,shot,1,13:52,832,0,0,,,160,240,,0,249,155,4,FALSE,Non quality on net,Default
20252026,Regular,308,4-4-2026,New York,4,Seattle,8,shot,1,14:07,847,0,0,,,66,129,,0,280,155,4,FALSE,Quality on net,Default
20252026,Regular,308,4-4-2026,New York,4,Seattle,8,shot,1,14:12,852,0,0,,,213,123,,0,230,155,4,FALSE,Non quality on net,Default
20252026,Regular,308,4-4-2026,New York,4,Seattle,8,shot,1,14:21,861,0,0,,,56,141,,0,280,155,4,FALSE,Quality on net,Default
20252026,Regular,308,4-4-2026,New York,4,Seattle,8,shot,1,14:23,863,0,0,,,452,81,,0,291,228,8,FALSE,Non quality on net,Default
20252026,Regular,308,4-4-2026,New York,4,Seattle,8,shot,1,15:06,906,0,0,,,403,153,,0,196,228,8,FALSE,Non quality on net,Default
20252026,Regular,308,4-4-2026,New York,4,Seattle,8,shot,1,16:16,976,0,0,,,57,148,,0,280,155,4,FALSE,Quality on net,Default
20252026,Regular,308,4-4-2026,New York,4,Seattle,8,shot,1,18:38,1118,0,0,,,478,183,,0,34,228,8,FALSE,Quality on net,Default
20252026,Regular,308,4-4-2026,New York,4,Seattle,8,shot,2,1:22,1282,0,0,,,466,269,,0,210,228,8,FALSE,Non quality on net,Default
20252026,Regular,308,4-4-2026,New York,4,Seattle,8,shot,2,2:02,1322,0,0,,,513,167,,0,34,228,8,FALSE,Quality on net,Default
20252026,Regular,308,4-4-2026,New York,4,Seattle,8,shot,2,2:51,1371,0,0,,,501,131,,0,34,228,8,TRUE,Quality goal,Default
20252026,Regular,308,4-4-2026,New York,4,Seattle,8,shot,2,3:10,1390,0,1,,,91,116,,-1,205,155,4,FALSE,Quality on net,Wrist
20252026,Regular,308,4-4-2026,New York,4,Seattle,8,shot,2,3:31,1411,0,1,,,88,161,,-1,30,155,4,FALSE,Quality on net,Default
20252026,Regular,308,4-4-2026,New York,4,Seattle,8,shot,2,5:27,1527,0,1,,,492,99,,1,203,228,8,FALSE,Quality on net,Default
20252026,Regular,308,4-4-2026,New York,4,Seattle,8,shot,2,7:27,1647,0,1,,,536,102,,1,17,228,8,FALSE,Non quality on net,Default
20252026,Regular,308,4-4-2026,New York,4,Seattle,8,shot,2,10:27,1827,0,1,,,271,165,,-1,47,155,4,FALSE,Non quality on net,Wrist
20252026,Regular,308,4-4-2026,New York,4,Seattle,8,shot,2,10:40,1840,0,1,,,516,131,,1,210,228,8,FALSE,Quality on net,Default
20252026,Regular,308,4-4-2026,New York,4,Seattle,8,shot,2,10:57,1857,0,1,,,44,132,,-1,206,155,4,FALSE,Quality on net,Backhand
20252026,Regular,308,4-4-2026,New York,4,Seattle,8,shot,2,15:49,2149,0,1,,,191,254,,-1,47,155,4,FALSE,Non quality on net,Default
20252026,Regular,308,4-4-2026,New York,4,Seattle,8,shot,2,17:54,2274,0,1,,,67,155,,-1,285,155,4,FALSE,Quality on net,Wrist
20252026,Regular,308,4-4-2026,New York,4,Seattle,8,shot,2,18:09,2289,0,1,,,113,111,,-1,249,155,4,FALSE,Quality on net,Default
20252026,Regular,308,4-4-2026,New York,4,Seattle,8,shot,2,19:14,2354,0,1,,,147,103,,-1,40,155,4,FALSE,Non quality on net,Snap
20252026,Regular,308,4-4-2026,New York,4,Seattle,8,shot,2,19:56,2396,0,1,,,178,87,,-1,40,155,4,FALSE,Non quality on net,Default
20252026,Regular,308,4-4-2026,New York,4,Seattle,8,shot,3,1:07,2467,0,1,,,159,264,,-1,104,155,4,FALSE,Non quality on net,Slap
20252026,Regular,308,4-4-2026,New York,4,Seattle,8,shot,3,1:27,2487,0,1,,,42,172,,-1,40,155,4,FALSE,Non quality on net,Wrist
20252026,Regular,308,4-4-2026,New York,4,Seattle,8,shot,3,1:51,2511,0,1,,,104,142,,-1,30,155,4,FALSE,Quality on net,Default
20252026,Regular,308,4-4-2026,New York,4,Seattle,8,shot,3,2:25,2545,0,1,,,406,118,,1,13,228,8,FALSE,Non quality on net,Default
20252026,Regular,308,4-4-2026,New York,4,Seattle,8,shot,3,3:10,2590,0,1,,,423,178,,1,156,228,8,FALSE,Non quality on net,Default
20252026,Regular,308,4-4-2026,New York,4,Seattle,8,shot,3,4:30,2670,0,1,,,400,39,,1,203,228,8,FALSE,Non quality on net,Default
20252026,Regular,308,4-4-2026,New York,4,Seattle,8,shot,3,6:25,2785,0,1,,,513,64,,1,142,228,8,FALSE,Non quality on net,Default
20252026,Regular,308,4-4-2026,New York,4,Seattle,8,shot,3,9:52,2992,0,1,,,559,119,,1,13,228,8,FALSE,Non quality on net,Default
20252026,Regular,308,4-4-2026,New York,4,Seattle,8,shot,3,10:16,3016,0,1,,,444,75,,1,196,228,8,FALSE,Non quality on net,Default
20252026,Regular,308,4-4-2026,New York,4,Seattle,8,shot,3,11:27,3087,0,1,,,165,220,,-1,207,155,4,FALSE,Non quality on net,Default
20252026,Regular,308,4-4-2026,New York,4,Seattle,8,shot,3,13:47,3227,0,1,,,212,213,,-1,87,155,4,FALSE,Non quality on net,Slap
20252026,Regular,308,4-4-2026,New York,4,Seattle,8,shot,3,15:10,3310,0,1,,,172,188,,-1,249,155,4,FALSE,Non quality on net,Wrist
20252026,Regular,308,4-4-2026,New York,4,Seattle,8,shot,3,15:29,3329,0,1,,,107,159,,-1,205,155,4,FALSE,Quality on net,Default
20252026,Regular,308,4-4-2026,New York,4,Seattle,8,shot,3,15:56,3356,0,1,,,75,111,,-1,206,155,4,FALSE,Quality on net,Snap
20252026,Regular,308,4-4-2026,New York,4,Seattle,8,shot,3,16:25,3385,0,1,,,50,129,,-1,205,155,4,TRUE,Quality goal,Default
20252026,Regular,308,4-4-2026,New York,4,Seattle,8,shot,3,16:52,3412,1,1,,,58,159,,0,206,155,4,FALSE,Quality on net,Default
20252026,Regular,308,4-4-2026,New York,4,Seattle,8,shot,3,16:52,3412,1,1,,,50,191,,0,206,155,4,FALSE,Non quality on net,Default
20252026,Regular,308,4-4-2026,New York,4,Seattle,8,shot,3,16:52,3412,1,1,,,38,212,,0,285,155,4,FALSE,Non quality on net,Default
20252026,Regular,308,4-4-2026,New York,4,Seattle,8,shot,3,16:59,3419,1,1,,,62,221,,0,206,155,4,FALSE,Non quality on net,Default
20252026,Regular,308,4-4-2026,New York,4,Seattle,8,shot,3,17:30,3450,1,1,,,217,148,,0,230,155,4,FALSE,Non quality on net,Default
20252026,Regular,308,4-4-2026,New York,4,Seattle,8,shot,3,17:37,3457,1,1,,,126,226,,0,206,155,4,FALSE,Quality on net,Default
20252026,Regular,308,4-4-2026,New York,4,Seattle,8,shot,3,17:50,3470,1,1,,,169,138,,0,205,155,4,FALSE,Non quality on net,Default
20252026,Regular,308,4-4-2026,New York,4,Seattle,8,shot,4,1:47,3707,1,1,,,52,151,,0,280,155,4,FALSE,Quality on net,Backhand
20252026,Regular,308,4-4-2026,New York,4,Seattle,8,shot,4,2:50,3770,1,1,,,471,201,,0,13,228,8,FALSE,Quality on net,Default
20252026,Regular,308,4-4-2026,New York,4,Seattle,8,shot,4,3:36,3816,1,1,,,68,201,,0,280,155,4,FALSE,Non quality on net,Default
20252026,Regular,308,4-4-2026,New York,4,Seattle,8,shot,4,4:12,3852,1,1,,,474,183,,0,224,228,8,FALSE,Quality on net,Default
20252026,Regular,308,4-4-2026,New York,4,Seattle,8,shot,4,4:49,3889,1,1,,,63,164,,0,249,155,4,FALSE,Quality on net,Backhand
20252026,Regular,309,4-7-2026,Montréal,3,Seattle,8,shot,1,0:45,45,0,0,,,555,223,,0,224,28,8,FALSE,Non quality on net,Wrist
20252026,Regular,309,4-7-2026,Montréal,3,Seattle,8,shot,1,2:12,132,0,0,,,74,179,,0,157,250,3,FALSE,Quality on net,Tip
20252026,Regular,309,4-7-2026,Montréal,3,Seattle,8,shot,1,4:19,259,0,0,,,489,236,,0,210,28,8,FALSE,Non quality on net,Wrist
20252026,Regular,309,4-7-2026,Montréal,3,Seattle,8,shot,1,5:02,302,0,0,,,398,39,,0,291,28,8,FALSE,Non quality on net,Wrist
20252026,Regular,309,4-7-2026,Montréal,3,Seattle,8,shot,1,8:48,528,0,0,,,529,125,,0,138,28,8,FALSE,Quality on net,Backhand
20252026,Regular,309,4-7-2026,Montréal,3,Seattle,8,shot,1,12:32,752,0,0,,,147,279,,0,274,250,3,FALSE,Non quality on net,Wrist
20252026,Regular,309,4-7-2026,Montréal,3,Seattle,8,shot,1,12:36,756,0,0,,,14,207,,0,39,250,3,FALSE,Non quality on net,Snap
20252026,Regular,309,4-7-2026,Montréal,3,Seattle,8,shot,1,14:30,870,0,0,,,559,179,,0,13,28,8,FALSE,Non quality on net,Tip
20252026,Regular,309,4-7-2026,Montréal,3,Seattle,8,shot,1,17:24,1044,0,0,,,531,29,,0,142,28,8,FALSE,Non quality on net,Wrist
20252026,Regular,309,4-7-2026,Montréal,3,Seattle,8,shot,2,0:37,1237,0,0,,,549,268,,0,13,28,8,FALSE,Non quality on net,Snap
20252026,Regular,309,4-7-2026,Montréal,3,Seattle,8,shot,2,2:28,1348,0,0,,,55,138,,0,274,250,3,TRUE,Quality goal,Wrist
20252026,Regular,309,4-7-2026,Montréal,3,Seattle,8,shot,2,2:57,1377,1,0,,,513,188,,-1,293,28,8,FALSE,Quality on net,Wrist
20252026,Regular,309,4-7-2026,Montréal,3,Seattle,8,shot,2,3:43,1423,1,0,,,65,148,,1,32,250,3,TRUE,Quality goal,Wrist
20252026,Regular,309,4-7-2026,Montréal,3,Seattle,8,shot,2,5:12,1512,2,0,,,553,68,,-2,210,28,8,FALSE,Non quality on net,Wrist
20252026,Regular,309,4-7-2026,Montréal,3,Seattle,8,shot,2,5:47,1547,2,0,,,523,74,,-2,138,28,8,FALSE,Non quality on net,Wrist
20252026,Regular,309,4-7-2026,Montréal,3,Seattle,8,shot,2,6:04,1564,2,0,,,531,195,,-2,34,28,8,FALSE,Quality on net,Snap
20252026,Regular,309,4-7-2026,Montréal,3,Seattle,8,shot,2,7:30,1650,2,0,,,158,163,,2,84,250,3,FALSE,Non quality on net,Slap
20252026,Regular,309,4-7-2026,Montréal,3,Seattle,8,shot,2,7:55,1675,2,0,,,102,140,,2,253,250,3,FALSE,Quality on net,Wrist
20252026,Regular,309,4-7-2026,Montréal,3,Seattle,8,shot,2,8:01,1681,2,0,,,150,69,,2,253,250,3,FALSE,Non quality on net,Wrist
20252026,Regular,309,4-7-2026,Montréal,3,Seattle,8,shot,2,8:16,1696,2,0,,,181,220,,2,253,250,3,FALSE,Non quality on net,Snap
20252026,Regular,309,4-7-2026,Montréal,3,Seattle,8,shot,2,9:16,1756,2,0,,,140,70,,2,84,250,3,FALSE,Non quality on net,Slap
20252026,Regular,309,4-7-2026,Montréal,3,Seattle,8,shot,2,9:29,1769,2,0,,,84,170,,2,4,250,3,FALSE,Quality on net,Wrist
20252026,Regular,309,4-7-2026,Montréal,3,Seattle,8,shot,2,9:51,1791,2,0,,,525,181,,-2,13,28,8,FALSE,Quality on net,Wrist
20252026,Regular,309,4-7-2026,Montréal,3,Seattle,8,shot,2,9:53,1793,2,0,,,542,137,,-2,17,28,8,TRUE,Quality goal,Wrist
20252026,Regular,309,4-7-2026,Montréal,3,Seattle,8,shot,2,11:11,1871,2,1,,,137,261,,1,274,250,3,FALSE,Non quality on net,Wrist
20252026,Regular,309,4-7-2026,Montréal,3,Seattle,8,shot,2,11:55,1915,2,1,,,90,176,,1,272,250,3,TRUE,Quality goal,Wrist
20252026,Regular,309,4-7-2026,Montréal,3,Seattle,8,shot,2,12:22,1942,3,1,,,525,172,,-2,138,28,8,FALSE,Quality on net,Tip
20252026,Regular,309,4-7-2026,Montréal,3,Seattle,8,shot,2,14:23,2063,3,1,,,77,171,,2,274,250,3,FALSE,Quality on net,Wrist
20252026,Regular,309,4-7-2026,Montréal,3,Seattle,8,shot,2,15:47,2147,3,1,,,451,204,,-2,292,28,8,FALSE,Non quality on net,Wrist
20252026,Regular,309,4-7-2026,Montréal,3,Seattle,8,shot,2,15:53,2153,3,1,,,503,148,,-2,13,28,8,FALSE,Quality on net,Tip
20252026,Regular,309,4-7-2026,Montréal,3,Seattle,8,shot,2,18:02,2282,3,1,,,166,94,,2,32,250,3,FALSE,Non quality on net,Snap
20252026,Regular,309,4-7-2026,Montréal,3,Seattle,8,shot,2,18:47,2327,3,1,,,80,111,,2,61,250,3,FALSE,Quality on net,Wrist
20252026,Regular,309,4-7-2026,Montréal,3,Seattle,8,shot,2,19:07,2347,3,1,,,115,117,,2,157,250,3,FALSE,Quality on net,Wrist
20252026,Regular,309,4-7-2026,Montréal,3,Seattle,8,shot,3,1:13,2473,3,1,,,585,253,,-2,224,28,8,FALSE,Non quality on net,Wrist
20252026,Regular,309,4-7-2026,Montréal,3,Seattle,8,shot,3,2:10,2530,3,1,,,530,179,,-2,17,28,8,FALSE,Quality on net,Tip
20252026,Regular,309,4-7-2026,Montréal,3,Seattle,8,shot,3,3:36,2616,3,1,,,199,193,,2,51,250,3,FALSE,Non quality on net,Snap
20252026,Regular,309,4-7-2026,Montréal,3,Seattle,8,shot,3,4:03,2643,3,1,,,94,239,,2,4,250,3,FALSE,Non quality on net,Wrist
20252026,Regular,309,4-7-2026,Montréal,3,Seattle,8,shot,3,4:58,2698,3,1,,,504,109,,-2,208,28,8,FALSE,Quality on net,Wrist
20252026,Regular,309,4-7-2026,Montréal,3,Seattle,8,shot,3,5:20,2720,3,1,,,427,265,,-2,17,28,8,FALSE,Non quality on net,Wrist
20252026,Regular,309,4-7-2026,Montréal,3,Seattle,8,shot,3,6:24,2784,3,1,,,179,122,,2,201,250,3,FALSE,Non quality on net,Snap
20252026,Regular,309,4-7-2026,Montréal,3,Seattle,8,shot,3,6:40,2800,3,1,,,58,132,,2,42,250,3,FALSE,Quality on net,Wrist
20252026,Regular,309,4-7-2026,Montréal,3,Seattle,8,shot,3,7:24,2844,3,1,,,51,174,,2,32,250,3,FALSE,Quality on net,Backhand
20252026,Regular,309,4-7-2026,Montréal,3,Seattle,8,shot,3,9:16,2956,3,1,,,418,144,,-2,294,28,8,FALSE,Non quality on net,Snap
20252026,Regular,309,4-7-2026,Montréal,3,Seattle,8,shot,3,12:49,3169,3,1,,,542,123,,-2,62,28,8,FALSE,Quality on net,Snap
20252026,Regular,309,4-7-2026,Montréal,3,Seattle,8,shot,3,14:45,3285,3,1,,,67,241,,2,61,250,3,FALSE,Non quality on net,Wrist
20252026,Regular,309,4-7-2026,Montréal,3,Seattle,8,shot,3,14:54,3294,3,1,,,47,133,,2,272,250,3,FALSE,Quality on net,Backhand
20252026,Regular,309,4-7-2026,Montréal,3,Seattle,8,shot,3,15:40,3340,3,1,,,503,73,,-2,210,28,8,FALSE,Non quality on net,Wrist
20252026,Regular,309,4-7-2026,Montréal,3,Seattle,8,shot,3,18:07,3487,3,1,,,458,56,,-2,2,28,8,FALSE,Non quality on net,Snap
20252026,Regular,309,4-7-2026,Montréal,3,Seattle,8,shot,3,18:22,3502,3,1,,,429,75,,-2,203,28,8,FALSE,Non quality on net,Snap
20252026,Regular,309,4-7-2026,Montréal,3,Seattle,8,shot,3,19:48,3588,3,1,,,171,190,,2,4,0,3,TRUE,Non quality goal,Wrist
20252026,Regular,310,4-7-2026,Vancouver,9,Boston,1,shot,1,2:11,131,0,0,,,402,253,,0,182,59,1,FALSE,Non quality on net,Wrist
20252026,Regular,310,4-7-2026,Vancouver,9,Boston,1,shot,1,2:51,171,0,0,,,53,209,,0,220,6,9,FALSE,Non quality on net,Backhand
20252026,Regular,310,4-7-2026,Vancouver,9,Boston,1,shot,1,4:38,278,0,0,,,496,147,,0,183,59,1,FALSE,Quality on net,Wrist
20252026,Regular,310,4-7-2026,Vancouver,9,Boston,1,shot,1,4:48,288,0,0,,,513,144,,0,183,59,1,FALSE,Quality on net,Wrist
20252026,Regular,310,4-7-2026,Vancouver,9,Boston,1,shot,1,5:48,348,0,0,,,387,192,,0,8,59,1,FALSE,Non quality on net,Wrist
20252026,Regular,310,4-7-2026,Vancouver,9,Boston,1,shot,1,6:14,374,0,0,,,544,143,,0,183,59,1,FALSE,Quality on net,Wrist
20252026,Regular,310,4-7-2026,Vancouver,9,Boston,1,shot,1,7:55,475,0,0,,,477,93,,0,36,59,1,FALSE,Quality on net,Wrist
20252026,Regular,310,4-7-2026,Vancouver,9,Boston,1,shot,1,8:05,485,0,0,,,547,85,,0,36,59,1,TRUE,Non quality goal,Wrist
20252026,Regular,310,4-7-2026,Vancouver,9,Boston,1,shot,1,9:05,545,0,1,,,111,43,,-1,50,6,9,FALSE,Non quality on net,Wrist
20252026,Regular,310,4-7-2026,Vancouver,9,Boston,1,shot,1,9:58,598,0,1,,,194,215,,-1,169,6,9,FALSE,Non quality on net,Wrist
20252026,Regular,310,4-7-2026,Vancouver,9,Boston,1,shot,1,12:14,734,0,1,,,383,33,,1,232,59,1,FALSE,Non quality on net,Snap
20252026,Regular,310,4-7-2026,Vancouver,9,Boston,1,shot,1,13:01,781,0,1,,,287,279,,1,182,59,1,FALSE,Non quality on net,Wrist
20252026,Regular,310,4-7-2026,Vancouver,9,Boston,1,shot,1,18:13,1093,0,1,,,177,65,,-1,50,6,9,FALSE,Non quality on net,Wrist
20252026,Regular,310,4-7-2026,Vancouver,9,Boston,1,shot,1,18:17,1097,0,1,,,70,125,,-1,198,6,9,FALSE,Quality on net,Wrist
20252026,Regular,310,4-7-2026,Vancouver,9,Boston,1,shot,1,18:30,1110,0,1,,,165,87,,-1,50,6,9,FALSE,Non quality on net,Default
20252026,Regular,310,4-7-2026,Vancouver,9,Boston,1,shot,1,19:13,1153,0,1,,,534,143,,1,12,59,1,FALSE,Quality on net,Tip
20252026,Regular,310,4-7-2026,Vancouver,9,Boston,1,shot,1,19:13,1153,0,1,,,464,76,,1,259,59,1,FALSE,Quality on net,Wrist
20252026,Regular,310,4-7-2026,Vancouver,9,Boston,1,shot,1,19:14,1154,0,1,,,562,159,,1,12,59,1,TRUE,Quality goal,Wrist
20252026,Regular,310,4-7-2026,Vancouver,9,Boston,1,shot,2,0:52,1252,0,2,,,542,124,,2,243,59,1,FALSE,Quality on net,Slap
20252026,Regular,310,4-7-2026,Vancouver,9,Boston,1,shot,2,1:05,1265,0,2,,,48,132,,-2,209,6,9,FALSE,Quality on net,Backhand
20252026,Regular,310,4-7-2026,Vancouver,9,Boston,1,shot,2,1:36,1296,0,2,,,451,69,,2,78,59,1,FALSE,Non quality on net,Wrist
20252026,Regular,310,4-7-2026,Vancouver,9,Boston,1,shot,2,3:01,1381,0,2,,,427,124,,2,259,59,1,FALSE,Non quality on net,Wrist
20252026,Regular,310,4-7-2026,Vancouver,9,Boston,1,shot,2,3:03,1383,0,2,,,428,216,,2,15,59,1,FALSE,Non quality on net,Default
20252026,Regular,310,4-7-2026,Vancouver,9,Boston,1,shot,2,3:04,1384,0,2,,,495,109,,2,36,59,1,TRUE,Quality goal,Wrist
20252026,Regular,310,4-7-2026,Vancouver,9,Boston,1,shot,2,3:34,1414,0,3,,,93,296,,-3,89,6,9,FALSE,Non quality on net,Wrist
20252026,Regular,310,4-7-2026,Vancouver,9,Boston,1,shot,2,5:00,1500,0,3,,,547,179,,3,18,59,1,FALSE,Quality on net,Wrist
20252026,Regular,310,4-7-2026,Vancouver,9,Boston,1,shot,2,5:43,1543,0,3,,,140,108,,-3,161,6,9,FALSE,Quality on net,Wrist
20252026,Regular,310,4-7-2026,Vancouver,9,Boston,1,shot,2,11:30,1890,0,3,,,189,163,,-3,11,6,9,FALSE,Non quality on net,Snap
20252026,Regular,310,4-7-2026,Vancouver,9,Boston,1,shot,2,11:47,1907,0,3,,,158,119,,-3,89,6,9,FALSE,Non quality on net,Wrist
20252026,Regular,310,4-7-2026,Vancouver,9,Boston,1,shot,2,11:56,1916,0,3,,,137,162,,-3,89,6,9,FALSE,Quality on net,Wrist
20252026,Regular,310,4-7-2026,Vancouver,9,Boston,1,shot,2,14:16,2056,0,3,,,46,128,,-3,248,6,9,FALSE,Non quality on net,Wrist
20252026,Regular,310,4-7-2026,Vancouver,9,Boston,1,shot,2,15:27,2127,0,3,,,180,101,,-3,161,6,9,FALSE,Non quality on net,Slap
20252026,Regular,310,4-7-2026,Vancouver,9,Boston,1,shot,2,15:46,2146,0,3,,,525,136,,3,78,59,1,TRUE,Quality goal,Tip
20252026,Regular,310,4-7-2026,Vancouver,9,Boston,1,shot,2,16:36,2196,0,4,,,540,184,,4,16,59,1,TRUE,Quality goal,Backhand
20252026,Regular,310,4-7-2026,Vancouver,9,Boston,1,shot,2,16:36,2196,0,5,,,510,165,,5,1,59,1,FALSE,Quality on net,Backhand
20252026,Regular,310,4-7-2026,Vancouver,9,Boston,1,shot,2,16:36,2196,0,5,,,534,125,,5,1,59,1,FALSE,Quality on net,Wrist
20252026,Regular,310,4-7-2026,Vancouver,9,Boston,1,shot,2,17:04,2224,0,5,,,202,224,,-5,11,6,9,FALSE,Non quality on net,Snap
20252026,Regular,310,4-7-2026,Vancouver,9,Boston,1,shot,2,17:18,2238,0,5,,,71,151,,-5,11,6,9,FALSE,Quality on net,Wrist
20252026,Regular,310,4-7-2026,Vancouver,9,Boston,1,shot,2,19:21,2361,0,5,,,453,43,,5,36,59,1,FALSE,Non quality on net,Wrist
20252026,Regular,310,4-7-2026,Vancouver,9,Boston,1,shot,3,0:22,2422,0,5,,,424,213,,5,183,64,1,FALSE,Non quality on net,Snap
20252026,Regular,310,4-7-2026,Vancouver,9,Boston,1,shot,3,0:41,2441,0,5,,,461,146,,5,259,64,1,FALSE,Quality on net,Wrist
20252026,Regular,310,4-7-2026,Vancouver,9,Boston,1,shot,3,1:05,2465,0,5,,,502,222,,5,15,64,1,FALSE,Quality on net,Snap
20252026,Regular,310,4-7-2026,Vancouver,9,Boston,1,shot,3,4:33,2673,0,5,,,102,128,,-5,161,6,9,FALSE,Quality on net,Snap
20252026,Regular,310,4-7-2026,Vancouver,9,Boston,1,shot,3,5:44,2744,0,5,,,113,117,,-5,11,6,9,TRUE,Quality goal,Snap
20252026,Regular,310,4-7-2026,Vancouver,9,Boston,1,shot,3,6:29,2789,1,5,,,39,118,,-4,75,6,9,FALSE,Non quality on net,Tip
20252026,Regular,310,4-7-2026,Vancouver,9,Boston,1,shot,3,6:45,2805,1,5,,,93,168,,-4,75,6,9,FALSE,Quality on net,Snap
20252026,Regular,310,4-7-2026,Vancouver,9,Boston,1,shot,3,6:59,2819,1,5,,,181,185,,-4,75,6,9,FALSE,Non quality on net,Wrist
20252026,Regular,310,4-7-2026,Vancouver,9,Boston,1,shot,3,8:49,2929,1,5,,,132,161,,-4,114,6,9,FALSE,Quality on net,Tip
20252026,Regular,310,4-7-2026,Vancouver,9,Boston,1,shot,3,10:58,3058,1,5,,,130,54,,-4,11,6,9,FALSE,Non quality on net,Wrist
20252026,Regular,310,4-7-2026,Vancouver,9,Boston,1,shot,3,11:49,3109,1,5,,,93,279,,-4,169,6,9,FALSE,Non quality on net,Wrist
20252026,Regular,310,4-7-2026,Vancouver,9,Boston,1,shot,3,14:12,3252,1,5,,,98,45,,-4,198,6,9,FALSE,Non quality on net,Snap
20252026,Regular,310,4-7-2026,Vancouver,9,Boston,1,shot,3,14:17,3257,1,5,,,185,58,,-4,180,6,9,FALSE,Non quality on net,Snap
20252026,Regular,310,4-7-2026,Vancouver,9,Boston,1,shot,3,14:24,3264,1,5,,,144,107,,-4,227,6,9,FALSE,Non quality on net,Tip
20252026,Regular,310,4-7-2026,Vancouver,9,Boston,1,shot,3,14:45,3285,1,5,,,500,154,,4,1,64,1,FALSE,Quality on net,Wrist
20252026,Regular,310,4-7-2026,Vancouver,9,Boston,1,shot,3,16:01,3361,1,5,,,559,115,,4,1,64,1,FALSE,Non quality on net,Wrist
20252026,Regular,310,4-7-2026,Vancouver,9,Boston,1,shot,3,18:55,3535,1,5,,,398,273,,4,8,64,1,FALSE,Non quality on net,Wrist
20252026,Regular,310,4-7-2026,Vancouver,9,Boston,1,shot,3,19:13,3553,1,5,,,87,57,,-4,75,6,9,FALSE,Non quality on net,Wrist
20252026,Regular,310,4-7-2026,Vancouver,9,Boston,1,shot,3,19:55,3595,1,5,,,150,7,,-4,305,6,9,FALSE,Non quality on net,Snap
20252026,Regular,311,4-8-2026,Ottawa,5,Seattle,8,shot,1,0:12,12,0,0,,,62,111,,0,72,155,5,FALSE,Non quality on net,Default
20252026,Regular,311,4-8-2026,Ottawa,5,Seattle,8,shot,1,0:27,27,0,0,,,497,149,,0,17,222,8,FALSE,Quality on net,Default
20252026,Regular,311,4-8-2026,Ottawa,5,Seattle,8,shot,1,1:36,96,0,0,,,192,163,,0,72,155,5,FALSE,Non quality on net,Default
20252026,Regular,311,4-8-2026,Ottawa,5,Seattle,8,shot,1,1:54,114,0,0,,,90,116,,0,240,155,5,TRUE,Quality goal,Default
20252026,Regular,311,4-8-2026,Ottawa,5,Seattle,8,shot,1,4:21,261,1,0,,,207,212,,1,57,155,5,FALSE,Non quality on net,Default
20252026,Regular,311,4-8-2026,Ottawa,5,Seattle,8,shot,1,5:38,338,1,0,,,201,78,,1,242,155,5,FALSE,Non quality on net,Default
20252026,Regular,311,4-8-2026,Ottawa,5,Seattle,8,shot,1,7:21,441,1,0,,,164,129,,1,286,155,5,FALSE,Non quality on net,Default
20252026,Regular,311,4-8-2026,Ottawa,5,Seattle,8,shot,1,8:30,510,1,0,,,418,56,,-1,62,222,8,FALSE,Non quality on net,Default
20252026,Regular,311,4-8-2026,Ottawa,5,Seattle,8,shot,1,10:16,616,1,0,,,208,170,,1,223,155,5,FALSE,Non quality on net,Default
20252026,Regular,311,4-8-2026,Ottawa,5,Seattle,8,shot,1,13:09,789,1,0,,,495,162,,-1,292,222,8,TRUE,Quality goal,Default
20252026,Regular,311,4-8-2026,Ottawa,5,Seattle,8,shot,1,14:34,874,1,1,,,502,291,,0,138,222,8,FALSE,Non quality on net,Default
20252026,Regular,311,4-8-2026,Ottawa,5,Seattle,8,shot,1,15:03,903,1,1,,,531,119,,0,49,222,8,FALSE,Quality on net,Default
20252026,Regular,311,4-8-2026,Ottawa,5,Seattle,8,shot,1,15:06,906,1,1,,,546,169,,0,196,222,8,FALSE,Quality on net,Default
20252026,Regular,311,4-8-2026,Ottawa,5,Seattle,8,shot,1,15:10,910,1,1,,,70,143,,0,72,155,5,FALSE,Quality on net,Default
20252026,Regular,311,4-8-2026,Ottawa,5,Seattle,8,shot,1,16:33,993,1,1,,,345,177,,0,292,222,8,FALSE,Non quality on net,Default
20252026,Regular,311,4-8-2026,Ottawa,5,Seattle,8,shot,1,17:18,1038,1,1,,,210,80,,0,286,155,5,FALSE,Non quality on net,Default
20252026,Regular,311,4-8-2026,Ottawa,5,Seattle,8,shot,1,17:43,1063,1,1,,,209,162,,0,71,155,5,FALSE,Non quality on net,Default
20252026,Regular,311,4-8-2026,Ottawa,5,Seattle,8,shot,1,19:00,1140,1,1,,,518,158,,0,156,222,8,FALSE,Quality on net,Default
20252026,Regular,311,4-8-2026,Ottawa,5,Seattle,8,shot,1,19:00,1140,1,1,,,547,106,,0,156,222,8,FALSE,Non quality on net,Default
20252026,Regular,311,4-8-2026,Ottawa,5,Seattle,8,shot,1,19:28,1168,1,1,,,76,151,,0,53,155,5,FALSE,Quality on net,Default
20252026,Regular,311,4-8-2026,Ottawa,5,Seattle,8,shot,1,19:55,1195,1,1,,,431,112,,0,208,222,8,FALSE,Non quality on net,Default
20252026,Regular,311,4-8-2026,Ottawa,5,Seattle,8,shot,2,0:16,1216,1,1,,,217,74,,0,242,155,5,FALSE,Non quality on net,Default
20252026,Regular,311,4-8-2026,Ottawa,5,Seattle,8,shot,2,0:22,1222,1,1,,,453,195,,0,13,222,8,FALSE,Non quality on net,Default
20252026,Regular,311,4-8-2026,Ottawa,5,Seattle,8,shot,2,2:04,1324,1,1,,,111,135,,0,241,155,5,FALSE,Quality on net,Default
20252026,Regular,311,4-8-2026,Ottawa,5,Seattle,8,shot,2,3:56,1436,1,1,,,126,54,,0,101,155,5,FALSE,Non quality on net,Default
20252026,Regular,311,4-8-2026,Ottawa,5,Seattle,8,shot,2,4:54,1494,1,1,,,423,202,,0,13,222,8,FALSE,Non quality on net,Default
20252026,Regular,311,4-8-2026,Ottawa,5,Seattle,8,shot,2,5:31,1531,1,1,,,516,145,,0,224,222,8,TRUE,Quality goal,Default
20252026,Regular,311,4-8-2026,Ottawa,5,Seattle,8,shot,2,7:14,1634,1,2,,,159,150,,-1,58,155,5,FALSE,Non quality on net,Default
20252026,Regular,311,4-8-2026,Ottawa,5,Seattle,8,shot,2,7:15,1635,1,2,,,63,153,,-1,72,155,5,FALSE,Quality on net,Default
20252026,Regular,311,4-8-2026,Ottawa,5,Seattle,8,shot,2,7:50,1670,1,2,,,137,189,,-1,72,155,5,FALSE,Quality on net,Default
20252026,Regular,311,4-8-2026,Ottawa,5,Seattle,8,shot,2,7:53,1673,1,2,,,168,225,,-1,115,155,5,FALSE,Non quality on net,Default
20252026,Regular,311,4-8-2026,Ottawa,5,Seattle,8,shot,2,8:34,1714,1,2,,,114,130,,-1,115,155,5,FALSE,Quality on net,Default
20252026,Regular,311,4-8-2026,Ottawa,5,Seattle,8,shot,2,9:46,1786,1,2,,,96,151,,-1,88,155,5,TRUE,Quality goal,Default
20252026,Regular,311,4-8-2026,Ottawa,5,Seattle,8,shot,2,10:48,1848,2,2,,,554,123,,0,293,222,8,FALSE,Non quality on net,Default
20252026,Regular,311,4-8-2026,Ottawa,5,Seattle,8,shot,2,10:51,1851,2,2,,,525,93,,0,291,222,8,FALSE,Non quality on net,Default
20252026,Regular,311,4-8-2026,Ottawa,5,Seattle,8,shot,2,12:03,1923,2,2,,,536,135,,0,196,222,8,FALSE,Quality on net,Default
20252026,Regular,311,4-8-2026,Ottawa,5,Seattle,8,shot,2,13:51,2031,2,2,,,486,118,,0,208,222,8,FALSE,Quality on net,Default
20252026,Regular,311,4-8-2026,Ottawa,5,Seattle,8,shot,2,14:05,2045,2,2,,,536,129,,0,13,222,8,FALSE,Quality on net,Default
20252026,Regular,311,4-8-2026,Ottawa,5,Seattle,8,shot,2,14:19,2059,2,2,,,405,171,,0,196,222,8,FALSE,Non quality on net,Default
20252026,Regular,311,4-8-2026,Ottawa,5,Seattle,8,shot,2,15:18,2118,2,2,,,107,68,,0,58,155,5,FALSE,Non quality on net,Default
20252026,Regular,311,4-8-2026,Ottawa,5,Seattle,8,shot,2,16:53,2213,2,2,,,118,129,,0,241,155,5,FALSE,Quality on net,Default
20252026,Regular,311,4-8-2026,Ottawa,5,Seattle,8,shot,2,17:10,2230,2,2,,,81,132,,0,72,155,5,FALSE,Quality on net,Default
20252026,Regular,311,4-8-2026,Ottawa,5,Seattle,8,shot,2,17:37,2257,2,2,,,486,132,,0,17,222,8,FALSE,Quality on net,Default
20252026,Regular,311,4-8-2026,Ottawa,5,Seattle,8,shot,2,18:52,2332,2,2,,,552,50,,0,62,222,8,FALSE,Non quality on net,Default
20252026,Regular,311,4-8-2026,Ottawa,5,Seattle,8,shot,2,19:18,2358,2,2,,,513,167,,0,142,222,8,FALSE,Quality on net,Default
20252026,Regular,311,4-8-2026,Ottawa,5,Seattle,8,shot,2,19:32,2372,2,2,,,135,123,,0,57,155,5,FALSE,Quality on net,Default
20252026,Regular,311,4-8-2026,Ottawa,5,Seattle,8,shot,3,0:29,2429,2,2,,,91,159,,0,53,155,5,FALSE,Quality on net,Default
20252026,Regular,311,4-8-2026,Ottawa,5,Seattle,8,shot,3,0:33,2433,2,2,,,49,212,,0,57,155,5,FALSE,Non quality on net,Default
20252026,Regular,311,4-8-2026,Ottawa,5,Seattle,8,shot,3,1:14,2474,2,2,,,470,18,,0,142,222,8,FALSE,Non quality on net,Default
20252026,Regular,311,4-8-2026,Ottawa,5,Seattle,8,shot,3,2:02,2522,2,2,,,463,93,,0,224,222,8,TRUE,Quality goal,Default
20252026,Regular,311,4-8-2026,Ottawa,5,Seattle,8,shot,3,3:20,2600,2,3,,,37,48,,-1,53,155,5,FALSE,Non quality on net,Default
20252026,Regular,311,4-8-2026,Ottawa,5,Seattle,8,shot,3,4:05,2645,2,3,,,541,127,,1,138,222,8,FALSE,Quality on net,Default
20252026,Regular,311,4-8-2026,Ottawa,5,Seattle,8,shot,3,4:14,2654,2,3,,,498,113,,1,49,222,8,FALSE,Quality on net,Default
20252026,Regular,311,4-8-2026,Ottawa,5,Seattle,8,shot,3,4:28,2668,2,3,,,485,91,,1,210,222,8,FALSE,Quality on net,Default
20252026,Regular,311,4-8-2026,Ottawa,5,Seattle,8,shot,3,5:26,2726,2,3,,,64,183,,-1,57,155,5,FALSE,Quality on net,Default
20252026,Regular,311,4-8-2026,Ottawa,5,Seattle,8,shot,3,5:52,2752,2,3,,,98,108,,-1,57,155,5,FALSE,Quality on net,Default
20252026,Regular,311,4-8-2026,Ottawa,5,Seattle,8,shot,3,6:08,2768,2,3,,,217,145,,-1,118,155,5,FALSE,Non quality on net,Default
20252026,Regular,311,4-8-2026,Ottawa,5,Seattle,8,shot,3,6:33,2793,2,3,,,161,100,,-1,241,155,5,FALSE,Non quality on net,Default
20252026,Regular,311,4-8-2026,Ottawa,5,Seattle,8,shot,3,6:45,2805,2,3,,,207,219,,-1,242,155,5,FALSE,Non quality on net,Default
20252026,Regular,311,4-8-2026,Ottawa,5,Seattle,8,shot,3,8:45,2925,2,3,,,97,114,,-1,286,155,5,FALSE,Quality on net,Default
20252026,Regular,311,4-8-2026,Ottawa,5,Seattle,8,shot,3,8:51,2931,2,3,,,60,143,,-1,57,155,5,TRUE,Quality goal,Default
20252026,Regular,311,4-8-2026,Ottawa,5,Seattle,8,shot,3,10:24,3024,3,3,,,514,157,,0,138,222,8,FALSE,Quality on net,Default
20252026,Regular,311,4-8-2026,Ottawa,5,Seattle,8,shot,3,12:51,3171,3,3,,,515,169,,0,224,222,8,FALSE,Quality on net,Default
20252026,Regular,311,4-8-2026,Ottawa,5,Seattle,8,shot,3,14:51,3291,3,3,,,55,219,,0,53,155,5,FALSE,Non quality on net,Default
20252026,Regular,311,4-8-2026,Ottawa,5,Seattle,8,shot,3,15:12,3312,3,3,,,99,170,,0,241,155,5,FALSE,Quality on net,Default
20252026,Regular,311,4-8-2026,Ottawa,5,Seattle,8,shot,3,15:48,3348,3,3,,,464,144,,0,34,222,8,FALSE,Quality on net,Default
20252026,Regular,311,4-8-2026,Ottawa,5,Seattle,8,shot,3,16:04,3364,3,3,,,495,279,,0,210,222,8,FALSE,Non quality on net,Default
20252026,Regular,311,4-8-2026,Ottawa,5,Seattle,8,shot,3,16:40,3400,3,3,,,435,111,,0,224,222,8,FALSE,Non quality on net,Default
20252026,Regular,311,4-8-2026,Ottawa,5,Seattle,8,shot,3,17:33,3453,3,3,,,58,126,,0,57,155,5,FALSE,Quality on net,Default
20252026,Regular,311,4-8-2026,Ottawa,5,Seattle,8,shot,3,17:41,3461,3,3,,,127,100,,0,289,155,5,FALSE,Quality on net,Default
20252026,Regular,311,4-8-2026,Ottawa,5,Seattle,8,shot,3,18:39,3519,3,3,,,464,75,,0,142,222,8,TRUE,Quality goal,Default
20252026,Regular,311,4-8-2026,Ottawa,5,Seattle,8,shot,3,18:47,3527,3,4,,,324,240,,-1,242,155,5,FALSE,Non quality on net,Default
20252026,Regular,311,4-8-2026,Ottawa,5,Seattle,8,shot,3,19:41,3581,3,4,,,519,142,,1,196,0,8,TRUE,Quality goal,Default
20252026,Regular,312,4-11-2026,Minnesota,2,New York,4,shot,1,2:14,134,0,0,,,83,136,,0,191,228,2,FALSE,Quality on net,Default
20252026,Regular,312,4-11-2026,Minnesota,2,New York,4,shot,1,2:20,140,0,0,,,62,166,,0,269,228,2,FALSE,Quality on net,Default
20252026,Regular,312,4-11-2026,Minnesota,2,New York,4,shot,1,3:06,186,0,0,,,461,252,,0,147,123,4,FALSE,Non quality on net,Default
20252026,Regular,312,4-11-2026,Minnesota,2,New York,4,shot,1,4:36,276,0,0,,,518,94,,0,40,123,4,FALSE,Quality on net,Default
20252026,Regular,312,4-11-2026,Minnesota,2,New York,4,shot,1,6:08,368,0,0,,,549,164,,0,116,123,4,FALSE,Quality on net,Default
20252026,Regular,312,4-11-2026,Minnesota,2,New York,4,shot,1,6:51,411,0,0,,,547,180,,0,230,123,4,FALSE,Non quality on net,Default
20252026,Regular,312,4-11-2026,Minnesota,2,New York,4,shot,1,7:05,425,0,0,,,204,255,,0,20,228,2,TRUE,Non quality goal,Default
20252026,Regular,312,4-11-2026,Minnesota,2,New York,4,shot,1,7:46,466,1,0,,,399,56,,-1,47,123,4,TRUE,Non quality goal,Default
20252026,Regular,312,4-11-2026,Minnesota,2,New York,4,shot,1,8:15,495,1,1,,,134,147,,0,126,228,2,FALSE,Quality on net,Default
20252026,Regular,312,4-11-2026,Minnesota,2,New York,4,shot,1,13:30,810,1,1,,,150,225,,0,24,228,2,FALSE,Non quality on net,Default
20252026,Regular,312,4-11-2026,Minnesota,2,New York,4,shot,1,13:40,820,1,1,,,62,176,,0,21,228,2,FALSE,Quality on net,Default
20252026,Regular,312,4-11-2026,Minnesota,2,New York,4,shot,1,15:09,909,1,1,,,429,153,,0,116,123,4,FALSE,Non quality on net,Default
20252026,Regular,312,4-11-2026,Minnesota,2,New York,4,shot,1,16:11,971,1,1,,,429,244,,0,249,123,4,FALSE,Non quality on net,Default
20252026,Regular,312,4-11-2026,Minnesota,2,New York,4,shot,1,16:32,992,1,1,,,321,165,,0,40,123,4,FALSE,Non quality on net,Default
20252026,Regular,312,4-11-2026,Minnesota,2,New York,4,shot,1,17:56,1076,1,1,,,350,98,,0,207,123,4,FALSE,Non quality on net,Default
20252026,Regular,312,4-11-2026,Minnesota,2,New York,4,shot,1,18:22,1102,1,1,,,105,116,,0,37,228,2,FALSE,Quality on net,Default
20252026,Regular,312,4-11-2026,Minnesota,2,New York,4,shot,2,1:55,1315,1,1,,,427,147,,0,205,123,4,FALSE,Non quality on net,Default
20252026,Regular,312,4-11-2026,Minnesota,2,New York,4,shot,2,2:28,1348,1,1,,,75,65,,0,21,228,2,FALSE,Non quality on net,Default
20252026,Regular,312,4-11-2026,Minnesota,2,New York,4,shot,2,3:00,1380,1,1,,,93,232,,0,25,228,2,FALSE,Non quality on net,Default
20252026,Regular,312,4-11-2026,Minnesota,2,New York,4,shot,2,3:22,1402,1,1,,,507,152,,0,45,123,4,FALSE,Quality on net,Default
20252026,Regular,312,4-11-2026,Minnesota,2,New York,4,shot,2,5:35,1535,1,1,,,208,34,,0,236,228,2,FALSE,Non quality on net,Wrist
20252026,Regular,312,4-11-2026,Minnesota,2,New York,4,shot,2,5:56,1556,1,1,,,462,81,,0,280,123,4,FALSE,Quality on net,Default
20252026,Regular,312,4-11-2026,Minnesota,2,New York,4,shot,2,7:30,1650,1,1,,,528,130,,0,30,123,4,FALSE,Quality on net,Default
20252026,Regular,312,4-11-2026,Minnesota,2,New York,4,shot,2,8:11,1691,1,1,,,61,202,,0,21,228,2,FALSE,Non quality on net,Backhand
20252026,Regular,312,4-11-2026,Minnesota,2,New York,4,shot,2,12:39,1959,1,1,,,54,184,,0,23,228,2,FALSE,Non quality on net,Default
20252026,Regular,312,4-11-2026,Minnesota,2,New York,4,shot,2,13:02,1982,1,1,,,63,171,,0,23,228,2,FALSE,Quality on net,Wrist
20252026,Regular,312,4-11-2026,Minnesota,2,New York,4,shot,2,13:08,1988,1,1,,,95,25,,0,24,228,2,FALSE,Non quality on net,Wrist
20252026,Regular,312,4-11-2026,Minnesota,2,New York,4,shot,2,14:42,2082,1,1,,,469,156,,0,206,123,4,FALSE,Quality on net,Default
20252026,Regular,312,4-11-2026,Minnesota,2,New York,4,shot,2,15:08,2108,1,1,,,114,293,,0,190,228,2,FALSE,Non quality on net,Wrist
20252026,Regular,312,4-11-2026,Minnesota,2,New York,4,shot,2,16:20,2180,1,1,,,546,157,,0,280,123,4,FALSE,Quality on net,Default
20252026,Regular,312,4-11-2026,Minnesota,2,New York,4,shot,2,17:32,2252,1,1,,,130,131,,0,263,228,2,FALSE,Quality on net,Wrist
20252026,Regular,312,4-11-2026,Minnesota,2,New York,4,shot,2,18:03,2283,1,1,,,417,190,,0,87,123,4,FALSE,Non quality on net,Default
20252026,Regular,312,4-11-2026,Minnesota,2,New York,4,shot,2,18:51,2331,1,1,,,556,111,,0,205,123,4,FALSE,Non quality on net,Default
20252026,Regular,312,4-11-2026,Minnesota,2,New York,4,shot,3,0:22,2422,1,1,,,165,234,,0,24,228,2,FALSE,Non quality on net,Default
20252026,Regular,312,4-11-2026,Minnesota,2,New York,4,shot,3,0:29,2429,1,1,,,153,143,,0,167,228,2,FALSE,Non quality on net,Default
20252026,Regular,312,4-11-2026,Minnesota,2,New York,4,shot,3,3:53,2633,1,1,,,536,153,,0,249,123,4,FALSE,Quality on net,Default
20252026,Regular,312,4-11-2026,Minnesota,2,New York,4,shot,3,3:56,2636,1,1,,,561,179,,0,280,123,4,FALSE,Non quality on net,Backhand
20252026,Regular,312,4-11-2026,Minnesota,2,New York,4,shot,3,4:38,2678,1,1,,,178,247,,0,60,228,2,FALSE,Non quality on net,Default
20252026,Regular,312,4-11-2026,Minnesota,2,New York,4,shot,3,5:30,2730,1,1,,,49,171,,0,247,228,2,TRUE,Quality goal,Default
20252026,Regular,312,4-11-2026,Minnesota,2,New York,4,shot,3,6:15,2775,2,1,,,412,137,,-1,229,123,4,FALSE,Non quality on net,Wrist
20252026,Regular,312,4-11-2026,Minnesota,2,New York,4,shot,3,6:19,2779,2,1,,,498,227,,-1,205,123,4,FALSE,Non quality on net,Default
20252026,Regular,312,4-11-2026,Minnesota,2,New York,4,shot,3,6:26,2786,2,1,,,515,174,,1,24,228,2,FALSE,Quality on net,Default
20252026,Regular,312,4-11-2026,Minnesota,2,New York,4,shot,3,8:17,2897,2,1,,,201,55,,1,21,228,2,FALSE,Non quality on net,Default
20252026,Regular,312,4-11-2026,Minnesota,2,New York,4,shot,3,8:34,2914,2,1,,,74,96,,1,21,228,2,TRUE,Non quality goal,Default
20252026,Regular,312,4-11-2026,Minnesota,2,New York,4,shot,3,9:26,2966,3,1,,,317,250,,-2,230,123,4,FALSE,Non quality on net,Wrist
20252026,Regular,312,4-11-2026,Minnesota,2,New York,4,shot,3,13:11,3191,3,1,,,155,168,,2,188,228,2,FALSE,Non quality on net,Default
20252026,Regular,312,4-11-2026,Minnesota,2,New York,4,shot,3,14:36,3276,3,1,,,163,44,,2,24,228,2,FALSE,Non quality on net,Default
20252026,Regular,312,4-11-2026,Minnesota,2,New York,4,shot,3,17:19,3439,3,1,,,488,189,,-2,205,123,4,FALSE,Quality on net,Slap
20252026,Regular,312,4-11-2026,Minnesota,2,New York,4,shot,3,18:39,3519,3,1,,,137,230,,2,189,0,2,TRUE,Non quality goal,Default
20252026,Regular,312,4-11-2026,Minnesota,2,New York,4,shot,3,19:36,3576,4,1,,,526,191,,-3,116,123,4,FALSE,Quality on net,Wrist
20252026,Regular,313,4-11-2026,Toronto,6,Ottawa,5,shot,1,0:22,22,0,0,,,79,32,,0,67,222,6,FALSE,Non quality on net,Snap
20252026,Regular,313,4-11-2026,Toronto,6,Ottawa,5,shot,1,0:42,42,0,0,,,91,147,,0,65,222,6,FALSE,Quality on net,Wrist
20252026,Regular,313,4-11-2026,Toronto,6,Ottawa,5,shot,1,1:03,63,0,0,,,509,234,,0,58,211,5,FALSE,Non quality on net,Wrist
20252026,Regular,313,4-11-2026,Toronto,6,Ottawa,5,shot,1,1:46,106,0,0,,,465,183,,0,240,211,5,FALSE,Quality on net,Backhand
20252026,Regular,313,4-11-2026,Toronto,6,Ottawa,5,shot,1,2:55,175,0,0,,,61,113,,0,65,222,6,FALSE,Quality on net,Backhand
20252026,Regular,313,4-11-2026,Toronto,6,Ottawa,5,shot,1,4:43,283,0,0,,,75,201,,0,26,222,6,FALSE,Quality on net,Wrist
20252026,Regular,313,4-11-2026,Toronto,6,Ottawa,5,shot,1,7:20,440,0,0,,,140,86,,0,76,222,6,FALSE,Quality on net,Snap
20252026,Regular,313,4-11-2026,Toronto,6,Ottawa,5,shot,1,8:20,500,0,0,,,190,63,,0,68,222,6,FALSE,Non quality on net,Slap
20252026,Regular,313,4-11-2026,Toronto,6,Ottawa,5,shot,1,8:30,510,0,0,,,23,227,,0,100,222,6,FALSE,Non quality on net,Backhand
20252026,Regular,313,4-11-2026,Toronto,6,Ottawa,5,shot,1,9:34,574,0,0,,,71,251,,0,63,222,6,FALSE,Non quality on net,Wrist
20252026,Regular,313,4-11-2026,Toronto,6,Ottawa,5,shot,1,10:07,607,0,0,,,549,105,,0,53,211,5,FALSE,Non quality on net,Snap
20252026,Regular,313,4-11-2026,Toronto,6,Ottawa,5,shot,1,11:38,698,0,0,,,121,189,,0,100,222,6,FALSE,Quality on net,Wrist
20252026,Regular,313,4-11-2026,Toronto,6,Ottawa,5,shot,1,12:57,777,0,0,,,94,261,,0,313,222,6,FALSE,Non quality on net,Wrist
20252026,Regular,313,4-11-2026,Toronto,6,Ottawa,5,shot,1,13:18,798,0,0,,,186,213,,0,100,222,6,FALSE,Non quality on net,Wrist
20252026,Regular,313,4-11-2026,Toronto,6,Ottawa,5,shot,1,13:21,801,0,0,,,159,112,,0,316,222,6,FALSE,Non quality on net,Wrist
20252026,Regular,313,4-11-2026,Toronto,6,Ottawa,5,shot,1,13:37,817,0,0,,,123,199,,0,317,222,6,FALSE,Quality on net,Wrist
20252026,Regular,313,4-11-2026,Toronto,6,Ottawa,5,shot,1,14:04,844,0,0,,,190,94,,0,68,222,6,FALSE,Non quality on net,Wrist
20252026,Regular,313,4-11-2026,Toronto,6,Ottawa,5,shot,1,15:37,937,0,0,,,441,128,,0,72,211,5,FALSE,Non quality on net,Wrist
20252026,Regular,313,4-11-2026,Toronto,6,Ottawa,5,shot,1,16:29,989,0,0,,,492,147,,0,240,211,5,FALSE,Quality on net,Snap
20252026,Regular,313,4-11-2026,Toronto,6,Ottawa,5,shot,1,17:29,1049,0,0,,,135,136,,0,66,222,6,FALSE,Quality on net,Snap
20252026,Regular,313,4-11-2026,Toronto,6,Ottawa,5,shot,1,17:32,1052,0,0,,,50,135,,0,316,222,6,FALSE,Quality on net,Backhand
20252026,Regular,313,4-11-2026,Toronto,6,Ottawa,5,shot,1,17:40,1060,0,0,,,62,143,,0,66,222,6,FALSE,Quality on net,Backhand
20252026,Regular,313,4-11-2026,Toronto,6,Ottawa,5,shot,1,17:52,1072,0,0,,,82,65,,0,76,222,6,FALSE,Non quality on net,Snap
20252026,Regular,313,4-11-2026,Toronto,6,Ottawa,5,shot,1,19:30,1170,0,0,,,215,55,,0,68,222,6,FALSE,Non quality on net,Wrist
20252026,Regular,313,4-11-2026,Toronto,6,Ottawa,5,shot,1,19:51,1191,0,0,,,556,118,,0,286,211,5,FALSE,Non quality on net,Tip
20252026,Regular,313,4-11-2026,Toronto,6,Ottawa,5,shot,2,0:30,1230,0,0,,,44,159,,0,65,222,6,FALSE,Quality on net,Snap
20252026,Regular,313,4-11-2026,Toronto,6,Ottawa,5,shot,2,0:32,1232,0,0,,,45,121,,0,65,222,6,FALSE,Non quality on net,Tip
20252026,Regular,313,4-11-2026,Toronto,6,Ottawa,5,shot,2,0:50,1250,0,0,,,163,243,,0,63,222,6,FALSE,Non quality on net,Wrist
20252026,Regular,313,4-11-2026,Toronto,6,Ottawa,5,shot,2,1:00,1260,0,0,,,60,164,,0,76,222,6,FALSE,Quality on net,Snap
20252026,Regular,313,4-11-2026,Toronto,6,Ottawa,5,shot,2,1:24,1284,0,0,,,182,81,,0,67,222,6,FALSE,Non quality on net,Wrist
20252026,Regular,313,4-11-2026,Toronto,6,Ottawa,5,shot,2,1:44,1304,0,0,,,66,59,,0,73,222,6,FALSE,Non quality on net,Backhand
20252026,Regular,313,4-11-2026,Toronto,6,Ottawa,5,shot,2,2:45,1365,0,0,,,160,79,,0,44,222,6,FALSE,Non quality on net,Slap
20252026,Regular,313,4-11-2026,Toronto,6,Ottawa,5,shot,2,4:30,1470,0,0,,,162,60,,0,68,222,6,FALSE,Non quality on net,Slap
20252026,Regular,313,4-11-2026,Toronto,6,Ottawa,5,shot,2,4:31,1471,0,0,,,120,197,,0,86,222,6,FALSE,Quality on net,Wrist
20252026,Regular,313,4-11-2026,Toronto,6,Ottawa,5,shot,2,4:35,1475,0,0,,,141,125,,0,63,222,6,FALSE,Quality on net,Wrist
20252026,Regular,313,4-11-2026,Toronto,6,Ottawa,5,shot,2,5:26,1526,0,0,,,102,178,,0,63,222,6,FALSE,Quality on net,Slap
20252026,Regular,313,4-11-2026,Toronto,6,Ottawa,5,shot,2,6:28,1588,0,0,,,201,39,,0,76,222,6,FALSE,Non quality on net,Default
20252026,Regular,313,4-11-2026,Toronto,6,Ottawa,5,shot,2,7:56,1676,0,0,,,459,84,,0,115,211,5,FALSE,Quality on net,Wrist
20252026,Regular,313,4-11-2026,Toronto,6,Ottawa,5,shot,2,12:49,1969,0,0,,,543,167,,0,240,211,5,FALSE,Quality on net,Snap
20252026,Regular,313,4-11-2026,Toronto,6,Ottawa,5,shot,2,13:40,2020,0,0,,,412,224,,0,242,211,5,FALSE,Non quality on net,Slap
20252026,Regular,313,4-11-2026,Toronto,6,Ottawa,5,shot,2,14:29,2069,0,0,,,390,147,,0,71,211,5,FALSE,Non quality on net,Slap
20252026,Regular,313,4-11-2026,Toronto,6,Ottawa,5,shot,2,16:01,2161,0,0,,,542,142,,0,53,211,5,FALSE,Quality on net,Wrist
20252026,Regular,313,4-11-2026,Toronto,6,Ottawa,5,shot,2,18:13,2293,0,0,,,105,50,,0,100,222,6,FALSE,Non quality on net,Wrist
20252026,Regular,313,4-11-2026,Toronto,6,Ottawa,5,shot,2,18:39,2319,0,0,,,114,153,,0,317,222,6,FALSE,Quality on net,Wrist
20252026,Regular,313,4-11-2026,Toronto,6,Ottawa,5,shot,3,0:18,2418,0,0,,,175,93,,0,67,222,6,FALSE,Non quality on net,Wrist
20252026,Regular,313,4-11-2026,Toronto,6,Ottawa,5,shot,3,0:59,2459,0,0,,,149,136,,0,65,222,6,FALSE,Non quality on net,Wrist
20252026,Regular,313,4-11-2026,Toronto,6,Ottawa,5,shot,3,2:11,2531,0,0,,,105,243,,0,317,222,6,FALSE,Non quality on net,Wrist
20252026,Regular,313,4-11-2026,Toronto,6,Ottawa,5,shot,3,3:26,2606,0,0,,,464,113,,0,58,211,5,FALSE,Quality on net,Wrist
20252026,Regular,313,4-11-2026,Toronto,6,Ottawa,5,shot,3,5:15,2715,0,0,,,416,196,,0,71,211,5,FALSE,Non quality on net,Wrist
20252026,Regular,313,4-11-2026,Toronto,6,Ottawa,5,shot,3,5:53,2753,0,0,,,97,90,,0,76,222,6,FALSE,Quality on net,Snap
20252026,Regular,313,4-11-2026,Toronto,6,Ottawa,5,shot,3,10:42,3042,0,0,,,68,115,,0,244,222,6,FALSE,Quality on net,Snap
20252026,Regular,313,4-11-2026,Toronto,6,Ottawa,5,shot,3,11:20,3080,0,0,,,535,126,,0,58,211,5,TRUE,Quality goal,Default
20252026,Regular,313,4-11-2026,Toronto,6,Ottawa,5,shot,3,11:33,3093,0,1,,,59,123,,-1,73,222,6,FALSE,Quality on net,Backhand
20252026,Regular,313,4-11-2026,Toronto,6,Ottawa,5,shot,3,13:43,3223,0,1,,,125,161,,-1,67,222,6,FALSE,Quality on net,Wrist
20252026,Regular,313,4-11-2026,Toronto,6,Ottawa,5,shot,3,14:36,3276,0,1,,,90,179,,-1,67,222,6,FALSE,Quality on net,Tip
20252026,Regular,313,4-11-2026,Toronto,6,Ottawa,5,shot,3,15:06,3306,0,1,,,117,38,,-1,26,222,6,FALSE,Non quality on net,Wrist
20252026,Regular,313,4-11-2026,Toronto,6,Ottawa,5,shot,3,15:41,3341,0,1,,,489,120,,1,53,211,5,FALSE,Quality on net,Wrist
20252026,Regular,313,4-11-2026,Toronto,6,Ottawa,5,shot,3,17:40,3460,0,1,,,445,86,,1,115,211,5,FALSE,Non quality on net,Wrist
20252026,Regular,313,4-11-2026,Toronto,6,Ottawa,5,shot,3,17:47,3467,0,1,,,487,75,,1,101,211,5,FALSE,Quality on net,Wrist
20252026,Regular,313,4-11-2026,Toronto,6,Ottawa,5,shot,3,19:37,3577,0,1,,,261,261,,1,241,0,5,TRUE,Non quality goal,Wrist
20252026,Regular,314,4-11-2026,Boston,1,Montréal,3,shot,1,1:09,69,0,0,,,121,106,,0,97,28,1,FALSE,Quality on net,Snap
20252026,Regular,314,4-11-2026,Boston,1,Montréal,3,shot,1,2:54,174,0,0,,,508,118,,0,35,6,3,FALSE,Quality on net,Wrist
20252026,Regular,314,4-11-2026,Boston,1,Montréal,3,shot,1,6:34,394,0,0,,,77,146,,0,36,28,1,FALSE,Quality on net,Backhand
20252026,Regular,314,4-11-2026,Boston,1,Montréal,3,shot,1,8:04,484,0,0,,,397,82,,0,5,6,3,FALSE,Non quality on net,Wrist
20252026,Regular,314,4-11-2026,Boston,1,Montréal,3,shot,1,12:00,720,0,0,,,89,47,,0,8,28,1,FALSE,Non quality on net,Snap
20252026,Regular,314,4-11-2026,Boston,1,Montréal,3,shot,1,14:04,844,0,0,,,70,182,,0,97,28,1,FALSE,Quality on net,Backhand
20252026,Regular,314,4-11-2026,Boston,1,Montréal,3,shot,1,14:10,850,0,0,,,76,98,,0,97,28,1,FALSE,Quality on net,Tip
20252026,Regular,314,4-11-2026,Boston,1,Montréal,3,shot,1,15:48,948,0,0,,,135,139,,0,15,28,1,FALSE,Quality on net,Wrist
20252026,Regular,314,4-11-2026,Boston,1,Montréal,3,shot,1,16:08,968,0,0,,,407,257,,0,42,6,3,FALSE,Non quality on net,Wrist
20252026,Regular,314,4-11-2026,Boston,1,Montréal,3,shot,1,16:35,995,0,0,,,456,121,,0,32,6,3,FALSE,Non quality on net,Tip
20252026,Regular,314,4-11-2026,Boston,1,Montréal,3,shot,1,16:41,1001,0,0,,,491,101,,0,272,6,3,FALSE,Quality on net,Tip
20252026,Regular,314,4-11-2026,Boston,1,Montréal,3,shot,1,19:35,1175,0,0,,,558,167,,0,32,6,3,FALSE,Quality on net,Backhand
20252026,Regular,314,4-11-2026,Boston,1,Montréal,3,shot,2,1:12,1272,0,0,,,287,279,,0,16,28,1,FALSE,Non quality on net,Wrist
20252026,Regular,314,4-11-2026,Boston,1,Montréal,3,shot,2,4:44,1484,0,0,,,113,202,,0,246,28,1,FALSE,Quality on net,Wrist
20252026,Regular,314,4-11-2026,Boston,1,Montréal,3,shot,2,5:39,1539,0,0,,,484,146,,0,32,6,3,FALSE,Quality on net,Snap
20252026,Regular,314,4-11-2026,Boston,1,Montréal,3,shot,2,6:57,1617,0,0,,,426,286,,0,274,6,3,FALSE,Non quality on net,Wrist
20252026,Regular,314,4-11-2026,Boston,1,Montréal,3,shot,2,7:15,1635,0,0,,,144,180,,0,246,28,1,FALSE,Non quality on net,Snap
20252026,Regular,314,4-11-2026,Boston,1,Montréal,3,shot,2,8:56,1736,0,0,,,488,278,,0,271,6,3,FALSE,Non quality on net,Wrist
20252026,Regular,314,4-11-2026,Boston,1,Montréal,3,shot,2,10:37,1837,0,0,,,522,276,,0,32,6,3,FALSE,Non quality on net,Wrist
20252026,Regular,314,4-11-2026,Boston,1,Montréal,3,shot,2,12:53,1973,0,0,,,448,267,,0,32,6,3,FALSE,Non quality on net,Wrist
20252026,Regular,314,4-11-2026,Boston,1,Montréal,3,shot,2,13:06,1986,0,0,,,435,285,,0,51,6,3,FALSE,Non quality on net,Wrist
20252026,Regular,314,4-11-2026,Boston,1,Montréal,3,shot,2,15:00,2100,0,0,,,136,130,,0,78,28,1,FALSE,Quality on net,Wrist
20252026,Regular,314,4-11-2026,Boston,1,Montréal,3,shot,2,15:49,2149,0,0,,,457,277,,0,51,6,3,FALSE,Non quality on net,Slap
20252026,Regular,314,4-11-2026,Boston,1,Montréal,3,shot,2,15:57,2157,0,0,,,472,19,,0,253,6,3,FALSE,Non quality on net,Snap
20252026,Regular,314,4-11-2026,Boston,1,Montréal,3,shot,2,16:22,2182,0,0,,,144,280,,0,12,28,1,FALSE,Non quality on net,Slap
20252026,Regular,314,4-11-2026,Boston,1,Montréal,3,shot,2,17:21,2241,0,0,,,460,205,,0,201,6,3,FALSE,Quality on net,Snap
20252026,Regular,314,4-11-2026,Boston,1,Montréal,3,shot,3,0:37,2437,0,0,,,519,216,,0,32,6,3,FALSE,Non quality on net,Snap
20252026,Regular,314,4-11-2026,Boston,1,Montréal,3,shot,3,1:37,2497,0,0,,,75,104,,0,8,28,1,FALSE,Quality on net,Wrist
20252026,Regular,314,4-11-2026,Boston,1,Montréal,3,shot,3,3:51,2631,0,0,,,87,56,,0,246,28,1,FALSE,Non quality on net,Snap
20252026,Regular,314,4-11-2026,Boston,1,Montréal,3,shot,3,5:52,2752,0,0,,,516,151,,0,201,6,3,TRUE,Quality goal,Snap
20252026,Regular,314,4-11-2026,Boston,1,Montréal,3,shot,3,7:12,2832,0,1,,,59,94,,-1,259,28,1,FALSE,Non quality on net,Wrist
20252026,Regular,314,4-11-2026,Boston,1,Montréal,3,shot,3,10:22,3022,0,1,,,440,131,,1,253,6,3,FALSE,Non quality on net,Slap
20252026,Regular,314,4-11-2026,Boston,1,Montréal,3,shot,3,12:33,3153,0,1,,,464,109,,1,271,6,3,FALSE,Quality on net,Snap
20252026,Regular,314,4-11-2026,Boston,1,Montréal,3,shot,3,14:29,3269,0,1,,,101,228,,-1,8,28,1,FALSE,Non quality on net,Wrist
20252026,Regular,314,4-11-2026,Boston,1,Montréal,3,shot,3,15:03,3303,0,1,,,155,33,,-1,8,28,1,FALSE,Non quality on net,Wrist
20252026,Regular,314,4-11-2026,Boston,1,Montréal,3,shot,3,18:21,3501,0,1,,,51,200,,-1,36,28,1,FALSE,Non quality on net,Wrist
20252026,Regular,314,4-11-2026,Boston,1,Montréal,3,shot,3,18:33,3513,0,1,,,47,225,,-1,15,28,1,FALSE,Non quality on net,Wrist
20252026,Regular,314,4-11-2026,Boston,1,Montréal,3,shot,3,18:34,3514,0,1,,,54,163,,-1,259,28,1,FALSE,Quality on net,Wrist
20252026,Regular,314,4-11-2026,Boston,1,Montréal,3,shot,3,18:47,3527,0,1,,,135,91,,-1,246,28,1,FALSE,Quality on net,Wrist
20252026,Regular,315,4-14-2026,Vancouver,9,Seattle,8,shot,1,0:48,48,0,0,,,477,47,,0,13,59,8,FALSE,Non quality on net,Backhand
20252026,Regular,315,4-14-2026,Vancouver,9,Seattle,8,shot,1,1:15,75,0,0,,,498,54,,0,294,59,8,FALSE,Non quality on net,Wrist
20252026,Regular,315,4-14-2026,Vancouver,9,Seattle,8,shot,1,2:18,138,0,0,,,66,158,,0,75,155,9,TRUE,Quality goal,Tip
20252026,Regular,315,4-14-2026,Vancouver,9,Seattle,8,shot,1,7:54,474,1,0,,,502,201,,-1,142,59,8,FALSE,Quality on net,Wrist
20252026,Regular,315,4-14-2026,Vancouver,9,Seattle,8,shot,1,9:33,573,1,0,,,449,237,,-1,292,59,8,FALSE,Non quality on net,Wrist
20252026,Regular,315,4-14-2026,Vancouver,9,Seattle,8,shot,1,9:36,576,1,0,,,406,28,,-1,203,59,8,FALSE,Non quality on net,Wrist
20252026,Regular,315,4-14-2026,Vancouver,9,Seattle,8,shot,1,9:57,597,1,0,,,139,66,,1,89,155,9,FALSE,Non quality on net,Wrist
20252026,Regular,315,4-14-2026,Vancouver,9,Seattle,8,shot,1,14:16,856,1,0,,,164,177,,1,114,155,9,FALSE,Non quality on net,Wrist
20252026,Regular,315,4-14-2026,Vancouver,9,Seattle,8,shot,1,15:09,909,1,0,,,543,156,,-1,34,59,8,FALSE,Quality on net,Tip
20252026,Regular,315,4-14-2026,Vancouver,9,Seattle,8,shot,1,18:30,1110,1,0,,,88,93,,1,89,155,9,FALSE,Quality on net,Snap
20252026,Regular,315,4-14-2026,Vancouver,9,Seattle,8,shot,1,19:10,1150,1,0,,,45,133,,1,75,155,9,FALSE,Quality on net,Wrist
20252026,Regular,315,4-14-2026,Vancouver,9,Seattle,8,shot,1,19:11,1151,1,0,,,60,122,,1,75,155,9,FALSE,Quality on net,Wrist
20252026,Regular,315,4-14-2026,Vancouver,9,Seattle,8,shot,2,0:17,1217,1,0,,,146,152,,1,220,155,9,FALSE,Non quality on net,Wrist
20252026,Regular,315,4-14-2026,Vancouver,9,Seattle,8,shot,2,2:23,1343,1,0,,,387,243,,-1,294,59,8,FALSE,Non quality on net,Wrist
20252026,Regular,315,4-14-2026,Vancouver,9,Seattle,8,shot,2,4:59,1499,1,0,,,60,176,,1,75,155,9,FALSE,Quality on net,Wrist
20252026,Regular,315,4-14-2026,Vancouver,9,Seattle,8,shot,2,5:07,1507,1,0,,,182,155,,1,169,155,9,FALSE,Non quality on net,Wrist
20252026,Regular,315,4-14-2026,Vancouver,9,Seattle,8,shot,2,5:34,1534,1,0,,,440,138,,-1,13,59,8,FALSE,Non quality on net,Wrist
20252026,Regular,315,4-14-2026,Vancouver,9,Seattle,8,shot,2,6:37,1597,1,0,,,100,153,,1,89,155,9,TRUE,Quality goal,Wrist
20252026,Regular,315,4-14-2026,Vancouver,9,Seattle,8,shot,2,7:03,1623,2,0,,,154,158,,2,89,155,9,FALSE,Non quality on net,Wrist
20252026,Regular,315,4-14-2026,Vancouver,9,Seattle,8,shot,2,7:10,1630,2,0,,,166,251,,2,169,155,9,FALSE,Non quality on net,Wrist
20252026,Regular,315,4-14-2026,Vancouver,9,Seattle,8,shot,2,8:31,1711,2,0,,,309,285,,-2,156,59,8,FALSE,Non quality on net,Wrist
20252026,Regular,315,4-14-2026,Vancouver,9,Seattle,8,shot,2,8:39,1719,2,0,,,45,123,,2,198,155,9,FALSE,Non quality on net,Wrist
20252026,Regular,315,4-14-2026,Vancouver,9,Seattle,8,shot,2,10:13,1813,2,0,,,503,132,,-2,224,59,8,FALSE,Quality on net,Backhand
20252026,Regular,315,4-14-2026,Vancouver,9,Seattle,8,shot,2,10:25,1825,2,0,,,423,249,,-2,2,59,8,FALSE,Non quality on net,Wrist
20252026,Regular,315,4-14-2026,Vancouver,9,Seattle,8,shot,2,10:35,1835,2,0,,,57,181,,2,221,155,9,TRUE,Quality goal,Wrist
20252026,Regular,315,4-14-2026,Vancouver,9,Seattle,8,shot,2,11:08,1868,3,0,,,82,203,,3,310,155,9,TRUE,Quality goal,Default
20252026,Regular,315,4-14-2026,Vancouver,9,Seattle,8,shot,2,12:38,1958,4,0,,,88,156,,4,89,134,9,FALSE,Quality on net,Wrist
20252026,Regular,315,4-14-2026,Vancouver,9,Seattle,8,shot,2,13:16,1996,4,0,,,393,258,,-4,294,59,8,FALSE,Non quality on net,Wrist
20252026,Regular,315,4-14-2026,Vancouver,9,Seattle,8,shot,2,14:21,2061,4,0,,,190,213,,4,252,134,9,FALSE,Non quality on net,Wrist
20252026,Regular,315,4-14-2026,Vancouver,9,Seattle,8,shot,2,15:25,2125,4,0,,,538,184,,-4,34,59,8,FALSE,Quality on net,Wrist
20252026,Regular,315,4-14-2026,Vancouver,9,Seattle,8,shot,2,16:05,2165,4,0,,,84,160,,4,75,134,9,FALSE,Quality on net,Wrist
20252026,Regular,315,4-14-2026,Vancouver,9,Seattle,8,shot,2,16:31,2191,4,0,,,109,164,,4,11,134,9,FALSE,Quality on net,Wrist
20252026,Regular,315,4-14-2026,Vancouver,9,Seattle,8,shot,2,17:54,2274,4,0,,,212,152,,4,305,134,9,FALSE,Non quality on net,Slap
20252026,Regular,315,4-14-2026,Vancouver,9,Seattle,8,shot,2,18:54,2334,4,0,,,555,219,,-4,224,59,8,FALSE,Non quality on net,Wrist
20252026,Regular,315,4-14-2026,Vancouver,9,Seattle,8,shot,2,19:40,2380,4,0,,,87,121,,4,75,134,9,FALSE,Quality on net,Wrist
20252026,Regular,315,4-14-2026,Vancouver,9,Seattle,8,shot,3,1:19,2479,4,0,,,547,166,,-4,210,59,8,FALSE,Quality on net,Wrist
20252026,Regular,315,4-14-2026,Vancouver,9,Seattle,8,shot,3,1:31,2491,4,0,,,547,156,,-4,49,59,8,FALSE,Quality on net,Tip
20252026,Regular,315,4-14-2026,Vancouver,9,Seattle,8,shot,3,3:28,2608,4,0,,,561,182,,-4,34,59,8,FALSE,Non quality on net,Wrist
20252026,Regular,315,4-14-2026,Vancouver,9,Seattle,8,shot,3,4:59,2699,4,0,,,430,271,,-4,210,59,8,FALSE,Non quality on net,Wrist
20252026,Regular,315,4-14-2026,Vancouver,9,Seattle,8,shot,3,5:09,2709,4,0,,,525,120,,-4,62,59,8,FALSE,Quality on net,Slap
20252026,Regular,315,4-14-2026,Vancouver,9,Seattle,8,shot,3,7:25,2845,4,0,,,525,165,,-4,210,59,8,FALSE,Quality on net,Wrist
20252026,Regular,315,4-14-2026,Vancouver,9,Seattle,8,shot,3,8:24,2904,4,0,,,543,144,,-4,17,59,8,FALSE,Quality on net,Wrist
20252026,Regular,315,4-14-2026,Vancouver,9,Seattle,8,shot,3,9:02,2942,4,0,,,492,21,,-4,203,59,8,FALSE,Non quality on net,Wrist
20252026,Regular,315,4-14-2026,Vancouver,9,Seattle,8,shot,3,9:14,2954,4,0,,,100,236,,4,89,134,9,FALSE,Non quality on net,Wrist
20252026,Regular,315,4-14-2026,Vancouver,9,Seattle,8,shot,3,10:34,3034,4,0,,,580,183,,-4,49,59,8,FALSE,Non quality on net,Wrist
20252026,Regular,315,4-14-2026,Vancouver,9,Seattle,8,shot,3,11:18,3078,4,0,,,506,150,,-4,138,59,8,TRUE,Quality goal,Default
20252026,Regular,315,4-14-2026,Vancouver,9,Seattle,8,shot,3,11:50,3110,4,1,,,201,58,,3,11,134,9,FALSE,Non quality on net,Slap
20252026,Regular,315,4-14-2026,Vancouver,9,Seattle,8,shot,3,12:37,3157,4,1,,,141,82,,3,301,134,9,FALSE,Quality on net,Backhand
20252026,Regular,315,4-14-2026,Vancouver,9,Seattle,8,shot,3,13:29,3209,4,1,,,528,155,,-3,13,59,8,FALSE,Quality on net,Tip
20252026,Regular,315,4-14-2026,Vancouver,9,Seattle,8,shot,3,14:02,3242,4,1,,,522,153,,-3,142,59,8,FALSE,Quality on net,Wrist
20252026,Regular,315,4-14-2026,Vancouver,9,Seattle,8,shot,3,15:03,3303,4,1,,,500,146,,-3,294,59,8,FALSE,Quality on net,Wrist
20252026,Regular,315,4-14-2026,Vancouver,9,Seattle,8,shot,3,15:09,3309,4,1,,,478,146,,-3,156,59,8,FALSE,Quality on net,Wrist
20252026,Regular,315,4-14-2026,Vancouver,9,Seattle,8,shot,3,17:26,3446,4,1,,,463,147,,-3,224,59,8,FALSE,Quality on net,Wrist
20252026,Regular,315,4-14-2026,Vancouver,9,Seattle,8,shot,3,19:16,3556,4,1,,,408,225,,-3,203,59,8,FALSE,Non quality on net,Wrist
20252026,Regular,316,4-15-2026,New York,4,Toronto,6,shot,1,1:14,74,0,0,,,145,99,,0,280,211,4,FALSE,Non quality on net,Wrist
20252026,Regular,316,4-15-2026,New York,4,Toronto,6,shot,1,2:59,179,0,0,,,100,153,,0,204,211,4,FALSE,Quality on net,Tip
20252026,Regular,316,4-15-2026,New York,4,Toronto,6,shot,1,4:09,249,0,0,,,482,218,,0,44,228,6,FALSE,Quality on net,Wrist
20252026,Regular,316,4-15-2026,New York,4,Toronto,6,shot,1,4:22,262,0,0,,,500,71,,0,200,228,6,FALSE,Non quality on net,Wrist
20252026,Regular,316,4-15-2026,New York,4,Toronto,6,shot,1,4:57,297,0,0,,,80,148,,0,207,211,4,FALSE,Quality on net,Backhand
20252026,Regular,316,4-15-2026,New York,4,Toronto,6,shot,1,6:30,390,0,0,,,447,68,,0,73,228,6,FALSE,Non quality on net,Wrist
20252026,Regular,316,4-15-2026,New York,4,Toronto,6,shot,1,6:59,419,0,0,,,146,195,,0,30,211,4,FALSE,Non quality on net,Wrist
20252026,Regular,316,4-15-2026,New York,4,Toronto,6,shot,1,8:13,493,0,0,,,111,213,,0,285,211,4,FALSE,Quality on net,Wrist
20252026,Regular,316,4-15-2026,New York,4,Toronto,6,shot,1,10:45,645,0,0,,,161,135,,0,280,211,4,FALSE,Non quality on net,Default
20252026,Regular,316,4-15-2026,New York,4,Toronto,6,shot,1,12:31,751,0,0,,,67,112,,0,104,211,4,FALSE,Quality on net,Snap
20252026,Regular,316,4-15-2026,New York,4,Toronto,6,shot,1,12:44,764,0,0,,,547,90,,0,67,228,6,FALSE,Non quality on net,Backhand
20252026,Regular,316,4-15-2026,New York,4,Toronto,6,shot,1,13:36,816,0,0,,,399,149,,0,313,228,6,FALSE,Non quality on net,Wrist
20252026,Regular,316,4-15-2026,New York,4,Toronto,6,shot,1,13:50,830,0,0,,,489,138,,0,100,228,6,FALSE,Quality on net,Wrist
20252026,Regular,316,4-15-2026,New York,4,Toronto,6,shot,1,15:32,932,0,0,,,505,141,,0,86,228,6,FALSE,Quality on net,Tip
20252026,Regular,316,4-15-2026,New York,4,Toronto,6,shot,1,15:37,937,0,0,,,457,156,,0,76,228,6,FALSE,Quality on net,Wrist
20252026,Regular,316,4-15-2026,New York,4,Toronto,6,shot,1,16:30,990,0,0,,,64,106,,0,280,211,4,FALSE,Non quality on net,Wrist
20252026,Regular,316,4-15-2026,New York,4,Toronto,6,shot,1,19:45,1185,0,0,,,554,68,,0,63,228,6,FALSE,Non quality on net,Wrist
20252026,Regular,316,4-15-2026,New York,4,Toronto,6,shot,2,0:16,1216,0,0,,,94,105,,0,30,211,4,FALSE,Quality on net,Backhand
20252026,Regular,316,4-15-2026,New York,4,Toronto,6,shot,2,0:24,1224,0,0,,,131,16,,0,40,211,4,FALSE,Non quality on net,Wrist
20252026,Regular,316,4-15-2026,New York,4,Toronto,6,shot,2,0:49,1249,0,0,,,535,147,,0,26,228,6,FALSE,Quality on net,Backhand
20252026,Regular,316,4-15-2026,New York,4,Toronto,6,shot,2,0:57,1257,0,0,,,106,200,,0,285,211,4,FALSE,Quality on net,Wrist
20252026,Regular,316,4-15-2026,New York,4,Toronto,6,shot,2,1:01,1261,0,0,,,561,121,,0,76,228,6,FALSE,Non quality on net,Wrist
20252026,Regular,316,4-15-2026,New York,4,Toronto,6,shot,2,3:15,1395,0,0,,,529,100,,0,244,228,6,FALSE,Non quality on net,Default
20252026,Regular,316,4-15-2026,New York,4,Toronto,6,shot,2,3:24,1404,0,0,,,540,165,,0,100,228,6,FALSE,Quality on net,Tip
20252026,Regular,316,4-15-2026,New York,4,Toronto,6,shot,2,4:20,1460,0,0,,,552,194,,0,316,228,6,FALSE,Non quality on net,Wrist
20252026,Regular,316,4-15-2026,New York,4,Toronto,6,shot,2,4:21,1461,0,0,,,546,173,,0,316,228,6,FALSE,Quality on net,Wrist
20252026,Regular,316,4-15-2026,New York,4,Toronto,6,shot,2,4:57,1497,0,0,,,56,168,,0,104,211,4,FALSE,Quality on net,Wrist
20252026,Regular,316,4-15-2026,New York,4,Toronto,6,shot,2,6:30,1590,0,0,,,518,94,,0,100,228,6,FALSE,Quality on net,Wrist
20252026,Regular,316,4-15-2026,New York,4,Toronto,6,shot,2,9:54,1794,0,0,,,156,204,,0,280,211,4,FALSE,Non quality on net,Slap
20252026,Regular,316,4-15-2026,New York,4,Toronto,6,shot,2,11:06,1866,0,0,,,125,25,,0,104,211,4,FALSE,Non quality on net,Wrist
20252026,Regular,316,4-15-2026,New York,4,Toronto,6,shot,2,11:19,1879,0,0,,,129,59,,0,249,211,4,FALSE,Non quality on net,Wrist
20252026,Regular,316,4-15-2026,New York,4,Toronto,6,shot,2,11:43,1903,0,0,,,196,129,,0,87,211,4,FALSE,Non quality on net,Slap
20252026,Regular,316,4-15-2026,New York,4,Toronto,6,shot,2,14:43,2083,0,0,,,534,221,,0,63,228,6,TRUE,Non quality goal,Wrist
20252026,Regular,316,4-15-2026,New York,4,Toronto,6,shot,2,18:04,2284,0,1,,,81,111,,-1,280,211,4,FALSE,Quality on net,Backhand
20252026,Regular,316,4-15-2026,New York,4,Toronto,6,shot,3,1:00,2460,0,1,,,555,126,,1,67,228,6,FALSE,Non quality on net,Default
20252026,Regular,316,4-15-2026,New York,4,Toronto,6,shot,3,1:18,2478,0,1,,,406,35,,1,56,228,6,FALSE,Non quality on net,Default
20252026,Regular,316,4-15-2026,New York,4,Toronto,6,shot,3,1:45,2505,0,1,,,201,92,,-1,230,211,4,FALSE,Non quality on net,Wrist
20252026,Regular,316,4-15-2026,New York,4,Toronto,6,shot,3,2:43,2563,0,1,,,124,239,,-1,87,211,4,FALSE,Non quality on net,Slap
20252026,Regular,316,4-15-2026,New York,4,Toronto,6,shot,3,4:19,2659,0,1,,,491,148,,1,67,228,6,FALSE,Quality on net,Snap
20252026,Regular,316,4-15-2026,New York,4,Toronto,6,shot,3,4:31,2671,0,1,,,397,88,,1,63,228,6,FALSE,Non quality on net,Snap
20252026,Regular,316,4-15-2026,New York,4,Toronto,6,shot,3,5:35,2735,0,1,,,40,186,,-1,283,211,4,FALSE,Non quality on net,Wrist
20252026,Regular,316,4-15-2026,New York,4,Toronto,6,shot,3,7:29,2849,0,1,,,190,190,,-1,283,211,4,FALSE,Non quality on net,Slap
20252026,Regular,316,4-15-2026,New York,4,Toronto,6,shot,3,8:51,2931,0,1,,,542,47,,1,44,228,6,TRUE,Non quality goal,Snap
20252026,Regular,316,4-15-2026,New York,4,Toronto,6,shot,3,9:25,2965,0,2,,,64,158,,-2,104,211,4,FALSE,Quality on net,Default
20252026,Regular,316,4-15-2026,New York,4,Toronto,6,shot,3,9:30,2970,0,2,,,78,143,,-2,104,211,4,TRUE,Quality goal,Backhand
20252026,Regular,316,4-15-2026,New York,4,Toronto,6,shot,3,9:55,2995,1,2,,,552,170,,1,244,228,6,FALSE,Quality on net,Backhand
20252026,Regular,316,4-15-2026,New York,4,Toronto,6,shot,3,10:10,3010,1,2,,,453,151,,1,65,228,6,FALSE,Non quality on net,Wrist
20252026,Regular,316,4-15-2026,New York,4,Toronto,6,shot,3,11:03,3063,1,2,,,49,177,,-1,206,211,4,FALSE,Non quality on net,Tip
20252026,Regular,316,4-15-2026,New York,4,Toronto,6,shot,3,12:51,3171,1,2,,,534,180,,1,73,228,6,FALSE,Quality on net,Backhand
20252026,Regular,316,4-15-2026,New York,4,Toronto,6,shot,3,14:34,3274,1,2,,,162,77,,-1,205,211,4,FALSE,Non quality on net,Wrist
20252026,Regular,316,4-15-2026,New York,4,Toronto,6,shot,3,14:50,3290,1,2,,,72,255,,-1,280,211,4,FALSE,Non quality on net,Default
20252026,Regular,316,4-15-2026,New York,4,Toronto,6,shot,3,14:53,3293,1,2,,,66,103,,-1,229,211,4,TRUE,Non quality goal,Backhand
20252026,Regular,316,4-15-2026,New York,4,Toronto,6,shot,3,15:33,3333,2,2,,,472,185,,0,26,228,6,FALSE,Quality on net,Snap
20252026,Regular,316,4-15-2026,New York,4,Toronto,6,shot,3,16:03,3363,2,2,,,55,151,,0,280,211,4,TRUE,Quality goal,Tip
20252026,Regular,316,4-15-2026,New York,4,Toronto,6,shot,3,16:29,3389,3,2,,,122,116,,1,205,211,4,FALSE,Quality on net,Wrist
20252026,Regular,317,4-15-2026,Boston,1,Minnesota,2,shot,1,3:06,186,0,0,,,518,263,,0,21,6,2,FALSE,Non quality on net,Wrist
20252026,Regular,317,4-15-2026,Boston,1,Minnesota,2,shot,1,4:55,295,0,0,,,141,225,,0,36,22,1,TRUE,Quality goal,Snap
20252026,Regular,317,4-15-2026,Boston,1,Minnesota,2,shot,1,10:03,603,1,0,,,333,286,,-1,236,6,2,FALSE,Non quality on net,Wrist
20252026,Regular,317,4-15-2026,Boston,1,Minnesota,2,shot,1,13:03,783,1,0,,,544,279,,-1,189,6,2,FALSE,Non quality on net,Backhand
20252026,Regular,317,4-15-2026,Boston,1,Minnesota,2,shot,1,13:56,836,1,0,,,530,98,,-1,37,6,2,FALSE,Non quality on net,Wrist
20252026,Regular,317,4-15-2026,Boston,1,Minnesota,2,shot,1,16:35,995,1,0,,,87,98,,1,255,22,1,FALSE,Quality on net,Snap
20252026,Regular,317,4-15-2026,Boston,1,Minnesota,2,shot,1,17:06,1026,1,0,,,360,171,,-1,37,6,2,FALSE,Non quality on net,Wrist
20252026,Regular,317,4-15-2026,Boston,1,Minnesota,2,shot,1,17:18,1038,1,0,,,52,202,,1,183,22,1,FALSE,Non quality on net,Wrist
20252026,Regular,317,4-15-2026,Boston,1,Minnesota,2,shot,1,17:59,1079,1,0,,,129,265,,1,12,22,1,FALSE,Non quality on net,Wrist
20252026,Regular,317,4-15-2026,Boston,1,Minnesota,2,shot,1,19:02,1142,1,0,,,136,30,,1,255,22,1,FALSE,Non quality on net,Snap
20252026,Regular,317,4-15-2026,Boston,1,Minnesota,2,shot,2,0:22,1222,1,0,,,397,90,,-1,60,6,2,FALSE,Non quality on net,Wrist
20252026,Regular,317,4-15-2026,Boston,1,Minnesota,2,shot,2,1:38,1298,1,0,,,546,212,,-1,189,6,2,FALSE,Non quality on net,Backhand
20252026,Regular,317,4-15-2026,Boston,1,Minnesota,2,shot,2,2:23,1343,1,0,,,437,75,,-1,37,6,2,FALSE,Non quality on net,Wrist
20252026,Regular,317,4-15-2026,Boston,1,Minnesota,2,shot,2,3:06,1386,1,0,,,114,43,,1,246,22,1,FALSE,Non quality on net,Wrist
20252026,Regular,317,4-15-2026,Boston,1,Minnesota,2,shot,2,5:51,1551,1,0,,,116,17,,1,16,22,1,FALSE,Non quality on net,Wrist
20252026,Regular,317,4-15-2026,Boston,1,Minnesota,2,shot,2,6:02,1562,1,0,,,78,170,,1,78,22,1,FALSE,Quality on net,Snap
20252026,Regular,317,4-15-2026,Boston,1,Minnesota,2,shot,2,6:09,1569,1,0,,,79,25,,1,78,22,1,FALSE,Non quality on net,Tip
20252026,Regular,317,4-15-2026,Boston,1,Minnesota,2,shot,2,6:23,1583,1,0,,,141,201,,1,12,22,1,FALSE,Quality on net,Slap
20252026,Regular,317,4-15-2026,Boston,1,Minnesota,2,shot,2,6:37,1597,1,0,,,197,143,,1,246,22,1,FALSE,Non quality on net,Wrist
20252026,Regular,317,4-15-2026,Boston,1,Minnesota,2,shot,2,6:39,1599,1,0,,,47,195,,1,36,22,1,TRUE,Non quality goal,Wrist
20252026,Regular,317,4-15-2026,Boston,1,Minnesota,2,shot,2,8:55,1735,2,0,,,93,135,,2,1,22,1,FALSE,Quality on net,Wrist
20252026,Regular,317,4-15-2026,Boston,1,Minnesota,2,shot,2,10:09,1809,2,0,,,40,175,,2,149,22,1,FALSE,Non quality on net,Wrist
20252026,Regular,317,4-15-2026,Boston,1,Minnesota,2,shot,2,10:53,1853,2,0,,,506,91,,-2,21,6,2,FALSE,Quality on net,Wrist
20252026,Regular,317,4-15-2026,Boston,1,Minnesota,2,shot,2,11:37,1897,2,0,,,519,199,,-2,24,6,2,FALSE,Quality on net,Snap
20252026,Regular,317,4-15-2026,Boston,1,Minnesota,2,shot,2,11:54,1914,2,0,,,400,171,,-2,188,6,2,FALSE,Non quality on net,Slap
20252026,Regular,317,4-15-2026,Boston,1,Minnesota,2,shot,2,12:27,1947,2,0,,,88,51,,2,16,22,1,FALSE,Non quality on net,Wrist
20252026,Regular,317,4-15-2026,Boston,1,Minnesota,2,shot,2,12:33,1953,2,0,,,53,21,,2,149,22,1,FALSE,Non quality on net,Wrist
20252026,Regular,317,4-15-2026,Boston,1,Minnesota,2,shot,2,13:14,1994,2,0,,,123,109,,2,12,22,1,FALSE,Quality on net,Wrist
20252026,Regular,317,4-15-2026,Boston,1,Minnesota,2,shot,2,18:48,2328,2,0,,,549,28,,-2,189,6,2,FALSE,Non quality on net,Wrist
20252026,Regular,317,4-15-2026,Boston,1,Minnesota,2,shot,3,0:13,2413,2,0,,,99,170,,2,183,22,1,FALSE,Quality on net,Wrist
20252026,Regular,317,4-15-2026,Boston,1,Minnesota,2,shot,3,0:56,2456,2,0,,,256,34,,2,259,22,1,FALSE,Non quality on net,Wrist
20252026,Regular,317,4-15-2026,Boston,1,Minnesota,2,shot,3,2:03,2523,2,0,,,393,125,,-2,264,6,2,FALSE,Non quality on net,Slap
20252026,Regular,317,4-15-2026,Boston,1,Minnesota,2,shot,3,3:14,2594,2,0,,,149,69,,2,246,22,1,FALSE,Non quality on net,Wrist
20252026,Regular,317,4-15-2026,Boston,1,Minnesota,2,shot,3,4:01,2641,2,0,,,437,272,,-2,236,6,2,TRUE,Non quality goal,Wrist
20252026,Regular,317,4-15-2026,Boston,1,Minnesota,2,shot,3,5:01,2701,2,1,,,98,94,,1,1,22,1,FALSE,Quality on net,Wrist
20252026,Regular,317,4-15-2026,Boston,1,Minnesota,2,shot,3,5:37,2737,2,1,,,67,105,,1,36,22,1,FALSE,Non quality on net,Wrist
20252026,Regular,317,4-15-2026,Boston,1,Minnesota,2,shot,3,6:07,2767,2,1,,,48,195,,1,259,22,1,FALSE,Non quality on net,Wrist
20252026,Regular,317,4-15-2026,Boston,1,Minnesota,2,shot,3,6:09,2769,2,1,,,69,171,,1,15,22,1,TRUE,Quality goal,Wrist
20252026,Regular,317,4-15-2026,Boston,1,Minnesota,2,shot,3,6:15,2775,3,1,,,273,222,,2,185,22,1,FALSE,Non quality on net,Wrist
20252026,Regular,317,4-15-2026,Boston,1,Minnesota,2,shot,3,7:07,2827,3,1,,,87,93,,2,243,22,1,FALSE,Quality on net,Backhand
20252026,Regular,317,4-15-2026,Boston,1,Minnesota,2,shot,3,7:35,2855,3,1,,,400,57,,-2,60,6,2,FALSE,Non quality on net,Wrist
20252026,Regular,317,4-15-2026,Boston,1,Minnesota,2,shot,3,10:03,3003,3,1,,,348,123,,-2,236,6,2,FALSE,Non quality on net,Wrist
20252026,Regular,317,4-15-2026,Boston,1,Minnesota,2,shot,3,10:16,3016,3,1,,,114,105,,2,97,22,1,FALSE,Quality on net,Wrist
20252026,Regular,317,4-15-2026,Boston,1,Minnesota,2,shot,3,10:23,3023,3,1,,,67,133,,2,36,22,1,FALSE,Quality on net,Tip
20252026,Regular,317,4-15-2026,Boston,1,Minnesota,2,shot,3,11:30,3090,3,1,,,78,93,,2,8,22,1,FALSE,Non quality on net,Wrist
20252026,Regular,317,4-15-2026,Boston,1,Minnesota,2,shot,3,13:13,3193,3,1,,,58,141,,2,1,22,1,FALSE,Quality on net,Snap
20252026,Regular,317,4-15-2026,Boston,1,Minnesota,2,shot,3,13:15,3195,3,1,,,122,147,,2,243,22,1,FALSE,Quality on net,Tip
20252026,Regular,317,4-15-2026,Boston,1,Minnesota,2,shot,3,13:42,3222,3,1,,,539,198,,-2,20,6,2,FALSE,Non quality on net,Wrist
20252026,Regular,317,4-15-2026,Boston,1,Minnesota,2,shot,3,14:07,3247,3,1,,,99,205,,2,36,22,1,FALSE,Quality on net,Slap
20252026,Regular,317,4-15-2026,Boston,1,Minnesota,2,shot,3,14:42,3282,3,1,,,124,256,,2,36,22,1,FALSE,Non quality on net,Slap
20252026,Regular,317,4-15-2026,Boston,1,Minnesota,2,shot,3,14:48,3288,3,1,,,120,75,,2,12,22,1,FALSE,Quality on net,Slap
20252026,Regular,317,4-15-2026,Boston,1,Minnesota,2,shot,3,15:36,3336,3,1,,,53,148,,2,183,22,1,FALSE,Quality on net,Wrist
20252026,Regular,317,4-15-2026,Boston,1,Minnesota,2,shot,3,15:59,3359,3,1,,,489,185,,-2,21,6,2,FALSE,Quality on net,Wrist
20252026,Regular,317,4-15-2026,Boston,1,Minnesota,2,shot,3,16:09,3369,3,1,,,476,69,,-2,21,6,2,FALSE,Non quality on net,Slap
20252026,Regular,317,4-15-2026,Boston,1,Minnesota,2,shot,3,16:59,3419,3,1,,,152,177,,2,185,22,1,FALSE,Non quality on net,Slap
20252026,Regular,317,4-15-2026,Boston,1,Minnesota,2,shot,3,17:18,3438,3,1,,,513,155,,-2,188,6,2,FALSE,Quality on net,Snap
20252026,Regular,317,4-15-2026,Boston,1,Minnesota,2,shot,3,18:24,3504,3,1,,,517,163,,-2,189,6,2,TRUE,Quality goal,Tip
20252026,Regular,317,4-15-2026,Boston,1,Minnesota,2,shot,3,19:55,3595,3,2,,,459,27,,-1,23,6,2,FALSE,Non quality on net,Wrist
20252026,Regular,318,4-17-2026,Montréal,3,Boston,1,shot,1,0:39,39,0,0,,,501,218,,0,259,28,1,FALSE,Quality on net,Wrist
20252026,Regular,318,4-17-2026,Montréal,3,Boston,1,shot,1,2:59,179,0,0,,,70,158,,0,35,41,3,TRUE,Quality goal,Tip
20252026,Regular,318,4-17-2026,Montréal,3,Boston,1,shot,1,6:02,362,1,0,,,80,285,,1,201,41,3,FALSE,Non quality on net,Wrist
20252026,Regular,318,4-17-2026,Montréal,3,Boston,1,shot,1,6:03,363,1,0,,,60,138,,1,128,41,3,TRUE,Quality goal,Wrist
20252026,Regular,318,4-17-2026,Montréal,3,Boston,1,shot,1,8:19,499,2,0,,,48,176,,2,42,41,3,FALSE,Non quality on net,Snap
20252026,Regular,318,4-17-2026,Montréal,3,Boston,1,shot,1,8:21,501,2,0,,,50,171,,2,42,41,3,FALSE,Quality on net,Snap
20252026,Regular,318,4-17-2026,Montréal,3,Boston,1,shot,1,10:14,614,2,0,,,483,191,,-2,259,28,1,FALSE,Quality on net,Wrist
20252026,Regular,318,4-17-2026,Montréal,3,Boston,1,shot,1,11:02,662,2,0,,,40,275,,2,84,41,3,FALSE,Non quality on net,Wrist
20252026,Regular,318,4-17-2026,Montréal,3,Boston,1,shot,1,11:10,670,2,0,,,172,231,,2,42,41,3,FALSE,Non quality on net,Wrist
20252026,Regular,318,4-17-2026,Montréal,3,Boston,1,shot,1,11:50,710,2,0,,,48,24,,2,42,41,3,FALSE,Non quality on net,Wrist
20252026,Regular,318,4-17-2026,Montréal,3,Boston,1,shot,1,11:51,711,2,0,,,53,138,,2,157,41,3,FALSE,Quality on net,Wrist
20252026,Regular,318,4-17-2026,Montréal,3,Boston,1,shot,1,11:59,719,2,0,,,173,131,,2,35,41,3,FALSE,Non quality on net,Wrist
20252026,Regular,318,4-17-2026,Montréal,3,Boston,1,shot,1,12:14,734,2,0,,,86,96,,2,272,41,3,FALSE,Quality on net,Tip
20252026,Regular,318,4-17-2026,Montréal,3,Boston,1,shot,1,12:55,775,2,0,,,393,27,,-2,185,28,1,FALSE,Non quality on net,Wrist
20252026,Regular,318,4-17-2026,Montréal,3,Boston,1,shot,1,16:22,982,2,0,,,92,122,,2,4,41,3,FALSE,Quality on net,Tip
20252026,Regular,318,4-17-2026,Montréal,3,Boston,1,shot,1,16:35,995,2,0,,,519,106,,-2,243,28,1,FALSE,Quality on net,Wrist
20252026,Regular,318,4-17-2026,Montréal,3,Boston,1,shot,1,19:57,1197,2,0,,,423,251,,-2,182,28,1,FALSE,Non quality on net,Wrist
20252026,Regular,318,4-17-2026,Montréal,3,Boston,1,shot,2,0:26,1226,2,0,,,70,91,,2,35,41,3,FALSE,Non quality on net,Backhand
20252026,Regular,318,4-17-2026,Montréal,3,Boston,1,shot,2,2:13,1333,2,0,,,95,51,,2,42,41,3,FALSE,Non quality on net,Slap
20252026,Regular,318,4-17-2026,Montréal,3,Boston,1,shot,2,3:18,1398,2,0,,,553,226,,-2,1,28,1,FALSE,Non quality on net,Snap
20252026,Regular,318,4-17-2026,Montréal,3,Boston,1,shot,2,3:20,1400,2,0,,,514,160,,-2,183,28,1,FALSE,Quality on net,Snap
20252026,Regular,318,4-17-2026,Montréal,3,Boston,1,shot,2,3:50,1430,2,0,,,107,191,,2,35,41,3,FALSE,Quality on net,Wrist
20252026,Regular,318,4-17-2026,Montréal,3,Boston,1,shot,2,4:55,1495,2,0,,,191,133,,2,42,41,3,FALSE,Non quality on net,Snap
20252026,Regular,318,4-17-2026,Montréal,3,Boston,1,shot,2,5:51,1551,2,0,,,117,175,,2,201,41,3,FALSE,Quality on net,Snap
20252026,Regular,318,4-17-2026,Montréal,3,Boston,1,shot,2,6:15,1575,2,0,,,64,165,,2,274,41,3,FALSE,Quality on net,Wrist
20252026,Regular,318,4-17-2026,Montréal,3,Boston,1,shot,2,6:43,1603,2,0,,,190,89,,2,272,41,3,FALSE,Non quality on net,Snap
20252026,Regular,318,4-17-2026,Montréal,3,Boston,1,shot,2,8:15,1695,2,0,,,168,219,,2,5,41,3,FALSE,Non quality on net,Slap
20252026,Regular,318,4-17-2026,Montréal,3,Boston,1,shot,2,9:27,1767,2,0,,,64,125,,2,128,41,3,FALSE,Quality on net,Wrist
20252026,Regular,318,4-17-2026,Montréal,3,Boston,1,shot,2,9:53,1793,2,0,,,87,163,,2,253,41,3,FALSE,Quality on net,Tip
20252026,Regular,318,4-17-2026,Montréal,3,Boston,1,shot,2,11:27,1887,2,0,,,265,248,,2,157,41,3,FALSE,Non quality on net,Tip
20252026,Regular,318,4-17-2026,Montréal,3,Boston,1,shot,2,12:02,1922,2,0,,,476,280,,2,5,41,3,FALSE,Non quality on net,Wrist
20252026,Regular,318,4-17-2026,Montréal,3,Boston,1,shot,2,13:01,1981,2,0,,,524,198,,-2,12,28,1,FALSE,Quality on net,Wrist
20252026,Regular,318,4-17-2026,Montréal,3,Boston,1,shot,2,13:47,2027,2,0,,,483,121,,-2,12,28,1,FALSE,Quality on net,Wrist
20252026,Regular,318,4-17-2026,Montréal,3,Boston,1,shot,2,14:53,2093,2,0,,,500,97,,-2,18,28,1,FALSE,Quality on net,Wrist
20252026,Regular,318,4-17-2026,Montréal,3,Boston,1,shot,2,15:18,2118,2,0,,,491,81,,-2,246,28,1,FALSE,Quality on net,Wrist
20252026,Regular,318,4-17-2026,Montréal,3,Boston,1,shot,2,16:20,2180,2,0,,,299,163,,-2,149,28,1,FALSE,Non quality on net,Backhand
20252026,Regular,318,4-17-2026,Montréal,3,Boston,1,shot,2,16:34,2194,2,0,,,550,55,,-2,16,28,1,FALSE,Non quality on net,Wrist
20252026,Regular,318,4-17-2026,Montréal,3,Boston,1,shot,2,18:19,2299,2,0,,,548,177,,-2,246,28,1,FALSE,Quality on net,Wrist
20252026,Regular,318,4-17-2026,Montréal,3,Boston,1,shot,2,18:51,2331,2,0,,,513,153,,-2,36,28,1,TRUE,Quality goal,Default
20252026,Regular,318,4-17-2026,Montréal,3,Boston,1,shot,2,19:27,2367,2,1,,,546,96,,-1,243,28,1,FALSE,Non quality on net,Wrist
20252026,Regular,318,4-17-2026,Montréal,3,Boston,1,shot,3,1:35,2495,2,1,,,543,104,,-1,183,28,1,FALSE,Non quality on net,Snap
20252026,Regular,318,4-17-2026,Montréal,3,Boston,1,shot,3,1:40,2500,2,1,,,435,182,,-1,259,28,1,FALSE,Non quality on net,Snap
20252026,Regular,318,4-17-2026,Montréal,3,Boston,1,shot,3,2:40,2560,2,1,,,188,150,,1,253,41,3,FALSE,Non quality on net,Snap
20252026,Regular,318,4-17-2026,Montréal,3,Boston,1,shot,3,4:36,2676,2,1,,,543,174,,-1,97,28,1,FALSE,Quality on net,Tip
20252026,Regular,318,4-17-2026,Montréal,3,Boston,1,shot,3,5:29,2729,2,1,,,212,148,,1,83,41,3,FALSE,Non quality on net,Slap
20252026,Regular,318,4-17-2026,Montréal,3,Boston,1,shot,3,6:06,2766,2,1,,,207,54,,1,79,41,3,FALSE,Non quality on net,Snap
20252026,Regular,318,4-17-2026,Montréal,3,Boston,1,shot,3,7:36,2856,2,1,,,125,141,,1,253,41,3,FALSE,Quality on net,Wrist
20252026,Regular,318,4-17-2026,Montréal,3,Boston,1,shot,3,8:26,2906,2,1,,,499,12,,-1,243,28,1,FALSE,Non quality on net,Wrist
20252026,Regular,318,4-17-2026,Montréal,3,Boston,1,shot,3,9:11,2951,2,1,,,543,207,,-1,246,28,1,FALSE,Non quality on net,Wrist
20252026,Regular,318,4-17-2026,Montréal,3,Boston,1,shot,3,9:41,2981,2,1,,,466,129,,-1,185,28,1,TRUE,Quality goal,Default
20252026,Regular,318,4-17-2026,Montréal,3,Boston,1,shot,3,14:29,3269,2,2,,,465,232,,0,183,28,1,FALSE,Non quality on net,Snap
20252026,Regular,318,4-17-2026,Montréal,3,Boston,1,shot,3,16:38,3398,2,2,,,535,157,,0,97,28,1,FALSE,Quality on net,Snap
20252026,Regular,318,4-17-2026,Montréal,3,Boston,1,shot,3,17:00,3420,2,2,,,553,119,,0,36,28,1,FALSE,Non quality on net,Snap
20252026,Regular,318,4-17-2026,Montréal,3,Boston,1,shot,3,17:33,3453,2,2,,,424,229,,0,183,28,1,FALSE,Non quality on net,Wrist
20252026,Regular,318,4-17-2026,Montréal,3,Boston,1,shot,3,17:50,3470,2,2,,,431,36,,0,185,28,1,FALSE,Non quality on net,Wrist
20252026,Regular,318,4-17-2026,Montréal,3,Boston,1,shot,3,17:56,3476,2,2,,,452,101,,0,183,28,1,FALSE,Non quality on net,Wrist
20252026,Regular,318,4-17-2026,Montréal,3,Boston,1,shot,3,19:56,3596,2,2,,,195,267,,0,199,41,3,FALSE,Non quality on net,Wrist
20252026,Regular,318,4-17-2026,Montréal,3,Boston,1,shot,3,19:58,3598,2,2,,,53,191,,0,201,41,3,FALSE,Non quality on net,Snap
20252026,Regular,318,4-17-2026,Montréal,3,Boston,1,shot,4,0:38,3638,2,2,,,144,115,,0,253,41,3,TRUE,Quality goal,Wrist
20252026,Regular,319,4-18-2026,Ottawa,5,New York,4,shot,1,0:14,14,0,0,,,88,158,,0,57,228,5,FALSE,Quality on net,Default
20252026,Regular,319,4-18-2026,Ottawa,5,New York,4,shot,1,0:28,28,0,0,,,473,105,,0,249,222,4,FALSE,Quality on net,Default
20252026,Regular,319,4-18-2026,Ottawa,5,New York,4,shot,1,1:22,82,0,0,,,69,237,,0,115,228,5,FALSE,Non quality on net,Default
20252026,Regular,319,4-18-2026,Ottawa,5,New York,4,shot,1,3:32,212,0,0,,,109,39,,0,241,228,5,FALSE,Non quality on net,Default
20252026,Regular,319,4-18-2026,Ottawa,5,New York,4,shot,1,4:00,240,0,0,,,200,24,,0,241,228,5,FALSE,Non quality on net,Default
20252026,Regular,319,4-18-2026,Ottawa,5,New York,4,shot,1,4:23,263,0,0,,,61,148,,0,72,228,5,FALSE,Quality on net,Default
20252026,Regular,319,4-18-2026,Ottawa,5,New York,4,shot,1,7:04,424,0,0,,,89,139,,0,53,228,5,FALSE,Quality on net,Default
20252026,Regular,319,4-18-2026,Ottawa,5,New York,4,shot,1,7:53,473,0,0,,,187,249,,0,118,228,5,FALSE,Non quality on net,Default
20252026,Regular,319,4-18-2026,Ottawa,5,New York,4,shot,1,9:17,557,0,0,,,531,149,,0,285,222,4,FALSE,Quality on net,Default
20252026,Regular,319,4-18-2026,Ottawa,5,New York,4,shot,1,9:22,562,0,0,,,217,133,,0,240,228,5,FALSE,Non quality on net,Default
20252026,Regular,319,4-18-2026,Ottawa,5,New York,4,shot,1,10:06,606,0,0,,,505,174,,0,283,222,4,FALSE,Quality on net,Default
20252026,Regular,319,4-18-2026,Ottawa,5,New York,4,shot,1,10:23,623,0,0,,,528,114,,0,205,222,4,FALSE,Quality on net,Default
20252026,Regular,319,4-18-2026,Ottawa,5,New York,4,shot,1,11:44,704,0,0,,,510,171,,0,40,222,4,TRUE,Quality goal,Default
20252026,Regular,319,4-18-2026,Ottawa,5,New York,4,shot,1,11:48,708,0,1,,,465,207,,1,285,222,4,FALSE,Quality on net,Default
20252026,Regular,319,4-18-2026,Ottawa,5,New York,4,shot,1,12:00,720,0,1,,,555,57,,1,285,222,4,FALSE,Non quality on net,Default
20252026,Regular,319,4-18-2026,Ottawa,5,New York,4,shot,1,14:23,863,0,1,,,525,182,,1,280,222,4,FALSE,Quality on net,Default
20252026,Regular,319,4-18-2026,Ottawa,5,New York,4,shot,1,15:58,958,0,1,,,184,138,,-1,115,228,5,FALSE,Non quality on net,Default
20252026,Regular,319,4-18-2026,Ottawa,5,New York,4,shot,1,18:13,1093,0,1,,,183,256,,-1,118,228,5,FALSE,Non quality on net,Default
20252026,Regular,319,4-18-2026,Ottawa,5,New York,4,shot,1,18:22,1102,0,1,,,49,194,,-1,241,228,5,FALSE,Non quality on net,Default
20252026,Regular,319,4-18-2026,Ottawa,5,New York,4,shot,1,18:59,1139,0,1,,,54,130,,-1,72,228,5,TRUE,Quality goal,Default
20252026,Regular,319,4-18-2026,Ottawa,5,New York,4,shot,2,2:30,1350,1,1,,,116,153,,0,115,228,5,FALSE,Quality on net,Default
20252026,Regular,319,4-18-2026,Ottawa,5,New York,4,shot,2,2:41,1361,1,1,,,498,177,,0,285,222,4,FALSE,Quality on net,Default
20252026,Regular,319,4-18-2026,Ottawa,5,New York,4,shot,2,2:49,1369,1,1,,,549,171,,0,285,222,4,FALSE,Quality on net,Default
20252026,Regular,319,4-18-2026,Ottawa,5,New York,4,shot,2,3:14,1394,1,1,,,466,126,,0,249,222,4,FALSE,Quality on net,Default
20252026,Regular,319,4-18-2026,Ottawa,5,New York,4,shot,2,6:11,1571,1,1,,,381,154,,0,87,222,4,FALSE,Non quality on net,Default
20252026,Regular,319,4-18-2026,Ottawa,5,New York,4,shot,2,7:36,1656,1,1,,,545,227,,0,280,222,4,FALSE,Non quality on net,Default
20252026,Regular,319,4-18-2026,Ottawa,5,New York,4,shot,2,7:53,1673,1,1,,,106,93,,0,58,228,5,FALSE,Quality on net,Default
20252026,Regular,319,4-18-2026,Ottawa,5,New York,4,shot,2,7:54,1674,1,1,,,84,189,,0,71,228,5,TRUE,Quality goal,Default
20252026,Regular,319,4-18-2026,Ottawa,5,New York,4,shot,2,10:06,1806,2,1,,,509,203,,-1,205,222,4,FALSE,Quality on net,Default
20252026,Regular,319,4-18-2026,Ottawa,5,New York,4,shot,2,10:53,1853,2,1,,,105,127,,1,71,228,5,FALSE,Quality on net,Default
20252026,Regular,319,4-18-2026,Ottawa,5,New York,4,shot,2,11:02,1862,2,1,,,83,158,,1,241,228,5,FALSE,Quality on net,Default
20252026,Regular,319,4-18-2026,Ottawa,5,New York,4,shot,2,12:12,1932,2,1,,,88,88,,1,289,228,5,FALSE,Quality on net,Default
20252026,Regular,319,4-18-2026,Ottawa,5,New York,4,shot,2,13:20,2000,2,1,,,535,247,,-1,230,222,4,FALSE,Non quality on net,Default
20252026,Regular,319,4-18-2026,Ottawa,5,New York,4,shot,2,14:08,2048,2,1,,,44,138,,1,286,228,5,TRUE,Quality goal,Default
20252026,Regular,319,4-18-2026,Ottawa,5,New York,4,shot,2,15:35,2135,3,1,,,117,253,,2,286,228,5,FALSE,Non quality on net,Default
20252026,Regular,319,4-18-2026,Ottawa,5,New York,4,shot,2,15:40,2140,3,1,,,213,192,,2,286,228,5,FALSE,Non quality on net,Default
20252026,Regular,319,4-18-2026,Ottawa,5,New York,4,shot,2,17:44,2264,3,1,,,429,249,,-2,279,222,4,FALSE,Non quality on net,Default
20252026,Regular,319,4-18-2026,Ottawa,5,New York,4,shot,3,1:56,2516,3,1,,,488,111,,-2,229,222,4,FALSE,Quality on net,Default
20252026,Regular,319,4-18-2026,Ottawa,5,New York,4,shot,3,2:52,2572,3,1,,,66,155,,2,240,228,5,FALSE,Quality on net,Default
20252026,Regular,319,4-18-2026,Ottawa,5,New York,4,shot,3,3:15,2595,3,1,,,196,175,,2,223,228,5,TRUE,Non quality goal,Default
20252026,Regular,319,4-18-2026,Ottawa,5,New York,4,shot,3,3:26,2606,4,1,,,489,123,,-3,205,222,4,FALSE,Quality on net,Default
20252026,Regular,319,4-18-2026,Ottawa,5,New York,4,shot,3,3:53,2633,4,1,,,432,129,,-3,87,222,4,FALSE,Non quality on net,Default
20252026,Regular,319,4-18-2026,Ottawa,5,New York,4,shot,3,4:00,2640,4,1,,,422,62,,-3,285,222,4,FALSE,Non quality on net,Default
20252026,Regular,319,4-18-2026,Ottawa,5,New York,4,shot,3,5:47,2747,4,1,,,184,273,,3,118,228,5,FALSE,Non quality on net,Default
20252026,Regular,319,4-18-2026,Ottawa,5,New York,4,shot,3,7:03,2823,4,1,,,521,132,,-3,249,222,4,FALSE,Quality on net,Default
20252026,Regular,319,4-18-2026,Ottawa,5,New York,4,shot,3,9:16,2956,4,1,,,456,172,,-3,204,222,4,FALSE,Quality on net,Default
20252026,Regular,319,4-18-2026,Ottawa,5,New York,4,shot,3,10:42,3042,4,1,,,546,177,,-3,104,222,4,FALSE,Quality on net,Default
20252026,Regular,319,4-18-2026,Ottawa,5,New York,4,shot,3,12:28,3148,4,1,,,121,171,,3,58,228,5,TRUE,Quality goal,Default
20252026,Regular,319,4-18-2026,Ottawa,5,New York,4,shot,3,15:44,3344,5,1,,,555,129,,-4,40,222,4,FALSE,Quality on net,Default
20252026,Regular,319,4-18-2026,Ottawa,5,New York,4,shot,3,16:18,3378,5,1,,,79,158,,4,192,228,5,FALSE,Quality on net,Default
20252026,Regular,319,4-18-2026,Ottawa,5,New York,4,shot,3,17:28,3448,5,1,,,111,109,,4,72,228,5,FALSE,Quality on net,Default
20252026,Regular,319,4-18-2026,Ottawa,5,New York,4,shot,3,17:49,3469,5,1,,,86,39,,4,72,228,5,FALSE,Non quality on net,Default
20252026,Regular,319,4-18-2026,Ottawa,5,New York,4,shot,3,19:40,3580,5,1,,,135,140,,4,286,228,5,FALSE,Quality on net,Default
20252026,Regular,320,4-18-2026,Seattle,8,Vancouver,9,shot,1,0:22,22,0,0,,,421,36,,0,196,59,8,FALSE,Non quality on net,Wrist
20252026,Regular,320,4-18-2026,Seattle,8,Vancouver,9,shot,1,2:37,157,0,0,,,70,133,,0,62,59,8,FALSE,Quality on net,Wrist
20252026,Regular,320,4-18-2026,Seattle,8,Vancouver,9,shot,1,5:54,354,0,0,,,519,201,,0,161,134,9,FALSE,Quality on net,Default
20252026,Regular,320,4-18-2026,Seattle,8,Vancouver,9,shot,1,6:28,388,0,0,,,46,180,,0,17,59,8,FALSE,Non quality on net,Backhand
20252026,Regular,320,4-18-2026,Seattle,8,Vancouver,9,shot,1,6:36,396,0,0,,,139,194,,0,224,59,8,FALSE,Quality on net,Wrist
20252026,Regular,320,4-18-2026,Seattle,8,Vancouver,9,shot,1,7:11,431,0,0,,,442,27,,0,89,134,9,FALSE,Non quality on net,Wrist
20252026,Regular,320,4-18-2026,Seattle,8,Vancouver,9,shot,1,7:39,459,0,0,,,547,133,,0,114,134,9,FALSE,Quality on net,Wrist
20252026,Regular,320,4-18-2026,Seattle,8,Vancouver,9,shot,1,9:20,560,0,0,,,93,171,,0,34,59,8,FALSE,Quality on net,Snap
20252026,Regular,320,4-18-2026,Seattle,8,Vancouver,9,shot,1,9:44,584,0,0,,,527,194,,0,75,134,9,FALSE,Quality on net,Wrist
20252026,Regular,320,4-18-2026,Seattle,8,Vancouver,9,shot,1,10:08,608,0,0,,,331,237,,0,305,134,9,FALSE,Non quality on net,Wrist
20252026,Regular,320,4-18-2026,Seattle,8,Vancouver,9,shot,1,10:23,623,0,0,,,433,247,,0,305,134,9,FALSE,Non quality on net,Wrist
20252026,Regular,320,4-18-2026,Seattle,8,Vancouver,9,shot,1,12:44,764,0,0,,,481,134,,0,75,134,9,FALSE,Quality on net,Wrist
20252026,Regular,320,4-18-2026,Seattle,8,Vancouver,9,shot,1,13:11,791,0,0,,,56,148,,0,13,59,8,TRUE,Quality goal,Wrist
20252026,Regular,320,4-18-2026,Seattle,8,Vancouver,9,shot,1,13:11,791,1,0,,,129,60,,1,224,59,8,FALSE,Non quality on net,Wrist
20252026,Regular,320,4-18-2026,Seattle,8,Vancouver,9,shot,1,13:26,806,1,0,,,436,201,,-1,198,134,9,FALSE,Non quality on net,Wrist
20252026,Regular,320,4-18-2026,Seattle,8,Vancouver,9,shot,1,14:45,885,1,0,,,413,215,,-1,169,134,9,FALSE,Non quality on net,Wrist
20252026,Regular,320,4-18-2026,Seattle,8,Vancouver,9,shot,1,18:25,1105,1,0,,,167,215,,1,2,59,8,FALSE,Non quality on net,Wrist
20252026,Regular,320,4-18-2026,Seattle,8,Vancouver,9,shot,1,18:58,1138,1,0,,,189,248,,1,203,59,8,TRUE,Non quality goal,Wrist
20252026,Regular,320,4-18-2026,Seattle,8,Vancouver,9,shot,1,19:25,1165,2,0,,,537,239,,-2,161,134,9,FALSE,Non quality on net,Wrist
20252026,Regular,320,4-18-2026,Seattle,8,Vancouver,9,shot,2,0:18,1218,2,0,,,116,75,,2,156,64,8,FALSE,Quality on net,Wrist
20252026,Regular,320,4-18-2026,Seattle,8,Vancouver,9,shot,2,1:48,1308,2,0,,,87,115,,2,210,64,8,FALSE,Quality on net,Wrist
20252026,Regular,320,4-18-2026,Seattle,8,Vancouver,9,shot,2,3:44,1424,2,0,,,432,160,,-2,89,134,9,FALSE,Non quality on net,Wrist
20252026,Regular,320,4-18-2026,Seattle,8,Vancouver,9,shot,2,4:15,1455,2,0,,,462,164,,-2,75,134,9,FALSE,Quality on net,Wrist
20252026,Regular,320,4-18-2026,Seattle,8,Vancouver,9,shot,2,5:10,1510,2,0,,,500,193,,-2,75,134,9,FALSE,Quality on net,Wrist
20252026,Regular,320,4-18-2026,Seattle,8,Vancouver,9,shot,2,5:17,1517,2,0,,,545,257,,-2,50,134,9,FALSE,Non quality on net,Wrist
20252026,Regular,320,4-18-2026,Seattle,8,Vancouver,9,shot,2,6:29,1589,2,0,,,445,68,,-2,161,134,9,FALSE,Non quality on net,Slap
20252026,Regular,320,4-18-2026,Seattle,8,Vancouver,9,shot,2,6:41,1601,2,0,,,472,68,,-2,198,134,9,FALSE,Non quality on net,Slap
20252026,Regular,320,4-18-2026,Seattle,8,Vancouver,9,shot,2,7:13,1633,2,0,,,152,157,,2,34,64,8,FALSE,Non quality on net,Wrist
20252026,Regular,320,4-18-2026,Seattle,8,Vancouver,9,shot,2,7:40,1660,2,0,,,171,242,,2,13,64,8,FALSE,Non quality on net,Wrist
20252026,Regular,320,4-18-2026,Seattle,8,Vancouver,9,shot,2,8:26,1706,2,0,,,183,75,,2,208,64,8,FALSE,Non quality on net,Wrist
20252026,Regular,320,4-18-2026,Seattle,8,Vancouver,9,shot,2,8:56,1736,2,0,,,529,202,,-2,221,134,9,FALSE,Non quality on net,Wrist
20252026,Regular,320,4-18-2026,Seattle,8,Vancouver,9,shot,2,9:51,1791,2,0,,,60,221,,2,292,64,8,FALSE,Non quality on net,Backhand
20252026,Regular,320,4-18-2026,Seattle,8,Vancouver,9,shot,2,10:28,1828,2,0,,,484,165,,-2,114,134,9,FALSE,Quality on net,Wrist
20252026,Regular,320,4-18-2026,Seattle,8,Vancouver,9,shot,2,11:26,1886,2,0,,,385,184,,-2,50,134,9,FALSE,Non quality on net,Wrist
20252026,Regular,320,4-18-2026,Seattle,8,Vancouver,9,shot,2,11:29,1889,2,0,,,491,198,,-2,161,134,9,FALSE,Quality on net,Backhand
20252026,Regular,320,4-18-2026,Seattle,8,Vancouver,9,shot,2,14:17,2057,2,0,,,140,268,,2,142,64,8,FALSE,Non quality on net,Wrist
20252026,Regular,320,4-18-2026,Seattle,8,Vancouver,9,shot,2,15:21,2121,2,0,,,543,104,,-2,11,134,9,FALSE,Quality on net,Wrist
20252026,Regular,320,4-18-2026,Seattle,8,Vancouver,9,shot,2,15:27,2127,2,0,,,540,141,,-2,11,134,9,FALSE,Quality on net,Wrist
20252026,Regular,320,4-18-2026,Seattle,8,Vancouver,9,shot,2,17:32,2252,2,0,,,591,117,,-2,140,134,9,FALSE,Non quality on net,Wrist
20252026,Regular,320,4-18-2026,Seattle,8,Vancouver,9,shot,2,17:33,2253,2,0,,,527,156,,-2,248,134,9,FALSE,Quality on net,Wrist
20252026,Regular,320,4-18-2026,Seattle,8,Vancouver,9,shot,2,17:54,2274,2,0,,,143,76,,2,49,64,8,FALSE,Quality on net,Wrist
20252026,Regular,320,4-18-2026,Seattle,8,Vancouver,9,shot,2,18:14,2294,2,0,,,422,275,,-2,161,134,9,FALSE,Non quality on net,Tip
20252026,Regular,320,4-18-2026,Seattle,8,Vancouver,9,shot,2,19:05,2345,2,0,,,532,156,,-2,198,134,9,TRUE,Quality goal,Wrist
20252026,Regular,320,4-18-2026,Seattle,8,Vancouver,9,shot,2,19:53,2393,2,1,,,53,166,,1,224,64,8,FALSE,Quality on net,Backhand
20252026,Regular,320,4-18-2026,Seattle,8,Vancouver,9,shot,3,0:45,2445,2,1,,,472,159,,-1,220,134,9,FALSE,Quality on net,Snap
20252026,Regular,320,4-18-2026,Seattle,8,Vancouver,9,shot,3,3:04,2584,2,1,,,488,112,,-1,89,134,9,TRUE,Quality goal,Wrist
20252026,Regular,320,4-18-2026,Seattle,8,Vancouver,9,shot,3,5:18,2718,2,2,,,298,267,,0,224,64,8,FALSE,Non quality on net,Wrist
20252026,Regular,320,4-18-2026,Seattle,8,Vancouver,9,shot,3,8:37,2917,2,2,,,471,201,,0,305,134,9,FALSE,Quality on net,Wrist
20252026,Regular,320,4-18-2026,Seattle,8,Vancouver,9,shot,3,9:28,2968,2,2,,,462,139,,0,198,134,9,TRUE,Quality goal,Wrist
20252026,Regular,320,4-18-2026,Seattle,8,Vancouver,9,shot,3,10:07,3007,2,3,,,60,148,,-1,196,64,8,TRUE,Quality goal,Wrist
20252026,Regular,320,4-18-2026,Seattle,8,Vancouver,9,shot,3,11:09,3069,3,3,,,151,216,,0,203,64,8,TRUE,Non quality goal,Default
20252026,Regular,320,4-18-2026,Seattle,8,Vancouver,9,shot,3,11:58,3118,4,3,,,211,61,,1,196,64,8,FALSE,Non quality on net,Wrist
20252026,Regular,320,4-18-2026,Seattle,8,Vancouver,9,shot,3,12:23,3143,4,3,,,429,172,,-1,11,134,9,FALSE,Non quality on net,Wrist
20252026,Regular,320,4-18-2026,Seattle,8,Vancouver,9,shot,3,13:36,3216,4,3,,,64,168,,1,17,64,8,FALSE,Quality on net,Wrist
20252026,Regular,320,4-18-2026,Seattle,8,Vancouver,9,shot,3,13:48,3228,4,3,,,133,153,,1,17,64,8,FALSE,Quality on net,Wrist
20252026,Regular,320,4-18-2026,Seattle,8,Vancouver,9,shot,3,15:23,3323,4,3,,,494,173,,-1,252,134,9,FALSE,Quality on net,Wrist
20252026,Regular,320,4-18-2026,Seattle,8,Vancouver,9,shot,3,15:24,3324,4,3,,,533,125,,-1,310,134,9,FALSE,Quality on net,Wrist
20252026,Regular,320,4-18-2026,Seattle,8,Vancouver,9,shot,3,16:07,3367,4,3,,,123,150,,1,224,0,8,TRUE,Quality goal,Wrist
20252026,Regular,320,4-18-2026,Seattle,8,Vancouver,9,shot,3,16:29,3389,5,3,,,262,41,,2,196,64,8,FALSE,Non quality on net,Wrist
20252026,Regular,320,4-18-2026,Seattle,8,Vancouver,9,shot,3,16:46,3406,5,3,,,531,100,,-2,114,134,9,FALSE,Non quality on net,Backhand
20252026,Regular,320,4-18-2026,Seattle,8,Vancouver,9,shot,3,18:08,3488,5,3,,,410,283,,-2,305,134,9,FALSE,Non quality on net,Slap
20252026,Regular,320,4-18-2026,Seattle,8,Vancouver,9,shot,3,18:10,3490,5,3,,,557,173,,-2,252,134,9,FALSE,Non quality on net,Wrist
20252026,Regular,320,4-18-2026,Seattle,8,Vancouver,9,shot,3,18:11,3491,5,3,,,539,169,,-2,198,134,9,TRUE,Quality goal,Snap
20252026,Regular,320,4-18-2026,Seattle,8,Vancouver,9,shot,3,19:08,3548,5,4,,,495,210,,-1,11,134,9,FALSE,Quality on net,Wrist
20252026,Regular,320,4-18-2026,Seattle,8,Vancouver,9,shot,3,19:33,3573,5,4,,,434,162,,-1,169,134,9,FALSE,Non quality on net,Wrist
20252026,Regular,320,4-18-2026,Seattle,8,Vancouver,9,shot,3,19:58,3598,5,4,,,522,165,,-1,89,134,9,TRUE,Quality goal,Default
20252026,Regular,320,4-18-2026,Seattle,8,Vancouver,9,shot,4,0:40,3640,5,5,,,556,181,,0,89,134,9,FALSE,Non quality on net,Backhand
20252026,Regular,320,4-18-2026,Seattle,8,Vancouver,9,shot,4,0:52,3652,5,5,,,88,146,,0,198,134,9,TRUE,Quality goal,Tip
20252026,Regular,321,4-19-2026,Minnesota,2,Toronto,6,shot,1,0:34,34,0,0,,,68,27,,0,25,211,2,FALSE,Non quality on net,Wrist
20252026,Regular,321,4-19-2026,Minnesota,2,Toronto,6,shot,1,1:27,87,0,0,,,69,230,,0,191,211,2,FALSE,Non quality on net,Snap
20252026,Regular,321,4-19-2026,Minnesota,2,Toronto,6,shot,1,4:25,265,0,0,,,407,105,,0,56,123,6,TRUE,Non quality goal,Wrist
20252026,Regular,321,4-19-2026,Minnesota,2,Toronto,6,shot,1,6:46,406,0,1,,,69,165,,-1,20,211,2,FALSE,Quality on net,Backhand
20252026,Regular,321,4-19-2026,Minnesota,2,Toronto,6,shot,1,8:20,500,0,1,,,211,251,,-1,24,211,2,FALSE,Non quality on net,Wrist
20252026,Regular,321,4-19-2026,Minnesota,2,Toronto,6,shot,1,9:43,583,0,1,,,123,44,,-1,24,211,2,FALSE,Non quality on net,Wrist
20252026,Regular,321,4-19-2026,Minnesota,2,Toronto,6,shot,1,10:28,628,0,1,,,466,188,,1,76,123,6,FALSE,Quality on net,Wrist
20252026,Regular,321,4-19-2026,Minnesota,2,Toronto,6,shot,1,11:14,674,0,1,,,46,58,,-1,25,211,2,FALSE,Non quality on net,Wrist
20252026,Regular,321,4-19-2026,Minnesota,2,Toronto,6,shot,1,11:23,683,0,1,,,135,63,,-1,21,211,2,FALSE,Non quality on net,Wrist
20252026,Regular,321,4-19-2026,Minnesota,2,Toronto,6,shot,1,11:25,685,0,1,,,55,131,,-1,20,211,2,FALSE,Quality on net,Tip
20252026,Regular,321,4-19-2026,Minnesota,2,Toronto,6,shot,1,12:45,765,0,1,,,543,184,,1,100,123,6,FALSE,Non quality on net,Default
20252026,Regular,321,4-19-2026,Minnesota,2,Toronto,6,shot,1,13:54,834,0,1,,,533,178,,1,244,123,6,FALSE,Quality on net,Tip
20252026,Regular,321,4-19-2026,Minnesota,2,Toronto,6,shot,1,14:06,846,0,1,,,400,50,,1,44,123,6,FALSE,Non quality on net,Wrist
20252026,Regular,321,4-19-2026,Minnesota,2,Toronto,6,shot,1,14:38,878,0,1,,,495,195,,1,65,123,6,FALSE,Quality on net,Wrist
20252026,Regular,321,4-19-2026,Minnesota,2,Toronto,6,shot,1,14:42,882,0,1,,,516,141,,1,85,123,6,FALSE,Quality on net,Wrist
20252026,Regular,321,4-19-2026,Minnesota,2,Toronto,6,shot,1,16:24,984,0,1,,,104,162,,-1,25,211,2,FALSE,Quality on net,Snap
20252026,Regular,321,4-19-2026,Minnesota,2,Toronto,6,shot,1,19:37,1177,0,1,,,121,120,,-1,20,211,2,FALSE,Quality on net,Wrist
20252026,Regular,321,4-19-2026,Minnesota,2,Toronto,6,shot,1,20:00,1200,0,1,,,256,285,,-1,247,211,2,FALSE,Non quality on net,Wrist
20252026,Regular,321,4-19-2026,Minnesota,2,Toronto,6,shot,2,1:43,1303,0,1,,,545,99,,1,63,123,6,FALSE,Non quality on net,Wrist
20252026,Regular,321,4-19-2026,Minnesota,2,Toronto,6,shot,2,2:19,1339,0,1,,,92,93,,-1,189,211,2,FALSE,Quality on net,Wrist
20252026,Regular,321,4-19-2026,Minnesota,2,Toronto,6,shot,2,2:25,1345,0,1,,,64,116,,-1,189,211,2,FALSE,Quality on net,Snap
20252026,Regular,321,4-19-2026,Minnesota,2,Toronto,6,shot,2,3:28,1408,0,1,,,46,172,,-1,126,211,2,FALSE,Quality on net,Wrist
20252026,Regular,321,4-19-2026,Minnesota,2,Toronto,6,shot,2,4:16,1456,0,1,,,93,131,,-1,25,211,2,FALSE,Quality on net,Wrist
20252026,Regular,321,4-19-2026,Minnesota,2,Toronto,6,shot,2,6:14,1574,0,1,,,457,261,,1,26,123,6,FALSE,Non quality on net,Wrist
20252026,Regular,321,4-19-2026,Minnesota,2,Toronto,6,shot,2,7:53,1673,0,1,,,468,75,,1,76,123,6,FALSE,Quality on net,Wrist
20252026,Regular,321,4-19-2026,Minnesota,2,Toronto,6,shot,2,8:38,1718,0,1,,,45,139,,-1,247,211,2,FALSE,Quality on net,Tip
20252026,Regular,321,4-19-2026,Minnesota,2,Toronto,6,shot,2,9:29,1769,0,1,,,358,95,,1,200,123,6,FALSE,Non quality on net,Wrist
20252026,Regular,321,4-19-2026,Minnesota,2,Toronto,6,shot,2,9:44,1784,0,1,,,453,241,,1,86,123,6,FALSE,Non quality on net,Wrist
20252026,Regular,321,4-19-2026,Minnesota,2,Toronto,6,shot,2,12:32,1952,0,1,,,65,101,,-1,102,211,2,FALSE,Non quality on net,Wrist
20252026,Regular,321,4-19-2026,Minnesota,2,Toronto,6,shot,2,13:31,2011,0,1,,,205,52,,-1,90,211,2,FALSE,Non quality on net,Wrist
20252026,Regular,321,4-19-2026,Minnesota,2,Toronto,6,shot,2,14:39,2079,0,1,,,386,33,,1,73,123,6,FALSE,Non quality on net,Wrist
20252026,Regular,321,4-19-2026,Minnesota,2,Toronto,6,shot,2,15:42,2142,0,1,,,209,216,,-1,24,211,2,FALSE,Non quality on net,Wrist
20252026,Regular,321,4-19-2026,Minnesota,2,Toronto,6,shot,2,17:00,2220,0,1,,,510,210,,1,66,123,6,FALSE,Quality on net,Wrist
20252026,Regular,321,4-19-2026,Minnesota,2,Toronto,6,shot,2,18:07,2287,0,1,,,133,129,,-1,236,211,2,FALSE,Quality on net,Snap
20252026,Regular,321,4-19-2026,Minnesota,2,Toronto,6,shot,3,1:09,2469,0,1,,,136,187,,-1,20,211,2,FALSE,Quality on net,Snap
20252026,Regular,321,4-19-2026,Minnesota,2,Toronto,6,shot,3,1:52,2512,0,1,,,392,61,,1,311,123,6,FALSE,Non quality on net,Wrist
20252026,Regular,321,4-19-2026,Minnesota,2,Toronto,6,shot,3,2:32,2552,0,1,,,129,146,,-1,25,211,2,FALSE,Quality on net,Slap
20252026,Regular,321,4-19-2026,Minnesota,2,Toronto,6,shot,3,4:31,2671,0,1,,,503,154,,1,313,123,6,FALSE,Quality on net,Wrist
20252026,Regular,321,4-19-2026,Minnesota,2,Toronto,6,shot,3,5:39,2739,0,1,,,506,116,,1,66,123,6,FALSE,Quality on net,Wrist
20252026,Regular,321,4-19-2026,Minnesota,2,Toronto,6,shot,3,5:53,2753,0,1,,,362,26,,1,316,123,6,FALSE,Non quality on net,Wrist
20252026,Regular,321,4-19-2026,Minnesota,2,Toronto,6,shot,3,6:43,2803,0,1,,,533,144,,1,76,123,6,FALSE,Quality on net,Wrist
20252026,Regular,321,4-19-2026,Minnesota,2,Toronto,6,shot,3,6:59,2819,0,1,,,513,177,,1,76,123,6,FALSE,Quality on net,Slap
20252026,Regular,321,4-19-2026,Minnesota,2,Toronto,6,shot,3,7:31,2851,0,1,,,555,109,,1,66,123,6,FALSE,Non quality on net,Wrist
20252026,Regular,321,4-19-2026,Minnesota,2,Toronto,6,shot,3,16:03,3363,0,1,,,415,196,,1,68,123,6,FALSE,Non quality on net,Wrist
20252026,Regular,321,4-19-2026,Minnesota,2,Toronto,6,shot,3,16:29,3389,0,1,,,124,52,,-1,21,211,2,FALSE,Non quality on net,Slap
20252026,Regular,321,4-19-2026,Minnesota,2,Toronto,6,shot,3,17:59,3479,0,1,,,531,160,,1,76,123,6,FALSE,Quality on net,Backhand
20252026,Regular,321,4-19-2026,Minnesota,2,Toronto,6,shot,3,18:02,3482,0,1,,,537,159,,1,63,123,6,TRUE,Quality goal,Backhand
20252026,Regular,321,4-19-2026,Minnesota,2,Toronto,6,shot,3,19:26,3566,0,2,,,53,182,,-2,23,211,2,FALSE,Non quality on net,Wrist
20252026,Regular,322,4-21-2026,Toronto,6,New York,4,shot,1,0:59,59,0,0,,,423,82,,0,47,211,4,FALSE,Non quality on net,Snap
20252026,Regular,322,4-21-2026,Toronto,6,New York,4,shot,1,3:12,192,0,0,,,433,46,,0,277,211,4,FALSE,Non quality on net,Snap
20252026,Regular,322,4-21-2026,Toronto,6,New York,4,shot,1,4:40,280,0,0,,,459,237,,0,205,211,4,FALSE,Non quality on net,Wrist
20252026,Regular,322,4-21-2026,Toronto,6,New York,4,shot,1,5:17,317,0,0,,,429,226,,0,116,211,4,FALSE,Non quality on net,Snap
20252026,Regular,322,4-21-2026,Toronto,6,New York,4,shot,1,7:06,426,0,0,,,392,42,,0,285,211,4,FALSE,Non quality on net,Tip
20252026,Regular,322,4-21-2026,Toronto,6,New York,4,shot,1,7:27,447,0,0,,,105,275,,0,56,228,6,FALSE,Non quality on net,Snap
20252026,Regular,322,4-21-2026,Toronto,6,New York,4,shot,1,9:38,578,0,0,,,445,90,,0,104,211,4,FALSE,Non quality on net,Wrist
20252026,Regular,322,4-21-2026,Toronto,6,New York,4,shot,1,11:37,697,0,0,,,459,172,,0,45,211,4,FALSE,Quality on net,Wrist
20252026,Regular,322,4-21-2026,Toronto,6,New York,4,shot,1,11:48,708,0,0,,,572,201,,0,204,211,4,FALSE,Non quality on net,Wrist
20252026,Regular,322,4-21-2026,Toronto,6,New York,4,shot,1,12:30,750,0,0,,,83,242,,0,63,228,6,FALSE,Non quality on net,Snap
20252026,Regular,322,4-21-2026,Toronto,6,New York,4,shot,1,12:47,767,0,0,,,51,85,,0,44,228,6,FALSE,Non quality on net,Snap
20252026,Regular,322,4-21-2026,Toronto,6,New York,4,shot,1,14:23,863,0,0,,,523,228,,0,205,211,4,FALSE,Non quality on net,Wrist
20252026,Regular,322,4-21-2026,Toronto,6,New York,4,shot,1,15:29,929,0,0,,,128,64,,0,67,228,6,FALSE,Non quality on net,Wrist
20252026,Regular,322,4-21-2026,Toronto,6,New York,4,shot,1,17:51,1071,0,0,,,475,183,,0,40,211,4,FALSE,Quality on net,Wrist
20252026,Regular,322,4-21-2026,Toronto,6,New York,4,shot,1,18:02,1082,0,0,,,431,125,,0,205,211,4,FALSE,Non quality on net,Wrist
20252026,Regular,322,4-21-2026,Toronto,6,New York,4,shot,1,18:34,1114,0,0,,,549,93,,0,280,211,4,FALSE,Non quality on net,Wrist
20252026,Regular,322,4-21-2026,Toronto,6,New York,4,shot,2,0:28,1228,0,0,,,539,178,,0,205,211,4,FALSE,Quality on net,Wrist
20252026,Regular,322,4-21-2026,Toronto,6,New York,4,shot,2,2:08,1328,0,0,,,435,184,,0,207,211,4,FALSE,Non quality on net,Wrist
20252026,Regular,322,4-21-2026,Toronto,6,New York,4,shot,2,2:49,1369,0,0,,,494,84,,0,116,211,4,FALSE,Quality on net,Snap
20252026,Regular,322,4-21-2026,Toronto,6,New York,4,shot,2,4:04,1444,0,0,,,188,78,,0,317,228,6,FALSE,Non quality on net,Default
20252026,Regular,322,4-21-2026,Toronto,6,New York,4,shot,2,4:37,1477,0,0,,,141,230,,0,26,228,6,FALSE,Non quality on net,Wrist
20252026,Regular,322,4-21-2026,Toronto,6,New York,4,shot,2,4:54,1494,0,0,,,178,30,,0,200,228,6,FALSE,Non quality on net,Wrist
20252026,Regular,322,4-21-2026,Toronto,6,New York,4,shot,2,7:37,1657,0,0,,,403,116,,0,229,211,4,FALSE,Non quality on net,Wrist
20252026,Regular,322,4-21-2026,Toronto,6,New York,4,shot,2,9:04,1744,0,0,,,472,66,,0,87,211,4,FALSE,Non quality on net,Slap
20252026,Regular,322,4-21-2026,Toronto,6,New York,4,shot,2,14:21,2061,0,0,,,78,203,,0,317,228,6,FALSE,Quality on net,Wrist
20252026,Regular,322,4-21-2026,Toronto,6,New York,4,shot,2,16:33,2193,0,0,,,423,32,,0,87,211,4,FALSE,Non quality on net,Slap
20252026,Regular,322,4-21-2026,Toronto,6,New York,4,shot,2,18:34,2314,0,0,,,29,221,,0,73,228,6,FALSE,Non quality on net,Wrist
20252026,Regular,322,4-21-2026,Toronto,6,New York,4,shot,2,19:39,2379,0,0,,,461,265,,0,40,211,4,FALSE,Non quality on net,Wrist
20252026,Regular,322,4-21-2026,Toronto,6,New York,4,shot,2,19:51,2391,0,0,,,65,70,,0,313,228,6,FALSE,Non quality on net,Slap
20252026,Regular,322,4-21-2026,Toronto,6,New York,4,shot,3,0:45,2445,0,0,,,533,183,,0,280,211,4,FALSE,Quality on net,Wrist
20252026,Regular,322,4-21-2026,Toronto,6,New York,4,shot,3,0:59,2459,0,0,,,66,191,,0,56,228,6,FALSE,Quality on net,Slap
20252026,Regular,322,4-21-2026,Toronto,6,New York,4,shot,3,1:58,2518,0,0,,,84,221,,0,316,228,6,FALSE,Non quality on net,Slap
20252026,Regular,322,4-21-2026,Toronto,6,New York,4,shot,3,2:38,2558,0,0,,,148,69,,0,63,228,6,FALSE,Non quality on net,Wrist
20252026,Regular,322,4-21-2026,Toronto,6,New York,4,shot,3,2:57,2577,0,0,,,513,123,,0,285,211,4,FALSE,Quality on net,Slap
20252026,Regular,322,4-21-2026,Toronto,6,New York,4,shot,3,5:23,2723,0,0,,,67,215,,0,63,228,6,FALSE,Non quality on net,Wrist
20252026,Regular,322,4-21-2026,Toronto,6,New York,4,shot,3,5:31,2731,0,0,,,487,105,,0,205,211,4,FALSE,Quality on net,Default
20252026,Regular,322,4-21-2026,Toronto,6,New York,4,shot,3,5:44,2744,0,0,,,495,132,,0,40,211,4,FALSE,Quality on net,Wrist
20252026,Regular,322,4-21-2026,Toronto,6,New York,4,shot,3,6:21,2781,0,0,,,441,239,,0,249,211,4,FALSE,Non quality on net,Wrist
20252026,Regular,322,4-21-2026,Toronto,6,New York,4,shot,3,6:35,2795,0,0,,,519,92,,0,87,211,4,FALSE,Non quality on net,Slap
20252026,Regular,322,4-21-2026,Toronto,6,New York,4,shot,3,9:10,2950,0,0,,,84,85,,0,67,228,6,FALSE,Non quality on net,Default
20252026,Regular,322,4-21-2026,Toronto,6,New York,4,shot,3,9:40,2980,0,0,,,142,237,,0,56,228,6,FALSE,Non quality on net,Wrist
20252026,Regular,322,4-21-2026,Toronto,6,New York,4,shot,3,10:51,3051,0,0,,,441,261,,0,280,211,4,FALSE,Non quality on net,Wrist
20252026,Regular,322,4-21-2026,Toronto,6,New York,4,shot,3,12:21,3141,0,0,,,125,105,,0,67,228,6,FALSE,Quality on net,Wrist
20252026,Regular,322,4-21-2026,Toronto,6,New York,4,shot,3,14:30,3270,0,0,,,33,82,,0,76,228,6,FALSE,Non quality on net,Snap
20252026,Regular,322,4-21-2026,Toronto,6,New York,4,shot,3,15:29,3329,0,0,,,443,171,,0,40,211,4,FALSE,Non quality on net,Wrist
20252026,Regular,322,4-21-2026,Toronto,6,New York,4,shot,3,16:56,3416,0,0,,,77,89,,0,67,228,6,FALSE,Non quality on net,Wrist
20252026,Regular,322,4-21-2026,Toronto,6,New York,4,shot,3,18:25,3505,0,0,,,87,180,,0,63,228,6,FALSE,Quality on net,Wrist
20252026,Regular,322,4-21-2026,Toronto,6,New York,4,shot,3,19:43,3583,0,0,,,487,254,,0,205,211,4,FALSE,Non quality on net,Wrist
20252026,Regular,322,4-21-2026,Toronto,6,New York,4,shot,3,19:58,3598,0,0,,,524,237,,0,205,211,4,FALSE,Non quality on net,Wrist
20252026,Regular,322,4-21-2026,Toronto,6,New York,4,shot,4,0:11,3611,0,0,,,534,124,,0,249,211,4,FALSE,Quality on net,Wrist
20252026,Regular,322,4-21-2026,Toronto,6,New York,4,shot,4,0:14,3614,0,0,,,521,185,,0,87,211,4,FALSE,Quality on net,Wrist
20252026,Regular,322,4-21-2026,Toronto,6,New York,4,shot,4,2:07,3727,0,0,,,455,63,,0,30,211,4,FALSE,Non quality on net,Snap
20252026,Regular,322,4-21-2026,Toronto,6,New York,4,shot,4,2:24,3744,0,0,,,481,170,,0,311,228,6,FALSE,Quality on net,Snap
20252026,Regular,322,4-21-2026,Toronto,6,New York,4,shot,4,2:42,3762,0,0,,,525,179,,0,230,211,4,TRUE,Quality goal,Default
20252026,Regular,323,4-21-2026,Vancouver,9,Montréal,3,shot,1,6:27,387,0,0,,,471,190,,0,274,64,3,FALSE,Quality on net,Wrist
20252026,Regular,323,4-21-2026,Vancouver,9,Montréal,3,shot,1,8:16,496,0,0,,,492,125,,0,157,64,3,FALSE,Quality on net,Wrist
20252026,Regular,323,4-21-2026,Vancouver,9,Montréal,3,shot,1,10:25,625,0,0,,,75,189,,0,114,48,9,FALSE,Quality on net,Tip
20252026,Regular,323,4-21-2026,Vancouver,9,Montréal,3,shot,1,10:42,642,0,0,,,79,40,,0,161,48,9,FALSE,Non quality on net,Wrist
20252026,Regular,323,4-21-2026,Vancouver,9,Montréal,3,shot,1,13:05,785,0,0,,,471,78,,0,35,64,3,FALSE,Quality on net,Wrist
20252026,Regular,323,4-21-2026,Vancouver,9,Montréal,3,shot,1,13:28,808,0,0,,,85,154,,0,198,48,9,FALSE,Quality on net,Backhand
20252026,Regular,323,4-21-2026,Vancouver,9,Montréal,3,shot,1,13:48,828,0,0,,,511,160,,0,4,64,3,FALSE,Quality on net,Snap
20252026,Regular,323,4-21-2026,Vancouver,9,Montréal,3,shot,1,14:22,862,0,0,,,449,180,,0,272,64,3,FALSE,Non quality on net,Wrist
20252026,Regular,323,4-21-2026,Vancouver,9,Montréal,3,shot,1,15:12,912,0,0,,,95,140,,0,75,48,9,TRUE,Quality goal,Tip
20252026,Regular,323,4-21-2026,Vancouver,9,Montréal,3,shot,1,16:16,976,1,0,,,555,166,,-1,157,64,3,FALSE,Quality on net,Backhand
20252026,Regular,323,4-21-2026,Vancouver,9,Montréal,3,shot,1,16:26,986,1,0,,,409,128,,-1,253,64,3,FALSE,Non quality on net,Wrist
20252026,Regular,323,4-21-2026,Vancouver,9,Montréal,3,shot,1,16:31,991,1,0,,,495,172,,-1,201,64,3,FALSE,Quality on net,Wrist
20252026,Regular,323,4-21-2026,Vancouver,9,Montréal,3,shot,1,17:04,1024,1,0,,,386,126,,-1,201,64,3,FALSE,Non quality on net,Default
20252026,Regular,323,4-21-2026,Vancouver,9,Montréal,3,shot,1,17:22,1042,1,0,,,527,225,,-1,61,64,3,FALSE,Non quality on net,Wrist
20252026,Regular,323,4-21-2026,Vancouver,9,Montréal,3,shot,2,2:13,1333,1,0,,,145,138,,1,198,48,9,FALSE,Non quality on net,Default
20252026,Regular,323,4-21-2026,Vancouver,9,Montréal,3,shot,2,4:03,1443,1,0,,,117,64,,1,75,48,9,FALSE,Non quality on net,Wrist
20252026,Regular,323,4-21-2026,Vancouver,9,Montréal,3,shot,2,7:22,1642,1,0,,,443,55,,-1,5,64,3,FALSE,Non quality on net,Wrist
20252026,Regular,323,4-21-2026,Vancouver,9,Montréal,3,shot,2,7:56,1676,1,0,,,105,87,,1,89,48,9,FALSE,Quality on net,Wrist
20252026,Regular,323,4-21-2026,Vancouver,9,Montréal,3,shot,2,7:58,1678,1,0,,,63,133,,1,75,48,9,FALSE,Quality on net,Backhand
20252026,Regular,323,4-21-2026,Vancouver,9,Montréal,3,shot,2,9:25,1765,1,0,,,105,166,,1,50,48,9,TRUE,Quality goal,Default
20252026,Regular,323,4-21-2026,Vancouver,9,Montréal,3,shot,2,13:06,1986,2,0,,,185,135,,2,198,48,9,FALSE,Non quality on net,Wrist
20252026,Regular,323,4-21-2026,Vancouver,9,Montréal,3,shot,2,14:02,2042,2,0,,,486,200,,-2,32,64,3,FALSE,Quality on net,Wrist
20252026,Regular,323,4-21-2026,Vancouver,9,Montréal,3,shot,2,14:45,2085,2,0,,,557,171,,-2,4,64,3,FALSE,Non quality on net,Wrist
20252026,Regular,323,4-21-2026,Vancouver,9,Montréal,3,shot,2,15:33,2133,2,0,,,456,116,,-2,61,64,3,FALSE,Quality on net,Wrist
20252026,Regular,323,4-21-2026,Vancouver,9,Montréal,3,shot,2,18:45,2325,2,0,,,140,155,,2,198,48,9,FALSE,Quality on net,Snap
20252026,Regular,323,4-21-2026,Vancouver,9,Montréal,3,shot,2,19:04,2344,2,0,,,89,172,,2,89,48,9,FALSE,Quality on net,Tip
20252026,Regular,323,4-21-2026,Vancouver,9,Montréal,3,shot,2,19:06,2346,2,0,,,69,154,,2,129,48,9,FALSE,Quality on net,Backhand
20252026,Regular,323,4-21-2026,Vancouver,9,Montréal,3,shot,2,19:46,2386,2,0,,,45,269,,2,169,48,9,FALSE,Non quality on net,Wrist
20252026,Regular,323,4-21-2026,Vancouver,9,Montréal,3,shot,3,0:27,2427,2,0,,,539,71,,-2,79,64,3,FALSE,Non quality on net,Wrist
20252026,Regular,323,4-21-2026,Vancouver,9,Montréal,3,shot,3,0:54,2454,2,0,,,267,48,,2,114,48,9,FALSE,Non quality on net,Slap
20252026,Regular,323,4-21-2026,Vancouver,9,Montréal,3,shot,3,1:20,2480,2,0,,,553,81,,-2,42,64,3,FALSE,Non quality on net,Wrist
20252026,Regular,323,4-21-2026,Vancouver,9,Montréal,3,shot,3,1:31,2491,2,0,,,49,128,,2,161,48,9,TRUE,Quality goal,Default
20252026,Regular,323,4-21-2026,Vancouver,9,Montréal,3,shot,3,2:00,2520,3,0,,,360,257,,-3,201,64,3,FALSE,Non quality on net,Wrist
20252026,Regular,323,4-21-2026,Vancouver,9,Montréal,3,shot,3,3:14,2594,3,0,,,133,141,,3,161,48,9,FALSE,Quality on net,Wrist
20252026,Regular,323,4-21-2026,Vancouver,9,Montréal,3,shot,3,3:46,2626,3,0,,,529,139,,-3,4,64,3,FALSE,Quality on net,Tip
20252026,Regular,323,4-21-2026,Vancouver,9,Montréal,3,shot,3,5:06,2706,3,0,,,64,78,,3,169,48,9,TRUE,Non quality goal,Slap
20252026,Regular,323,4-21-2026,Vancouver,9,Montréal,3,shot,3,7:43,2863,4,0,,,326,146,,-4,42,64,3,FALSE,Non quality on net,Snap
20252026,Regular,323,4-21-2026,Vancouver,9,Montréal,3,shot,3,9:33,2973,4,0,,,536,55,,-4,84,64,3,FALSE,Non quality on net,Wrist
20252026,Regular,323,4-21-2026,Vancouver,9,Montréal,3,shot,3,12:00,3120,4,0,,,414,229,,-4,32,64,3,FALSE,Non quality on net,Default
20252026,Regular,323,4-21-2026,Vancouver,9,Montréal,3,shot,3,12:10,3130,4,0,,,506,165,,-4,61,64,3,TRUE,Quality goal,Tip
20252026,Regular,323,4-21-2026,Vancouver,9,Montréal,3,shot,3,12:10,3130,4,1,,,545,171,,-3,201,64,3,FALSE,Quality on net,Default
20252026,Regular,323,4-21-2026,Vancouver,9,Montréal,3,shot,3,13:26,3206,4,1,,,510,138,,-3,61,64,3,TRUE,Quality goal,Tip
20252026,Regular,323,4-21-2026,Vancouver,9,Montréal,3,shot,3,14:25,3265,4,2,,,472,119,,-2,201,64,3,FALSE,Quality on net,Default
20252026,Regular,323,4-21-2026,Vancouver,9,Montréal,3,shot,3,14:40,3280,4,2,,,436,220,,-2,83,64,3,FALSE,Non quality on net,Wrist
20252026,Regular,323,4-21-2026,Vancouver,9,Montréal,3,shot,3,14:54,3294,4,2,,,521,129,,-2,61,64,3,TRUE,Quality goal,Tip
20252026,Regular,323,4-21-2026,Vancouver,9,Montréal,3,shot,3,15:17,3317,4,3,,,511,121,,-1,199,64,3,FALSE,Quality on net,Default
20252026,Regular,323,4-21-2026,Vancouver,9,Montréal,3,shot,3,15:48,3348,4,3,,,41,117,,1,161,48,9,FALSE,Non quality on net,Wrist
20252026,Regular,323,4-21-2026,Vancouver,9,Montréal,3,shot,3,16:08,3368,4,3,,,103,231,,1,75,48,9,FALSE,Non quality on net,Wrist
20252026,Regular,323,4-21-2026,Vancouver,9,Montréal,3,shot,3,16:14,3374,4,3,,,141,66,,1,252,48,9,FALSE,Non quality on net,Default
20252026,Regular,323,4-21-2026,Vancouver,9,Montréal,3,shot,3,17:41,3461,4,3,,,206,41,,1,252,48,9,FALSE,Non quality on net,Slap
20252026,Regular,324,4-22-2026,Boston,1,Ottawa,5,shot,1,1:31,91,0,0,,,163,80,,0,182,222,1,FALSE,Non quality on net,Wrist
20252026,Regular,324,4-22-2026,Boston,1,Ottawa,5,shot,1,1:54,114,0,0,,,198,39,,0,255,222,1,FALSE,Non quality on net,Wrist
20252026,Regular,324,4-22-2026,Boston,1,Ottawa,5,shot,1,4:09,249,0,0,,,57,108,,0,8,222,1,FALSE,Non quality on net,Wrist
20252026,Regular,324,4-22-2026,Boston,1,Ottawa,5,shot,1,4:12,252,0,0,,,126,127,,0,255,222,1,FALSE,Quality on net,Wrist
20252026,Regular,324,4-22-2026,Boston,1,Ottawa,5,shot,1,7:10,430,0,0,,,441,279,,0,241,6,5,FALSE,Non quality on net,Wrist
20252026,Regular,324,4-22-2026,Boston,1,Ottawa,5,shot,1,7:12,432,0,0,,,467,183,,0,72,6,5,FALSE,Quality on net,Slap
20252026,Regular,324,4-22-2026,Boston,1,Ottawa,5,shot,1,9:14,554,0,0,,,115,111,,0,18,222,1,FALSE,Quality on net,Wrist
20252026,Regular,324,4-22-2026,Boston,1,Ottawa,5,shot,1,10:09,609,0,0,,,538,135,,0,241,6,5,FALSE,Quality on net,Wrist
20252026,Regular,324,4-22-2026,Boston,1,Ottawa,5,shot,1,10:44,644,0,0,,,69,159,,0,183,222,1,FALSE,Quality on net,Tip
20252026,Regular,324,4-22-2026,Boston,1,Ottawa,5,shot,1,14:52,892,0,0,,,183,45,,0,182,222,1,FALSE,Non quality on net,Wrist
20252026,Regular,324,4-22-2026,Boston,1,Ottawa,5,shot,1,16:06,966,0,0,,,449,239,,0,58,6,5,FALSE,Non quality on net,Wrist
20252026,Regular,324,4-22-2026,Boston,1,Ottawa,5,shot,1,17:09,1029,0,0,,,459,251,,0,240,6,5,FALSE,Non quality on net,Slap
20252026,Regular,324,4-22-2026,Boston,1,Ottawa,5,shot,1,19:49,1189,0,0,,,118,276,,0,185,222,1,FALSE,Non quality on net,Wrist
20252026,Regular,324,4-22-2026,Boston,1,Ottawa,5,shot,2,0:26,1226,0,0,,,93,146,,0,149,222,1,FALSE,Quality on net,Tip
20252026,Regular,324,4-22-2026,Boston,1,Ottawa,5,shot,2,1:00,1260,0,0,,,514,209,,0,72,6,5,FALSE,Quality on net,Wrist
20252026,Regular,324,4-22-2026,Boston,1,Ottawa,5,shot,2,1:22,1282,0,0,,,454,70,,0,241,6,5,FALSE,Non quality on net,Wrist
20252026,Regular,324,4-22-2026,Boston,1,Ottawa,5,shot,2,1:53,1313,0,0,,,519,129,,0,240,6,5,FALSE,Quality on net,Snap
20252026,Regular,324,4-22-2026,Boston,1,Ottawa,5,shot,2,4:15,1455,0,0,,,391,271,,0,219,6,5,FALSE,Non quality on net,Wrist
20252026,Regular,324,4-22-2026,Boston,1,Ottawa,5,shot,2,7:00,1620,0,0,,,441,129,,0,58,6,5,FALSE,Non quality on net,Wrist
20252026,Regular,324,4-22-2026,Boston,1,Ottawa,5,shot,2,8:38,1718,0,0,,,139,217,,0,36,222,1,FALSE,Quality on net,Wrist
20252026,Regular,324,4-22-2026,Boston,1,Ottawa,5,shot,2,8:40,1720,0,0,,,53,170,,0,259,222,1,TRUE,Quality goal,Backhand
20252026,Regular,324,4-22-2026,Boston,1,Ottawa,5,shot,2,11:35,1895,1,0,,,108,141,,1,259,222,1,FALSE,Quality on net,Snap
20252026,Regular,324,4-22-2026,Boston,1,Ottawa,5,shot,2,12:13,1933,1,0,,,95,202,,1,78,222,1,FALSE,Quality on net,Wrist
20252026,Regular,324,4-22-2026,Boston,1,Ottawa,5,shot,2,14:26,2066,1,0,,,141,61,,1,183,222,1,FALSE,Non quality on net,Wrist
20252026,Regular,324,4-22-2026,Boston,1,Ottawa,5,shot,2,14:27,2067,1,0,,,84,188,,1,97,222,1,FALSE,Quality on net,Wrist
20252026,Regular,324,4-22-2026,Boston,1,Ottawa,5,shot,2,16:54,2214,1,0,,,470,126,,-1,71,6,5,FALSE,Quality on net,Wrist
20252026,Regular,324,4-22-2026,Boston,1,Ottawa,5,shot,2,18:10,2290,1,0,,,64,219,,1,36,222,1,FALSE,Non quality on net,Wrist
20252026,Regular,324,4-22-2026,Boston,1,Ottawa,5,shot,3,1:07,2467,1,0,,,90,129,,1,15,222,1,FALSE,Quality on net,Backhand
20252026,Regular,324,4-22-2026,Boston,1,Ottawa,5,shot,3,3:33,2613,1,0,,,441,63,,-1,72,6,5,FALSE,Non quality on net,Slap
20252026,Regular,324,4-22-2026,Boston,1,Ottawa,5,shot,3,3:51,2631,1,0,,,547,175,,-1,53,6,5,FALSE,Quality on net,Wrist
20252026,Regular,324,4-22-2026,Boston,1,Ottawa,5,shot,3,6:13,2773,1,0,,,69,177,,1,78,222,1,FALSE,Quality on net,Snap
20252026,Regular,324,4-22-2026,Boston,1,Ottawa,5,shot,3,6:48,2808,1,0,,,351,213,,-1,115,6,5,FALSE,Non quality on net,Wrist
20252026,Regular,324,4-22-2026,Boston,1,Ottawa,5,shot,3,7:51,2871,1,0,,,79,131,,1,8,222,1,FALSE,Quality on net,Wrist
20252026,Regular,324,4-22-2026,Boston,1,Ottawa,5,shot,3,8:22,2902,1,0,,,533,168,,-1,72,6,5,TRUE,Quality goal,Tip
20252026,Regular,324,4-22-2026,Boston,1,Ottawa,5,shot,3,12:23,3143,1,1,,,203,201,,0,246,222,1,FALSE,Non quality on net,Wrist
20252026,Regular,324,4-22-2026,Boston,1,Ottawa,5,shot,3,16:02,3362,1,1,,,528,193,,0,88,6,5,FALSE,Quality on net,Slap
20252026,Regular,324,4-22-2026,Boston,1,Ottawa,5,shot,3,16:25,3385,1,1,,,124,127,,0,78,222,1,FALSE,Quality on net,Wrist
20252026,Regular,324,4-22-2026,Boston,1,Ottawa,5,shot,3,19:07,3547,1,1,,,475,216,,0,72,6,5,FALSE,Quality on net,Wrist
20252026,Regular,324,4-22-2026,Boston,1,Ottawa,5,shot,4,1:00,3660,1,1,,,78,178,,0,183,222,1,FALSE,Quality on net,Slap
20252026,Regular,324,4-22-2026,Boston,1,Ottawa,5,shot,4,1:31,3691,1,1,,,508,141,,0,88,6,5,FALSE,Quality on net,Wrist
20252026,Regular,324,4-22-2026,Boston,1,Ottawa,5,shot,4,1:52,3712,1,1,,,125,182,,0,259,222,1,FALSE,Quality on net,Wrist
20252026,Regular,324,4-22-2026,Boston,1,Ottawa,5,shot,4,2:08,3728,1,1,,,47,135,,0,97,222,1,FALSE,Quality on net,Wrist
20252026,Regular,324,4-22-2026,Boston,1,Ottawa,5,shot,4,3:29,3809,1,1,,,54,91,,0,78,222,1,FALSE,Non quality on net,Slap
20252026,Regular,324,4-22-2026,Boston,1,Ottawa,5,shot,4,3:46,3826,1,1,,,463,135,,0,58,6,5,TRUE,Quality goal,Slap
20252026,Regular,325,4-22-2026,Seattle,8,Minnesota,2,shot,1,1:14,74,0,0,,,165,225,,0,224,22,8,FALSE,Non quality on net,Backhand
20252026,Regular,325,4-22-2026,Seattle,8,Minnesota,2,shot,1,1:28,88,0,0,,,488,165,,0,21,250,2,FALSE,Quality on net,Wrist
20252026,Regular,325,4-22-2026,Seattle,8,Minnesota,2,shot,1,1:49,109,0,0,,,291,10,,0,294,22,8,FALSE,Non quality on net,Wrist
20252026,Regular,325,4-22-2026,Seattle,8,Minnesota,2,shot,1,3:54,234,0,0,,,82,176,,0,196,22,8,FALSE,Quality on net,Default
20252026,Regular,325,4-22-2026,Seattle,8,Minnesota,2,shot,1,3:55,235,0,0,,,79,138,,0,34,22,8,FALSE,Quality on net,Wrist
20252026,Regular,325,4-22-2026,Seattle,8,Minnesota,2,shot,1,4:35,275,0,0,,,518,141,,0,21,250,2,TRUE,Quality goal,Wrist
20252026,Regular,325,4-22-2026,Seattle,8,Minnesota,2,shot,1,7:32,452,0,1,,,529,15,,1,189,250,2,FALSE,Non quality on net,Wrist
20252026,Regular,325,4-22-2026,Seattle,8,Minnesota,2,shot,1,8:37,517,0,1,,,505,129,,1,126,250,2,FALSE,Quality on net,Wrist
20252026,Regular,325,4-22-2026,Seattle,8,Minnesota,2,shot,1,8:52,532,0,1,,,507,103,,1,167,250,2,FALSE,Quality on net,Backhand
20252026,Regular,325,4-22-2026,Seattle,8,Minnesota,2,shot,1,8:52,532,0,1,,,530,108,,1,263,250,2,FALSE,Quality on net,Wrist
20252026,Regular,325,4-22-2026,Seattle,8,Minnesota,2,shot,1,9:51,591,0,1,,,483,134,,1,20,250,2,FALSE,Quality on net,Tip
20252026,Regular,325,4-22-2026,Seattle,8,Minnesota,2,shot,1,9:59,599,0,1,,,400,261,,1,90,250,2,FALSE,Non quality on net,Wrist
20252026,Regular,325,4-22-2026,Seattle,8,Minnesota,2,shot,1,11:09,669,0,1,,,460,137,,1,263,250,2,FALSE,Quality on net,Wrist
20252026,Regular,325,4-22-2026,Seattle,8,Minnesota,2,shot,1,11:24,684,0,1,,,478,111,,1,167,250,2,FALSE,Quality on net,Wrist
20252026,Regular,325,4-22-2026,Seattle,8,Minnesota,2,shot,1,11:26,686,0,1,,,504,183,,1,20,250,2,FALSE,Quality on net,Backhand
20252026,Regular,325,4-22-2026,Seattle,8,Minnesota,2,shot,1,11:41,701,0,1,,,149,92,,-1,196,22,8,FALSE,Non quality on net,Wrist
20252026,Regular,325,4-22-2026,Seattle,8,Minnesota,2,shot,1,14:12,852,0,1,,,46,184,,-1,62,22,8,TRUE,Non quality goal,Snap
20252026,Regular,325,4-22-2026,Seattle,8,Minnesota,2,shot,1,16:14,974,1,1,,,123,148,,0,292,22,8,FALSE,Quality on net,Wrist
20252026,Regular,325,4-22-2026,Seattle,8,Minnesota,2,shot,1,19:33,1173,1,1,,,440,128,,0,126,250,2,FALSE,Non quality on net,Wrist
20252026,Regular,325,4-22-2026,Seattle,8,Minnesota,2,shot,2,0:10,1210,1,1,,,129,95,,0,34,22,8,FALSE,Quality on net,Wrist
20252026,Regular,325,4-22-2026,Seattle,8,Minnesota,2,shot,2,1:12,1272,1,1,,,501,171,,0,25,250,2,TRUE,Quality goal,Wrist
20252026,Regular,325,4-22-2026,Seattle,8,Minnesota,2,shot,2,1:19,1279,1,2,,,316,64,,1,25,250,2,FALSE,Non quality on net,Wrist
20252026,Regular,325,4-22-2026,Seattle,8,Minnesota,2,shot,2,1:23,1283,1,2,,,487,168,,1,191,250,2,FALSE,Quality on net,Wrist
20252026,Regular,325,4-22-2026,Seattle,8,Minnesota,2,shot,2,1:53,1313,1,2,,,460,197,,1,191,250,2,FALSE,Quality on net,Wrist
20252026,Regular,325,4-22-2026,Seattle,8,Minnesota,2,shot,2,2:29,1349,1,2,,,37,186,,-1,293,22,8,FALSE,Non quality on net,Wrist
20252026,Regular,325,4-22-2026,Seattle,8,Minnesota,2,shot,2,2:40,1360,1,2,,,483,106,,1,190,250,2,FALSE,Quality on net,Snap
20252026,Regular,325,4-22-2026,Seattle,8,Minnesota,2,shot,2,3:14,1394,1,2,,,187,226,,-1,99,22,8,FALSE,Non quality on net,Wrist
20252026,Regular,325,4-22-2026,Seattle,8,Minnesota,2,shot,2,3:27,1407,1,2,,,501,109,,1,23,250,2,FALSE,Quality on net,Backhand
20252026,Regular,325,4-22-2026,Seattle,8,Minnesota,2,shot,2,3:51,1431,1,2,,,511,135,,1,20,250,2,FALSE,Quality on net,Tip
20252026,Regular,325,4-22-2026,Seattle,8,Minnesota,2,shot,2,4:24,1464,1,2,,,57,183,,-1,142,22,8,FALSE,Quality on net,Tip
20252026,Regular,325,4-22-2026,Seattle,8,Minnesota,2,shot,2,4:43,1483,1,2,,,70,137,,-1,138,22,8,FALSE,Quality on net,Tip
20252026,Regular,325,4-22-2026,Seattle,8,Minnesota,2,shot,2,7:13,1633,1,2,,,483,230,,1,21,250,2,FALSE,Non quality on net,Snap
20252026,Regular,325,4-22-2026,Seattle,8,Minnesota,2,shot,2,8:10,1690,1,2,,,70,153,,-1,34,22,8,FALSE,Quality on net,Tip
20252026,Regular,325,4-22-2026,Seattle,8,Minnesota,2,shot,2,8:12,1692,1,2,,,51,132,,-1,34,22,8,TRUE,Quality goal,Wrist
20252026,Regular,325,4-22-2026,Seattle,8,Minnesota,2,shot,2,8:23,1703,2,2,,,78,148,,0,156,22,8,TRUE,Quality goal,Default
20252026,Regular,325,4-22-2026,Seattle,8,Minnesota,2,shot,2,9:10,1750,3,2,,,461,213,,-1,21,250,2,FALSE,Quality on net,Slap
20252026,Regular,325,4-22-2026,Seattle,8,Minnesota,2,shot,2,9:10,1750,3,2,,,452,205,,-1,21,250,2,FALSE,Non quality on net,Slap
20252026,Regular,325,4-22-2026,Seattle,8,Minnesota,2,shot,2,9:12,1752,3,2,,,475,131,,-1,191,250,2,FALSE,Quality on net,Wrist
20252026,Regular,325,4-22-2026,Seattle,8,Minnesota,2,shot,2,9:16,1756,3,2,,,447,228,,-1,191,250,2,FALSE,Non quality on net,Snap
20252026,Regular,325,4-22-2026,Seattle,8,Minnesota,2,shot,2,10:07,1807,3,2,,,91,51,,1,49,22,8,FALSE,Non quality on net,Wrist
20252026,Regular,325,4-22-2026,Seattle,8,Minnesota,2,shot,2,11:33,1893,3,2,,,57,250,,1,34,22,8,FALSE,Non quality on net,Wrist
20252026,Regular,325,4-22-2026,Seattle,8,Minnesota,2,shot,2,11:50,1910,3,2,,,541,207,,-1,90,250,2,FALSE,Non quality on net,Wrist
20252026,Regular,325,4-22-2026,Seattle,8,Minnesota,2,shot,2,15:55,2155,3,2,,,150,189,,1,17,22,8,FALSE,Non quality on net,Wrist
20252026,Regular,325,4-22-2026,Seattle,8,Minnesota,2,shot,2,17:41,2261,3,2,,,492,231,,-1,21,250,2,TRUE,Non quality goal,Wrist
20252026,Regular,325,4-22-2026,Seattle,8,Minnesota,2,shot,2,18:54,2334,3,3,,,265,230,,0,138,22,8,FALSE,Non quality on net,Wrist
20252026,Regular,325,4-22-2026,Seattle,8,Minnesota,2,shot,2,19:10,2350,3,3,,,402,262,,0,90,250,2,FALSE,Non quality on net,Wrist
20252026,Regular,325,4-22-2026,Seattle,8,Minnesota,2,shot,3,0:33,2433,3,3,,,129,109,,0,196,22,8,FALSE,Quality on net,Wrist
20252026,Regular,325,4-22-2026,Seattle,8,Minnesota,2,shot,3,1:37,2497,3,3,,,151,155,,0,294,22,8,FALSE,Non quality on net,Slap
20252026,Regular,325,4-22-2026,Seattle,8,Minnesota,2,shot,3,2:03,2523,3,3,,,56,201,,0,138,22,8,FALSE,Non quality on net,Snap
20252026,Regular,325,4-22-2026,Seattle,8,Minnesota,2,shot,3,2:29,2549,3,3,,,102,105,,0,13,22,8,TRUE,Quality goal,Wrist
20252026,Regular,325,4-22-2026,Seattle,8,Minnesota,2,shot,3,4:35,2675,4,3,,,435,123,,-1,188,250,2,FALSE,Non quality on net,Wrist
20252026,Regular,325,4-22-2026,Seattle,8,Minnesota,2,shot,3,6:11,2771,4,3,,,387,125,,-1,60,250,2,FALSE,Non quality on net,Wrist
20252026,Regular,325,4-22-2026,Seattle,8,Minnesota,2,shot,3,6:40,2800,4,3,,,63,79,,1,13,22,8,FALSE,Non quality on net,Wrist
20252026,Regular,325,4-22-2026,Seattle,8,Minnesota,2,shot,3,7:33,2853,4,3,,,111,102,,1,49,22,8,FALSE,Quality on net,Wrist
20252026,Regular,325,4-22-2026,Seattle,8,Minnesota,2,shot,3,9:48,2988,4,3,,,484,180,,-1,20,250,2,FALSE,Quality on net,Wrist
20252026,Regular,325,4-22-2026,Seattle,8,Minnesota,2,shot,3,11:33,3093,4,3,,,211,106,,1,2,22,8,FALSE,Non quality on net,Wrist
20252026,Regular,325,4-22-2026,Seattle,8,Minnesota,2,shot,3,11:42,3102,4,3,,,115,247,,1,203,22,8,TRUE,Non quality goal,Default
20252026,Regular,325,4-22-2026,Seattle,8,Minnesota,2,shot,3,12:40,3160,5,3,,,453,80,,-2,20,250,2,FALSE,Non quality on net,Wrist
20252026,Regular,325,4-22-2026,Seattle,8,Minnesota,2,shot,3,13:09,3189,5,3,,,412,250,,-2,90,250,2,FALSE,Non quality on net,Wrist
20252026,Regular,325,4-22-2026,Seattle,8,Minnesota,2,shot,3,13:18,3198,5,3,,,345,44,,-2,24,250,2,FALSE,Non quality on net,Wrist
20252026,Regular,325,4-22-2026,Seattle,8,Minnesota,2,shot,3,14:08,3248,5,3,,,471,135,,-2,20,250,2,FALSE,Quality on net,Wrist
20252026,Regular,325,4-22-2026,Seattle,8,Minnesota,2,shot,3,14:18,3258,5,3,,,467,33,,-2,21,250,2,FALSE,Non quality on net,Snap
20252026,Regular,325,4-22-2026,Seattle,8,Minnesota,2,shot,3,17:16,3436,5,3,,,158,82,,2,13,22,8,FALSE,Non quality on net,Wrist
20252026,Regular,325,4-22-2026,Seattle,8,Minnesota,2,shot,3,19:28,3568,5,3,,,454,208,,-2,24,250,2,FALSE,Non quality on net,Wrist
20252026,Regular,325,4-22-2026,Seattle,8,Minnesota,2,shot,3,19:30,3570,5,3,,,524,164,,-2,189,250,2,FALSE,Quality on net,Default
20252026,Regular,325,4-22-2026,Seattle,8,Minnesota,2,shot,3,19:31,3571,5,3,,,451,230,,-2,24,250,2,FALSE,Non quality on net,Wrist
20252026,Regular,325,4-22-2026,Seattle,8,Minnesota,2,shot,3,19:39,3579,5,3,,,507,160,,-2,20,250,2,FALSE,Quality on net,Default
20252026,Regular,325,4-22-2026,Seattle,8,Minnesota,2,shot,3,19:40,3580,5,3,,,504,240,,-2,21,250,2,FALSE,Non quality on net,Slap
20252026,Regular,325,4-22-2026,Seattle,8,Minnesota,2,shot,3,19:45,3585,5,3,,,531,117,,-2,24,250,2,FALSE,Quality on net,Wrist
20252026,Regular,325,4-22-2026,Seattle,8,Minnesota,2,shot,3,19:46,3586,5,3,,,542,144,,-2,23,250,2,TRUE,Quality goal,Wrist
20252026,Regular,326,4-25-2026,Seattle,8,Montréal,3,shot,1,0:47,47,0,0,,,192,18,,0,196,28,8,FALSE,Non quality on net,Wrist
20252026,Regular,326,4-25-2026,Seattle,8,Montréal,3,shot,1,1:40,100,0,0,,,71,169,,0,210,28,8,FALSE,Quality on net,Tip
20252026,Regular,326,4-25-2026,Seattle,8,Montréal,3,shot,1,1:47,107,0,0,,,48,180,,0,49,28,8,FALSE,Non quality on net,Wrist
20252026,Regular,326,4-25-2026,Seattle,8,Montréal,3,shot,1,3:13,193,0,0,,,516,105,,0,84,155,3,FALSE,Quality on net,Wrist
20252026,Regular,326,4-25-2026,Seattle,8,Montréal,3,shot,1,6:09,369,0,0,,,503,99,,0,83,155,3,FALSE,Quality on net,Wrist
20252026,Regular,326,4-25-2026,Seattle,8,Montréal,3,shot,1,6:49,409,0,0,,,457,60,,0,253,155,3,FALSE,Non quality on net,Wrist
20252026,Regular,326,4-25-2026,Seattle,8,Montréal,3,shot,1,7:03,423,0,0,,,238,270,,0,203,28,8,FALSE,Non quality on net,Wrist
20252026,Regular,326,4-25-2026,Seattle,8,Montréal,3,shot,1,7:57,477,0,0,,,568,219,,0,42,155,3,FALSE,Non quality on net,Wrist
20252026,Regular,326,4-25-2026,Seattle,8,Montréal,3,shot,1,8:07,487,0,0,,,104,135,,0,17,28,8,FALSE,Quality on net,Snap
20252026,Regular,326,4-25-2026,Seattle,8,Montréal,3,shot,1,8:36,516,0,0,,,314,135,,0,84,155,3,FALSE,Non quality on net,Wrist
20252026,Regular,326,4-25-2026,Seattle,8,Montréal,3,shot,1,8:51,531,0,0,,,453,64,,0,199,155,3,FALSE,Non quality on net,Wrist
20252026,Regular,326,4-25-2026,Seattle,8,Montréal,3,shot,1,8:57,537,0,0,,,399,214,,0,83,155,3,FALSE,Non quality on net,Wrist
20252026,Regular,326,4-25-2026,Seattle,8,Montréal,3,shot,1,11:38,698,0,0,,,533,177,,0,61,155,3,FALSE,Quality on net,Wrist
20252026,Regular,326,4-25-2026,Seattle,8,Montréal,3,shot,1,11:38,698,0,0,,,545,194,,0,61,155,3,FALSE,Non quality on net,Wrist
20252026,Regular,326,4-25-2026,Seattle,8,Montréal,3,shot,1,13:00,780,0,0,,,81,266,,0,62,28,8,FALSE,Non quality on net,Wrist
20252026,Regular,326,4-25-2026,Seattle,8,Montréal,3,shot,1,18:51,1131,0,0,,,92,118,,0,156,28,8,FALSE,Quality on net,Wrist
20252026,Regular,326,4-25-2026,Seattle,8,Montréal,3,shot,1,19:22,1162,0,0,,,102,194,,0,293,28,8,FALSE,Quality on net,Wrist
20252026,Regular,326,4-25-2026,Seattle,8,Montréal,3,shot,1,19:24,1164,0,0,,,54,156,,0,142,28,8,FALSE,Quality on net,Wrist
20252026,Regular,326,4-25-2026,Seattle,8,Montréal,3,shot,1,19:25,1165,0,0,,,44,176,,0,49,28,8,FALSE,Non quality on net,Wrist
20252026,Regular,326,4-25-2026,Seattle,8,Montréal,3,shot,1,19:26,1166,0,0,,,42,177,,0,49,28,8,FALSE,Non quality on net,Wrist
20252026,Regular,326,4-25-2026,Seattle,8,Montréal,3,shot,1,19:35,1175,0,0,,,145,225,,0,17,28,8,FALSE,Non quality on net,Wrist
20252026,Regular,326,4-25-2026,Seattle,8,Montréal,3,shot,2,0:56,1256,0,0,,,142,230,,0,17,28,8,FALSE,Non quality on net,Wrist
20252026,Regular,326,4-25-2026,Seattle,8,Montréal,3,shot,2,1:24,1284,0,0,,,129,49,,0,210,28,8,FALSE,Non quality on net,Wrist
20252026,Regular,326,4-25-2026,Seattle,8,Montréal,3,shot,2,1:24,1284,0,0,,,169,74,,0,224,28,8,FALSE,Non quality on net,Wrist
20252026,Regular,326,4-25-2026,Seattle,8,Montréal,3,shot,2,4:56,1496,0,0,,,533,117,,0,98,155,3,FALSE,Quality on net,Backhand
20252026,Regular,326,4-25-2026,Seattle,8,Montréal,3,shot,2,5:43,1543,0,0,,,156,104,,0,156,28,8,FALSE,Non quality on net,Wrist
20252026,Regular,326,4-25-2026,Seattle,8,Montréal,3,shot,2,7:37,1657,0,0,,,479,115,,0,42,155,3,TRUE,Quality goal,Wrist
20252026,Regular,326,4-25-2026,Seattle,8,Montréal,3,shot,2,8:06,1686,0,1,,,420,249,,1,84,155,3,FALSE,Non quality on net,Slap
20252026,Regular,326,4-25-2026,Seattle,8,Montréal,3,shot,2,8:07,1687,0,1,,,545,151,,1,61,155,3,FALSE,Quality on net,Wrist
20252026,Regular,326,4-25-2026,Seattle,8,Montréal,3,shot,2,8:14,1694,0,1,,,549,165,,1,4,155,3,FALSE,Quality on net,Wrist
20252026,Regular,326,4-25-2026,Seattle,8,Montréal,3,shot,2,10:38,1838,0,1,,,199,53,,1,39,155,3,FALSE,Non quality on net,Wrist
20252026,Regular,326,4-25-2026,Seattle,8,Montréal,3,shot,2,11:16,1876,0,1,,,511,167,,1,199,155,3,FALSE,Quality on net,Wrist
20252026,Regular,326,4-25-2026,Seattle,8,Montréal,3,shot,2,11:27,1887,0,1,,,532,153,,1,4,155,3,FALSE,Quality on net,Wrist
20252026,Regular,326,4-25-2026,Seattle,8,Montréal,3,shot,2,11:45,1905,0,1,,,549,95,,1,4,155,3,FALSE,Non quality on net,Wrist
20252026,Regular,326,4-25-2026,Seattle,8,Montréal,3,shot,2,11:48,1908,0,1,,,550,165,,1,274,155,3,FALSE,Quality on net,Wrist
20252026,Regular,326,4-25-2026,Seattle,8,Montréal,3,shot,2,13:39,2019,0,1,,,425,124,,1,42,155,3,FALSE,Non quality on net,Slap
20252026,Regular,326,4-25-2026,Seattle,8,Montréal,3,shot,2,17:39,2259,0,1,,,400,280,,1,79,155,3,FALSE,Non quality on net,Wrist
20252026,Regular,326,4-25-2026,Seattle,8,Montréal,3,shot,2,17:44,2264,0,1,,,405,119,,1,84,155,3,FALSE,Non quality on net,Slap
20252026,Regular,326,4-25-2026,Seattle,8,Montréal,3,shot,2,19:59,2399,0,1,,,339,9,,1,199,155,3,FALSE,Non quality on net,Wrist
20252026,Regular,326,4-25-2026,Seattle,8,Montréal,3,shot,3,4:39,2679,0,1,,,196,77,,1,79,155,3,FALSE,Non quality on net,Wrist
20252026,Regular,326,4-25-2026,Seattle,8,Montréal,3,shot,3,4:47,2687,0,1,,,57,151,,1,42,155,3,FALSE,Quality on net,Tip
20252026,Regular,326,4-25-2026,Seattle,8,Montréal,3,shot,3,6:28,2788,0,1,,,483,214,,-1,34,28,8,FALSE,Quality on net,Wrist
20252026,Regular,326,4-25-2026,Seattle,8,Montréal,3,shot,3,6:41,2801,0,1,,,528,189,,-1,34,28,8,FALSE,Quality on net,Wrist
20252026,Regular,326,4-25-2026,Seattle,8,Montréal,3,shot,3,6:54,2814,0,1,,,151,53,,1,4,155,3,FALSE,Non quality on net,Wrist
20252026,Regular,326,4-25-2026,Seattle,8,Montréal,3,shot,3,9:39,2979,0,1,,,512,204,,-1,34,28,8,FALSE,Quality on net,Wrist
20252026,Regular,326,4-25-2026,Seattle,8,Montréal,3,shot,3,10:09,3009,0,1,,,461,72,,-1,208,28,8,FALSE,Non quality on net,Wrist
20252026,Regular,326,4-25-2026,Seattle,8,Montréal,3,shot,3,10:11,3011,0,1,,,537,213,,-1,34,28,8,TRUE,Non quality goal,Wrist
20252026,Regular,326,4-25-2026,Seattle,8,Montréal,3,shot,3,11:34,3094,1,1,,,286,202,,0,79,155,3,FALSE,Non quality on net,Snap
20252026,Regular,326,4-25-2026,Seattle,8,Montréal,3,shot,3,13:59,3239,1,1,,,202,207,,0,84,155,3,FALSE,Non quality on net,Wrist
20252026,Regular,326,4-25-2026,Seattle,8,Montréal,3,shot,3,14:08,3248,1,1,,,150,147,,0,79,155,3,FALSE,Non quality on net,Wrist
20252026,Regular,326,4-25-2026,Seattle,8,Montréal,3,shot,3,14:51,3291,1,1,,,220,274,,0,253,155,3,FALSE,Non quality on net,Wrist
20252026,Regular,326,4-25-2026,Seattle,8,Montréal,3,shot,3,15:33,3333,1,1,,,54,163,,0,253,155,3,FALSE,Quality on net,Backhand
20252026,Regular,326,4-25-2026,Seattle,8,Montréal,3,shot,3,16:32,3392,1,1,,,543,237,,0,224,28,8,FALSE,Non quality on net,Wrist
20252026,Regular,326,4-25-2026,Seattle,8,Montréal,3,shot,4,1:02,3662,1,1,,,143,95,,0,13,28,8,FALSE,Quality on net,Snap
20252026,Regular,326,4-25-2026,Seattle,8,Montréal,3,shot,4,1:34,3694,1,1,,,531,125,,0,61,155,3,FALSE,Quality on net,Snap
20252026,Regular,326,4-25-2026,Seattle,8,Montréal,3,shot,4,2:31,3751,1,1,,,500,104,,0,201,155,3,FALSE,Quality on net,Wrist
20252026,Regular,326,4-25-2026,Seattle,8,Montréal,3,shot,4,3:00,3780,1,1,,,442,80,,0,61,155,3,FALSE,Non quality on net,Slap
20252026,Regular,326,4-25-2026,Seattle,8,Montréal,3,shot,4,3:32,3812,1,1,,,517,172,,0,201,155,3,FALSE,Quality on net,Wrist
20252026,Regular,326,4-25-2026,Seattle,8,Montréal,3,shot,4,3:33,3813,1,1,,,542,129,,0,4,155,3,FALSE,Quality on net,Wrist
20252026,Regular,326,4-25-2026,Seattle,8,Montréal,3,shot,4,3:47,3827,1,1,,,99,89,,0,34,28,8,FALSE,Quality on net,Wrist
20252026,Regular,326,4-25-2026,Seattle,8,Montréal,3,shot,4,4:59,3899,1,1,,,475,191,,0,31,155,3,FALSE,Quality on net,Wrist
20252026,Regular,327,4-25-2026,Vancouver,9,Minnesota,2,shot,1,2:55,175,0,0,,,537,173,,0,102,59,2,FALSE,Quality on net,Wrist
20252026,Regular,327,4-25-2026,Vancouver,9,Minnesota,2,shot,1,3:06,186,0,0,,,395,207,,0,167,59,2,FALSE,Non quality on net,Wrist
20252026,Regular,327,4-25-2026,Vancouver,9,Minnesota,2,shot,1,4:04,244,0,0,,,543,117,,0,20,59,2,TRUE,Quality goal,Wrist
20252026,Regular,327,4-25-2026,Vancouver,9,Minnesota,2,shot,1,4:53,293,0,1,,,109,204,,-1,198,166,9,TRUE,Quality goal,Slap
20252026,Regular,327,4-25-2026,Vancouver,9,Minnesota,2,shot,1,5:38,338,1,1,,,495,56,,0,50,166,9,FALSE,Non quality on net,Wrist
20252026,Regular,327,4-25-2026,Vancouver,9,Minnesota,2,shot,1,10:00,600,1,1,,,195,56,,0,11,166,9,FALSE,Non quality on net,Wrist
20252026,Regular,327,4-25-2026,Vancouver,9,Minnesota,2,shot,1,10:08,608,1,1,,,108,101,,0,75,166,9,TRUE,Quality goal,Snap
20252026,Regular,327,4-25-2026,Vancouver,9,Minnesota,2,shot,1,16:52,1012,2,1,,,54,155,,1,89,166,9,FALSE,Quality on net,Tip
20252026,Regular,327,4-25-2026,Vancouver,9,Minnesota,2,shot,1,19:09,1149,2,1,,,561,165,,-1,20,59,2,FALSE,Quality on net,Wrist
20252026,Regular,327,4-25-2026,Vancouver,9,Minnesota,2,shot,1,19:51,1191,2,1,,,449,69,,-1,24,59,2,FALSE,Non quality on net,Wrist
20252026,Regular,327,4-25-2026,Vancouver,9,Minnesota,2,shot,2,0:18,1218,2,1,,,45,174,,1,209,166,9,FALSE,Non quality on net,Tip
20252026,Regular,327,4-25-2026,Vancouver,9,Minnesota,2,shot,2,0:58,1258,2,1,,,76,134,,1,11,166,9,FALSE,Quality on net,Wrist
20252026,Regular,327,4-25-2026,Vancouver,9,Minnesota,2,shot,2,1:50,1310,2,1,,,105,170,,1,89,166,9,TRUE,Quality goal,Snap
20252026,Regular,327,4-25-2026,Vancouver,9,Minnesota,2,shot,2,2:58,1378,3,1,,,466,149,,-2,37,59,2,FALSE,Quality on net,Wrist
20252026,Regular,327,4-25-2026,Vancouver,9,Minnesota,2,shot,2,5:09,1509,3,1,,,484,60,,-2,236,59,2,FALSE,Non quality on net,Wrist
20252026,Regular,327,4-25-2026,Vancouver,9,Minnesota,2,shot,2,5:40,1540,3,1,,,459,115,,-2,25,59,2,FALSE,Quality on net,Wrist
20252026,Regular,327,4-25-2026,Vancouver,9,Minnesota,2,shot,2,7:12,1632,3,1,,,464,243,,-2,126,59,2,FALSE,Non quality on net,Wrist
20252026,Regular,327,4-25-2026,Vancouver,9,Minnesota,2,shot,2,7:59,1679,3,1,,,535,129,,-2,21,59,2,FALSE,Quality on net,Backhand
20252026,Regular,327,4-25-2026,Vancouver,9,Minnesota,2,shot,2,8:25,1705,3,1,,,56,135,,2,252,166,9,FALSE,Quality on net,Snap
20252026,Regular,327,4-25-2026,Vancouver,9,Minnesota,2,shot,2,9:12,1752,3,1,,,299,21,,2,11,166,9,FALSE,Non quality on net,Wrist
20252026,Regular,327,4-25-2026,Vancouver,9,Minnesota,2,shot,2,11:08,1868,3,1,,,392,39,,-2,188,59,2,FALSE,Non quality on net,Wrist
20252026,Regular,327,4-25-2026,Vancouver,9,Minnesota,2,shot,2,14:30,2070,3,1,,,499,56,,-2,23,59,2,FALSE,Non quality on net,Wrist
20252026,Regular,327,4-25-2026,Vancouver,9,Minnesota,2,shot,2,14:56,2096,3,1,,,384,238,,-2,25,59,2,FALSE,Non quality on net,Slap
20252026,Regular,327,4-25-2026,Vancouver,9,Minnesota,2,shot,2,15:06,2106,3,1,,,453,213,,-2,189,59,2,FALSE,Non quality on net,Wrist
20252026,Regular,327,4-25-2026,Vancouver,9,Minnesota,2,shot,2,17:45,2265,3,1,,,139,209,,2,75,166,9,FALSE,Quality on net,Wrist
20252026,Regular,327,4-25-2026,Vancouver,9,Minnesota,2,shot,2,18:34,2314,3,1,,,261,285,,2,305,166,9,FALSE,Non quality on net,Wrist
20252026,Regular,327,4-25-2026,Vancouver,9,Minnesota,2,shot,2,19:25,2365,3,1,,,554,258,,-2,21,59,2,FALSE,Non quality on net,Wrist
20252026,Regular,327,4-25-2026,Vancouver,9,Minnesota,2,shot,2,19:26,2366,3,1,,,554,157,,-2,191,59,2,FALSE,Quality on net,Wrist
20252026,Regular,327,4-25-2026,Vancouver,9,Minnesota,2,shot,2,19:34,2374,3,1,,,388,129,,-2,167,59,2,FALSE,Non quality on net,Wrist
20252026,Regular,327,4-25-2026,Vancouver,9,Minnesota,2,shot,2,19:44,2384,3,1,,,447,100,,-2,37,59,2,FALSE,Non quality on net,Wrist
20252026,Regular,327,4-25-2026,Vancouver,9,Minnesota,2,shot,3,0:04,2404,3,1,,,303,162,,2,169,166,9,FALSE,Non quality on net,Wrist
20252026,Regular,327,4-25-2026,Vancouver,9,Minnesota,2,shot,3,1:21,2481,3,1,,,560,177,,-2,23,59,2,TRUE,Non quality goal,Backhand
20252026,Regular,327,4-25-2026,Vancouver,9,Minnesota,2,shot,3,2:16,2536,3,2,,,366,189,,-1,37,59,2,FALSE,Non quality on net,Wrist
20252026,Regular,327,4-25-2026,Vancouver,9,Minnesota,2,shot,3,3:14,2594,3,2,,,51,135,,1,114,166,9,FALSE,Quality on net,Snap
20252026,Regular,327,4-25-2026,Vancouver,9,Minnesota,2,shot,3,4:58,2698,3,2,,,471,259,,-1,25,59,2,FALSE,Non quality on net,Wrist
20252026,Regular,327,4-25-2026,Vancouver,9,Minnesota,2,shot,3,5:16,2716,3,2,,,542,287,,-1,25,59,2,FALSE,Non quality on net,Wrist
20252026,Regular,327,4-25-2026,Vancouver,9,Minnesota,2,shot,3,5:38,2738,3,2,,,455,252,,-1,189,59,2,FALSE,Non quality on net,Slap
20252026,Regular,327,4-25-2026,Vancouver,9,Minnesota,2,shot,3,6:03,2763,3,2,,,156,80,,1,11,166,9,FALSE,Non quality on net,Wrist
20252026,Regular,327,4-25-2026,Vancouver,9,Minnesota,2,shot,3,7:14,2834,3,2,,,386,92,,-1,24,59,2,FALSE,Non quality on net,Wrist
20252026,Regular,327,4-25-2026,Vancouver,9,Minnesota,2,shot,3,8:06,2886,3,2,,,500,251,,-1,24,59,2,FALSE,Non quality on net,Wrist
20252026,Regular,327,4-25-2026,Vancouver,9,Minnesota,2,shot,3,9:26,2966,3,2,,,545,160,,-1,190,59,2,TRUE,Quality goal,Tip
20252026,Regular,327,4-25-2026,Vancouver,9,Minnesota,2,shot,3,11:10,3070,3,3,,,81,140,,0,114,166,9,FALSE,Quality on net,Wrist
20252026,Regular,327,4-25-2026,Vancouver,9,Minnesota,2,shot,3,13:01,3181,3,3,,,558,171,,0,102,59,2,FALSE,Non quality on net,Backhand
20252026,Regular,327,4-25-2026,Vancouver,9,Minnesota,2,shot,3,13:20,3200,3,3,,,396,54,,0,264,59,2,FALSE,Non quality on net,Wrist
20252026,Regular,327,4-25-2026,Vancouver,9,Minnesota,2,shot,3,16:28,3388,3,3,,,225,10,,0,221,166,9,FALSE,Non quality on net,Backhand
20252026,Regular,327,4-25-2026,Vancouver,9,Minnesota,2,shot,3,16:35,3395,3,3,,,215,117,,0,11,166,9,FALSE,Non quality on net,Wrist
20252026,Regular,327,4-25-2026,Vancouver,9,Minnesota,2,shot,3,16:57,3417,3,3,,,525,289,,0,21,59,2,FALSE,Non quality on net,Wrist
20252026,Regular,327,4-25-2026,Vancouver,9,Minnesota,2,shot,3,18:11,3491,3,3,,,369,284,,0,37,59,2,FALSE,Non quality on net,Wrist
20252026,Regular,327,4-25-2026,Vancouver,9,Minnesota,2,shot,3,18:33,3513,3,3,,,42,174,,0,209,166,9,FALSE,Non quality on net,Wrist
20252026,Regular,327,4-25-2026,Vancouver,9,Minnesota,2,shot,3,18:43,3523,3,3,,,204,132,,0,11,166,9,FALSE,Non quality on net,Wrist
20252026,Regular,327,4-25-2026,Vancouver,9,Minnesota,2,shot,3,19:05,3545,3,3,,,207,15,,0,11,166,9,FALSE,Non quality on net,Wrist
20252026,Regular,327,4-25-2026,Vancouver,9,Minnesota,2,shot,3,19:17,3557,3,3,,,196,229,,0,11,166,9,FALSE,Non quality on net,Wrist
20252026,Regular,327,4-25-2026,Vancouver,9,Minnesota,2,shot,4,0:34,3634,3,3,,,534,165,,0,20,59,2,FALSE,Quality on net,Wrist
20252026,Regular,327,4-25-2026,Vancouver,9,Minnesota,2,shot,4,0:59,3659,3,3,,,52,144,,0,11,166,9,FALSE,Quality on net,Tip
20252026,Regular,327,4-25-2026,Vancouver,9,Minnesota,2,shot,4,1:24,3684,3,3,,,117,148,,0,11,166,9,TRUE,Quality goal,Wrist
20252026,Regular,328,4-25-2026,Ottawa,5,Toronto,6,shot,1,0:04,4,0,0,,,540,152,,0,76,222,6,FALSE,Quality on net,Default
20252026,Regular,328,4-25-2026,Ottawa,5,Toronto,6,shot,1,0:38,38,0,0,,,510,143,,0,66,222,6,FALSE,Quality on net,Default
20252026,Regular,328,4-25-2026,Ottawa,5,Toronto,6,shot,1,1:20,80,0,0,,,175,99,,0,289,211,5,FALSE,Non quality on net,Default
20252026,Regular,328,4-25-2026,Ottawa,5,Toronto,6,shot,1,1:39,99,0,0,,,112,153,,0,240,211,5,FALSE,Quality on net,Default
20252026,Regular,328,4-25-2026,Ottawa,5,Toronto,6,shot,1,2:00,120,0,0,,,462,217,,0,26,222,6,FALSE,Quality on net,Default
20252026,Regular,328,4-25-2026,Ottawa,5,Toronto,6,shot,1,2:56,176,0,0,,,107,281,,0,72,211,5,FALSE,Non quality on net,Default
20252026,Regular,328,4-25-2026,Ottawa,5,Toronto,6,shot,1,3:15,195,0,0,,,147,168,,0,118,211,5,FALSE,Non quality on net,Default
20252026,Regular,328,4-25-2026,Ottawa,5,Toronto,6,shot,1,3:19,199,0,0,,,60,240,,0,286,211,5,FALSE,Non quality on net,Default
20252026,Regular,328,4-25-2026,Ottawa,5,Toronto,6,shot,1,4:04,244,0,0,,,423,248,,0,67,222,6,FALSE,Non quality on net,Default
20252026,Regular,328,4-25-2026,Ottawa,5,Toronto,6,shot,1,6:05,365,0,0,,,399,273,,0,76,222,6,FALSE,Non quality on net,Default
20252026,Regular,328,4-25-2026,Ottawa,5,Toronto,6,shot,1,6:06,366,0,0,,,531,154,,0,26,222,6,FALSE,Quality on net,Default
20252026,Regular,328,4-25-2026,Ottawa,5,Toronto,6,shot,1,7:21,441,0,0,,,397,227,,0,68,222,6,FALSE,Non quality on net,Default
20252026,Regular,328,4-25-2026,Ottawa,5,Toronto,6,shot,1,8:20,500,0,0,,,471,195,,0,100,222,6,FALSE,Quality on net,Default
20252026,Regular,328,4-25-2026,Ottawa,5,Toronto,6,shot,1,10:00,600,0,0,,,549,171,,0,76,222,6,FALSE,Quality on net,Default
20252026,Regular,328,4-25-2026,Ottawa,5,Toronto,6,shot,1,10:14,614,0,0,,,141,177,,0,286,211,5,FALSE,Quality on net,Default
20252026,Regular,328,4-25-2026,Ottawa,5,Toronto,6,shot,1,13:36,816,0,0,,,376,70,,0,86,222,6,FALSE,Non quality on net,Default
20252026,Regular,328,4-25-2026,Ottawa,5,Toronto,6,shot,1,14:23,863,0,0,,,477,58,,0,67,222,6,FALSE,Non quality on net,Default
20252026,Regular,328,4-25-2026,Ottawa,5,Toronto,6,shot,1,17:00,1020,0,0,,,182,241,,0,118,211,5,FALSE,Non quality on net,Default
20252026,Regular,328,4-25-2026,Ottawa,5,Toronto,6,shot,1,17:02,1022,0,0,,,47,167,,0,72,211,5,FALSE,Quality on net,Default
20252026,Regular,328,4-25-2026,Ottawa,5,Toronto,6,shot,1,17:55,1075,0,0,,,121,123,,0,115,211,5,FALSE,Quality on net,Default
20252026,Regular,328,4-25-2026,Ottawa,5,Toronto,6,shot,1,18:02,1082,0,0,,,167,190,,0,223,211,5,FALSE,Non quality on net,Default
20252026,Regular,328,4-25-2026,Ottawa,5,Toronto,6,shot,2,1:21,1281,0,0,,,529,175,,0,317,222,6,FALSE,Quality on net,Default
20252026,Regular,328,4-25-2026,Ottawa,5,Toronto,6,shot,2,3:00,1380,0,0,,,542,50,,0,317,222,6,FALSE,Non quality on net,Default
20252026,Regular,328,4-25-2026,Ottawa,5,Toronto,6,shot,2,4:05,1445,0,0,,,139,183,,0,38,211,5,FALSE,Quality on net,Default
20252026,Regular,328,4-25-2026,Ottawa,5,Toronto,6,shot,2,4:06,1446,0,0,,,75,134,,0,115,211,5,FALSE,Quality on net,Default
20252026,Regular,328,4-25-2026,Ottawa,5,Toronto,6,shot,2,4:08,1448,0,0,,,45,125,,0,240,211,5,TRUE,Non quality goal,Default
20252026,Regular,328,4-25-2026,Ottawa,5,Toronto,6,shot,2,7:04,1624,1,0,,,447,139,,-1,44,222,6,FALSE,Non quality on net,Default
20252026,Regular,328,4-25-2026,Ottawa,5,Toronto,6,shot,2,7:12,1632,1,0,,,336,68,,-1,68,222,6,FALSE,Non quality on net,Default
20252026,Regular,328,4-25-2026,Ottawa,5,Toronto,6,shot,2,7:44,1664,1,0,,,486,17,,-1,73,222,6,FALSE,Non quality on net,Default
20252026,Regular,328,4-25-2026,Ottawa,5,Toronto,6,shot,2,8:04,1684,1,0,,,538,120,,-1,76,222,6,FALSE,Quality on net,Default
20252026,Regular,328,4-25-2026,Ottawa,5,Toronto,6,shot,2,8:17,1697,1,0,,,231,23,,1,101,211,5,FALSE,Non quality on net,Default
20252026,Regular,328,4-25-2026,Ottawa,5,Toronto,6,shot,2,8:43,1723,1,0,,,69,171,,1,88,211,5,FALSE,Quality on net,Default
20252026,Regular,328,4-25-2026,Ottawa,5,Toronto,6,shot,2,8:48,1728,1,0,,,53,166,,1,240,211,5,FALSE,Quality on net,Default
20252026,Regular,328,4-25-2026,Ottawa,5,Toronto,6,shot,2,9:05,1745,1,0,,,376,93,,-1,67,222,6,FALSE,Non quality on net,Default
20252026,Regular,328,4-25-2026,Ottawa,5,Toronto,6,shot,2,12:12,1932,1,0,,,554,127,,-1,100,222,6,FALSE,Non quality on net,Default
20252026,Regular,328,4-25-2026,Ottawa,5,Toronto,6,shot,2,12:52,1972,1,0,,,498,124,,-1,100,222,6,FALSE,Quality on net,Default
20252026,Regular,328,4-25-2026,Ottawa,5,Toronto,6,shot,2,12:52,1972,1,0,,,546,130,,-1,100,222,6,FALSE,Quality on net,Default
20252026,Regular,328,4-25-2026,Ottawa,5,Toronto,6,shot,2,13:08,1988,1,0,,,567,129,,-1,65,222,6,FALSE,Non quality on net,Default
20252026,Regular,328,4-25-2026,Ottawa,5,Toronto,6,shot,2,13:53,2033,1,0,,,404,42,,-1,44,222,6,FALSE,Non quality on net,Default
20252026,Regular,328,4-25-2026,Ottawa,5,Toronto,6,shot,2,14:06,2046,1,0,,,579,98,,-1,63,222,6,FALSE,Non quality on net,Default
20252026,Regular,328,4-25-2026,Ottawa,5,Toronto,6,shot,2,14:23,2063,1,0,,,170,132,,1,38,211,5,FALSE,Non quality on net,Default
20252026,Regular,328,4-25-2026,Ottawa,5,Toronto,6,shot,2,14:44,2084,1,0,,,172,55,,1,38,211,5,FALSE,Non quality on net,Default
20252026,Regular,328,4-25-2026,Ottawa,5,Toronto,6,shot,2,15:37,2137,1,0,,,458,57,,-1,76,222,6,FALSE,Non quality on net,Default
20252026,Regular,328,4-25-2026,Ottawa,5,Toronto,6,shot,2,15:55,2155,1,0,,,65,159,,1,53,211,5,FALSE,Quality on net,Default
20252026,Regular,328,4-25-2026,Ottawa,5,Toronto,6,shot,2,16:05,2165,1,0,,,37,111,,1,53,211,5,FALSE,Non quality on net,Default
20252026,Regular,328,4-25-2026,Ottawa,5,Toronto,6,shot,2,16:18,2178,1,0,,,216,213,,1,71,211,5,FALSE,Non quality on net,Default
20252026,Regular,328,4-25-2026,Ottawa,5,Toronto,6,shot,2,16:44,2204,1,0,,,64,228,,1,71,211,5,FALSE,Non quality on net,Default
20252026,Regular,328,4-25-2026,Ottawa,5,Toronto,6,shot,2,16:53,2213,1,0,,,53,83,,1,289,211,5,FALSE,Non quality on net,Default
20252026,Regular,328,4-25-2026,Ottawa,5,Toronto,6,shot,2,17:18,2238,1,0,,,123,61,,-1,67,222,6,FALSE,Non quality on net,Default
20252026,Regular,328,4-25-2026,Ottawa,5,Toronto,6,shot,2,18:18,2298,1,0,,,451,185,,-1,86,222,6,FALSE,Non quality on net,Default
20252026,Regular,328,4-25-2026,Ottawa,5,Toronto,6,shot,2,18:49,2329,1,0,,,124,141,,1,115,211,5,FALSE,Quality on net,Default
20252026,Regular,328,4-25-2026,Ottawa,5,Toronto,6,shot,2,19:32,2372,1,0,,,519,183,,-1,67,222,6,FALSE,Quality on net,Default
20252026,Regular,328,4-25-2026,Ottawa,5,Toronto,6,shot,2,19:41,2381,1,0,,,535,160,,-1,67,222,6,FALSE,Quality on net,Default
20252026,Regular,328,4-25-2026,Ottawa,5,Toronto,6,shot,2,19:42,2382,1,0,,,438,42,,-1,63,222,6,FALSE,Non quality on net,Default
20252026,Regular,328,4-25-2026,Ottawa,5,Toronto,6,shot,2,19:55,2395,1,0,,,65,80,,1,72,211,5,FALSE,Non quality on net,Default
20252026,Regular,328,4-25-2026,Ottawa,5,Toronto,6,shot,3,0:55,2455,1,0,,,99,219,,1,58,211,5,FALSE,Quality on net,Default
20252026,Regular,328,4-25-2026,Ottawa,5,Toronto,6,shot,3,1:03,2463,1,0,,,40,179,,1,241,211,5,TRUE,Non quality goal,Default
20252026,Regular,328,4-25-2026,Ottawa,5,Toronto,6,shot,3,3:24,2604,2,0,,,473,81,,-2,244,222,6,FALSE,Quality on net,Default
20252026,Regular,328,4-25-2026,Ottawa,5,Toronto,6,shot,3,3:57,2637,2,0,,,559,172,,-2,317,222,6,FALSE,Non quality on net,Default
20252026,Regular,328,4-25-2026,Ottawa,5,Toronto,6,shot,3,4:04,2644,2,0,,,541,85,,-2,67,222,6,FALSE,Non quality on net,Default
20252026,Regular,328,4-25-2026,Ottawa,5,Toronto,6,shot,3,5:36,2736,2,0,,,78,147,,2,72,211,5,FALSE,Quality on net,Default
20252026,Regular,328,4-25-2026,Ottawa,5,Toronto,6,shot,3,6:55,2815,2,0,,,504,212,,-2,100,222,6,FALSE,Quality on net,Default
20252026,Regular,328,4-25-2026,Ottawa,5,Toronto,6,shot,3,7:53,2873,2,0,,,478,271,,-2,56,222,6,FALSE,Non quality on net,Default
20252026,Regular,328,4-25-2026,Ottawa,5,Toronto,6,shot,3,8:45,2925,2,0,,,360,273,,-2,200,222,6,FALSE,Non quality on net,Default
20252026,Regular,328,4-25-2026,Ottawa,5,Toronto,6,shot,3,11:42,3102,2,0,,,491,242,,-2,65,222,6,FALSE,Non quality on net,Default
20252026,Regular,328,4-25-2026,Ottawa,5,Toronto,6,shot,3,12:47,3167,2,0,,,484,80,,-2,56,222,6,FALSE,Quality on net,Default
20252026,Regular,328,4-25-2026,Ottawa,5,Toronto,6,shot,3,13:16,3196,2,0,,,547,92,,-2,316,222,6,FALSE,Non quality on net,Default
20252026,Regular,328,4-25-2026,Ottawa,5,Toronto,6,shot,3,13:33,3213,2,0,,,79,177,,2,241,211,5,FALSE,Quality on net,Default
20252026,Regular,328,4-25-2026,Ottawa,5,Toronto,6,shot,3,15:38,3338,2,0,,,194,63,,2,101,0,5,TRUE,Non quality goal,Default
20252026,Regular,328,4-25-2026,Ottawa,5,Toronto,6,shot,3,15:53,3353,3,0,,,237,270,,3,241,211,5,FALSE,Non quality on net,Default
20252026,Regular,328,4-25-2026,Ottawa,5,Toronto,6,shot,3,18:57,3537,3,0,,,439,246,,-3,44,222,6,FALSE,Non quality on net,Default
20252026,Regular,328,4-25-2026,Ottawa,5,Toronto,6,shot,3,19:35,3575,3,0,,,496,151,,-3,65,222,6,FALSE,Quality on net,Default
20252026,Regular,329,4-25-2026,Boston,1,New York,4,shot,1,0:39,39,0,0,,,468,219,,0,205,6,4,FALSE,Quality on net,Snap
20252026,Regular,329,4-25-2026,Boston,1,New York,4,shot,1,2:39,159,0,0,,,497,195,,0,249,6,4,FALSE,Quality on net,Wrist
20252026,Regular,329,4-25-2026,Boston,1,New York,4,shot,1,4:16,256,0,0,,,510,191,,0,205,6,4,FALSE,Quality on net,Wrist
20252026,Regular,329,4-25-2026,Boston,1,New York,4,shot,1,5:26,326,0,0,,,393,228,,0,47,6,4,FALSE,Non quality on net,Default
20252026,Regular,329,4-25-2026,Boston,1,New York,4,shot,1,5:28,328,0,0,,,529,144,,0,30,6,4,FALSE,Quality on net,Default
20252026,Regular,329,4-25-2026,Boston,1,New York,4,shot,1,6:57,417,0,0,,,311,30,,0,204,6,4,FALSE,Non quality on net,Default
20252026,Regular,329,4-25-2026,Boston,1,New York,4,shot,1,8:04,484,0,0,,,484,109,,0,104,6,4,FALSE,Quality on net,Snap
20252026,Regular,329,4-25-2026,Boston,1,New York,4,shot,1,8:43,523,0,0,,,337,157,,0,285,6,4,FALSE,Non quality on net,Default
20252026,Regular,329,4-25-2026,Boston,1,New York,4,shot,1,11:36,696,0,0,,,67,87,,0,259,282,1,FALSE,Non quality on net,Wrist
20252026,Regular,329,4-25-2026,Boston,1,New York,4,shot,1,12:50,770,0,0,,,477,226,,0,230,6,4,FALSE,Quality on net,Snap
20252026,Regular,329,4-25-2026,Boston,1,New York,4,shot,1,13:09,789,0,0,,,481,187,,0,249,6,4,FALSE,Quality on net,Snap
20252026,Regular,329,4-25-2026,Boston,1,New York,4,shot,1,14:18,858,0,0,,,489,139,,0,249,6,4,FALSE,Quality on net,Wrist
20252026,Regular,329,4-25-2026,Boston,1,New York,4,shot,1,14:42,882,0,0,,,453,249,,0,230,6,4,FALSE,Non quality on net,Wrist
20252026,Regular,329,4-25-2026,Boston,1,New York,4,shot,1,18:37,1117,0,0,,,321,249,,0,230,6,4,FALSE,Non quality on net,Wrist
20252026,Regular,329,4-25-2026,Boston,1,New York,4,shot,1,19:18,1158,0,0,,,481,64,,0,104,6,4,FALSE,Non quality on net,Snap
20252026,Regular,329,4-25-2026,Boston,1,New York,4,shot,1,19:28,1168,0,0,,,410,165,,0,229,6,4,FALSE,Non quality on net,Snap
20252026,Regular,329,4-25-2026,Boston,1,New York,4,shot,1,19:35,1175,0,0,,,449,69,,0,229,6,4,FALSE,Non quality on net,Default
20252026,Regular,329,4-25-2026,Boston,1,New York,4,shot,2,1:23,1283,0,0,,,546,103,,0,40,6,4,FALSE,Non quality on net,Wrist
20252026,Regular,329,4-25-2026,Boston,1,New York,4,shot,2,3:17,1397,0,0,,,82,189,,0,16,282,1,FALSE,Quality on net,Default
20252026,Regular,329,4-25-2026,Boston,1,New York,4,shot,2,3:39,1419,0,0,,,116,69,,0,246,282,1,FALSE,Non quality on net,Wrist
20252026,Regular,329,4-25-2026,Boston,1,New York,4,shot,2,4:22,1462,0,0,,,447,53,,0,285,6,4,FALSE,Non quality on net,Wrist
20252026,Regular,329,4-25-2026,Boston,1,New York,4,shot,2,5:42,1542,0,0,,,513,188,,0,40,6,4,FALSE,Quality on net,Wrist
20252026,Regular,329,4-25-2026,Boston,1,New York,4,shot,2,8:41,1721,0,0,,,508,129,,0,285,6,4,FALSE,Quality on net,Default
20252026,Regular,329,4-25-2026,Boston,1,New York,4,shot,2,8:45,1725,0,0,,,514,171,,0,280,6,4,FALSE,Quality on net,Default
20252026,Regular,329,4-25-2026,Boston,1,New York,4,shot,2,11:42,1902,0,0,,,106,181,,0,78,282,1,FALSE,Quality on net,Tip
20252026,Regular,329,4-25-2026,Boston,1,New York,4,shot,2,12:42,1962,0,0,,,274,47,,0,259,282,1,FALSE,Non quality on net,Default
20252026,Regular,329,4-25-2026,Boston,1,New York,4,shot,2,13:00,1980,0,0,,,483,255,,0,47,6,4,FALSE,Non quality on net,Wrist
20252026,Regular,329,4-25-2026,Boston,1,New York,4,shot,2,13:02,1982,0,0,,,529,153,,0,280,6,4,FALSE,Quality on net,Default
20252026,Regular,329,4-25-2026,Boston,1,New York,4,shot,2,15:09,2109,0,0,,,43,173,,0,36,282,1,FALSE,Non quality on net,Default
20252026,Regular,329,4-25-2026,Boston,1,New York,4,shot,2,16:15,2175,0,0,,,421,213,,0,283,6,4,FALSE,Non quality on net,Wrist
20252026,Regular,329,4-25-2026,Boston,1,New York,4,shot,2,17:08,2228,0,0,,,142,148,,0,15,282,1,FALSE,Quality on net,Snap
20252026,Regular,329,4-25-2026,Boston,1,New York,4,shot,2,19:40,2380,0,0,,,114,21,,0,246,282,1,FALSE,Non quality on net,Wrist
20252026,Regular,329,4-25-2026,Boston,1,New York,4,shot,3,0:33,2433,0,0,,,58,156,,0,78,282,1,FALSE,Quality on net,Default
20252026,Regular,329,4-25-2026,Boston,1,New York,4,shot,3,2:13,2533,0,0,,,93,199,,0,78,282,1,FALSE,Quality on net,Wrist
20252026,Regular,329,4-25-2026,Boston,1,New York,4,shot,3,2:53,2573,0,0,,,69,167,,0,36,282,1,TRUE,Quality goal,Tip
20252026,Regular,329,4-25-2026,Boston,1,New York,4,shot,3,3:16,2596,1,0,,,55,167,,1,16,282,1,FALSE,Quality on net,Backhand
20252026,Regular,329,4-25-2026,Boston,1,New York,4,shot,3,3:43,2623,1,0,,,68,125,,1,15,282,1,FALSE,Quality on net,Default
20252026,Regular,329,4-25-2026,Boston,1,New York,4,shot,3,4:29,2669,1,0,,,471,155,,-1,205,6,4,FALSE,Quality on net,Snap
20252026,Regular,329,4-25-2026,Boston,1,New York,4,shot,3,4:42,2682,1,0,,,87,138,,1,97,282,1,FALSE,Quality on net,Wrist
20252026,Regular,329,4-25-2026,Boston,1,New York,4,shot,3,5:32,2732,1,0,,,512,197,,-1,87,6,4,FALSE,Quality on net,Wrist
20252026,Regular,329,4-25-2026,Boston,1,New York,4,shot,3,6:07,2767,1,0,,,182,149,,1,12,282,1,FALSE,Non quality on net,Slap
20252026,Regular,329,4-25-2026,Boston,1,New York,4,shot,3,7:28,2848,1,0,,,123,172,,1,243,282,1,TRUE,Quality goal,Default
20252026,Regular,329,4-25-2026,Boston,1,New York,4,shot,3,7:51,2871,2,0,,,515,150,,-2,230,6,4,FALSE,Quality on net,Default
20252026,Regular,329,4-25-2026,Boston,1,New York,4,shot,3,10:00,3000,2,0,,,98,99,,2,16,282,1,FALSE,Quality on net,Default
20252026,Regular,329,4-25-2026,Boston,1,New York,4,shot,3,10:01,3001,2,0,,,100,111,,2,16,282,1,FALSE,Quality on net,Default
20252026,Regular,329,4-25-2026,Boston,1,New York,4,shot,3,11:29,3089,2,0,,,87,148,,2,36,282,1,FALSE,Quality on net,Tip
20252026,Regular,329,4-25-2026,Boston,1,New York,4,shot,3,12:56,3176,2,0,,,59,182,,2,16,282,1,FALSE,Quality on net,Snap
20252026,Regular,329,4-25-2026,Boston,1,New York,4,shot,3,13:07,3187,2,0,,,69,173,,2,259,282,1,FALSE,Quality on net,Default
20252026,Regular,329,4-25-2026,Boston,1,New York,4,shot,3,13:43,3223,2,0,,,198,179,,2,246,282,1,TRUE,Non quality goal,Default
20252026,Regular,329,4-25-2026,Boston,1,New York,4,shot,3,14:56,3296,3,0,,,152,233,,3,149,0,1,TRUE,Non quality goal,Snap
20252026,Regular,329,4-25-2026,Boston,1,New York,4,shot,3,16:02,3362,4,0,,,86,160,,4,78,282,1,FALSE,Quality on net,Default
20252026,Regular,329,4-25-2026,Boston,1,New York,4,shot,3,16:37,3397,4,0,,,524,164,,-4,104,6,4,FALSE,Quality on net,Tip
20252026,Regular,329,4-25-2026,Boston,1,New York,4,shot,3,17:58,3478,4,0,,,437,250,,-4,249,6,4,FALSE,Non quality on net,Default
20252026,Regular,329,4-25-2026,Boston,1,New York,4,shot,3,18:01,3481,4,0,,,465,177,,-4,116,6,4,FALSE,Quality on net,Snap
